id,name,genres,rating,rating_count,release_year,initial_platform_count_30d,initial_platform_group,rating_count_log
2004,Torment: Tides of Numenera,Adventure|Indie|Role-playing (RPG)|Strategy|Turn-based strategy (TBS),76.40079502365313,65,2017,5,multi,4.189654742026425
3238,Castle Story,Indie|Real Time Strategy (RTS)|Simulator|Strategy,50.8417530374108,9,2017,2,multi,2.302585092994046
5602,Overgrowth,Adventure|Fighting|Hack and slash/Beat 'em up|Indie|Tactical,51.56655356712359,18,2017,3,multi,2.9444389791664403
5605,Hover: Revolt of Gamers,Adventure|Arcade|Indie|Platform|Racing,67.47256718493796,8,2017,3,multi,2.1972245773362196
6705,A Hat in Time,Adventure|Indie|Platform,82.49649813203659,242,2017,2,multi,5.493061443340548
6730,The Crow's Eye,Adventure|Indie|Puzzle,70.0,2,2017,1,single,1.0986122886681098
6732,Rise & Shine,Adventure|Arcade|Indie|Platform|Puzzle|Shooter,72.88577466426997,25,2017,2,multi,3.258096538021482
7336,Dreadnought,Shooter|Simulator,70.74581456558295,5,2017,1,single,1.791759469228055
7346,The Legend of Zelda: Breath of the Wild,Adventure|Puzzle,92.46380226131546,2936,2017,2,multi,7.98514393119862
7349,Mass Effect: Andromeda,Adventure|Role-playing (RPG)|Shooter,70.37010400385012,531,2017,3,multi,6.2766434893416445
7350,Get Even,Adventure|Shooter,69.87624875700345,39,2017,3,multi,3.6888794541139363
7603,Hellblade: Senua's Sacrifice,Adventure|Hack and slash/Beat 'em up|Indie|Simulator,84.17234529044879,1074,2017,2,multi,6.980075940561763
7621,RiME,Adventure|Indie|Platform|Puzzle,76.24170885994958,234,2017,3,multi,5.459585514144159
7818,Skyforge,Adventure|Hack and slash/Beat 'em up|Role-playing (RPG),59.69168993699836,25,2017,2,multi,3.258096538021482
7871,Robocraft,Indie|Role-playing (RPG)|Shooter|Simulator,67.39572261384383,37,2017,3,multi,3.6375861597263857
7878,Unturned,Adventure|Indie|Shooter,66.48490926697961,178,2017,3,multi,5.187385805840755
8259,Tacoma,Adventure|Indie,70.62628104205098,124,2017,4,multi,4.8283137373023015
8347,The Long Dark,Adventure|Indie|Shooter|Simulator|Strategy,76.23010084511529,196,2017,5,multi,5.2832037287379885
8651,Aztez,Fighting|Hack and slash/Beat 'em up|Indie|Strategy|Turn-based strategy (TBS),64.99429202265405,7,2017,3,multi,2.0794415416798357
9061,Cuphead,Adventure|Arcade|Indie|Platform|Shooter,84.84704385286545,905,2017,2,multi,6.80903930604298
9062,Strafe,Arcade|Indie|Shooter,59.21100683440456,13,2017,4,multi,2.6390573296152584
9075,Reflex Arena,Indie|Shooter,80.0,3,2017,1,single,1.3862943611198906
9136,Gorogoa,Adventure|Indie|Point-and-click|Puzzle,78.39366784906606,171,2017,4,multi,5.147494476813453
9174,Little Nightmares,Adventure|Indie|Platform|Puzzle,80.88831818125928,724,2017,3,multi,6.586171654854675
9637,Orcs Must Die! Unchained,Indie|Real Time Strategy (RTS)|Strategy|Tactical,73.74738427883506,20,2017,1,single,3.044522437723423
9674,Star Fox 2,Platform|Real Time Strategy (RTS)|Shooter|Strategy,69.79056048209917,26,2017,2,multi,3.295836866004329
10031,Yooka-Laylee,Adventure|Indie|Platform,66.95988984137338,106,2017,5,multi,4.672828834461906
10148,Night in the Woods,Adventure|Indie|Platform,81.71429918442308,308,2017,4,multi,5.733341276897746
10160,Heat Signature,Adventure|Indie|Simulator|Strategy,77.86449205171925,23,2017,1,single,3.1780538303479458
10232,Thimbleweed Park,Adventure|Indie|Point-and-click|Puzzle,80.12076903299368,130,2017,4,multi,4.875197323201151
10233,Brawlhalla,Arcade|Fighting|Indie|Platform,65.81877404307592,288,2017,3,multi,5.666426688112432
10239,Ark: Survival Evolved,Adventure|Indie|Role-playing (RPG)|Shooter|Simulator,67.67628320343,259,2017,5,multi,5.560681631015528
10243,Blitzkrieg 3,Real Time Strategy (RTS)|Strategy|Tactical,50.0,3,2017,2,multi,1.3862943611198906
10403,Raid: World War II,Adventure|Role-playing (RPG)|Shooter,50.0,4,2017,3,multi,1.6094379124341003
10501,Expeditions: Viking,Indie|Role-playing (RPG)|Strategy|Tactical|Turn-based strategy (TBS),70.27443007327602,10,2017,1,single,2.3978952727983707
10681,Alwa's Awakening,Adventure|Indie|Platform,76.51914730762608,14,2017,3,multi,2.70805020110221
10910,LEGO Worlds,Adventure|Puzzle,70.3713279345183,57,2017,3,multi,4.060443010546419
10964,Sniper: Ghost Warrior 3,Shooter|Tactical,54.12823806178524,58,2017,3,multi,4.07753744390572
11049,Crawl,Arcade|Hack and slash/Beat 'em up|Indie|Role-playing (RPG),65.88378029610035,44,2017,5,multi,3.8066624897703196
11070,Perception,Adventure|Indie,64.77626654499666,12,2017,3,multi,2.5649493574615367
11076,Drawn to Death,Hack and slash/Beat 'em up|Shooter,58.4421437333481,17,2017,1,single,2.8903717578961645
11120,The Elder Scrolls: Legends,Card & Board Game|Strategy|Turn-based strategy (TBS),70.19985541598723,45,2017,2,multi,3.828641396489095
11134,Gigantic,Real Time Strategy (RTS)|Strategy,70.02829491637527,15,2017,2,multi,2.772588722239781
11156,Horizon Zero Dawn,Adventure|Role-playing (RPG)|Shooter,87.4182014888855,2414,2017,1,single,7.789454566086673
11161,South Park: The Fractured But Whole,Adventure|Role-playing (RPG)|Strategy,79.46007716161927,343,2017,3,multi,5.840641657373398
11162,For Honor,Fighting|Hack and slash/Beat 'em up,71.20589227257271,266,2017,3,multi,5.58724865840025
11171,Tom Clancy's Ghost Recon: Wildlands,Adventure|Shooter|Tactical,72.55029084409676,278,2017,3,multi,5.631211781821365
11177,Gang Beasts,Fighting|Indie,72.94122044778943,154,2017,5,multi,5.043425116919247
11208,NieR: Automata,Hack and slash/Beat 'em up|Role-playing (RPG),89.7847023515123,1540,2017,2,multi,7.340186835320115
11233,What Remains of Edith Finch,Adventure|Indie|Puzzle,83.51541564936163,980,2017,2,multi,6.8885724595653635
11250,Shift Happens,Indie|Platform|Puzzle,65.220677632624,9,2017,3,multi,2.302585092994046
11364,"Warhammer 40,000: Inquisitor - Martyr",Adventure|Indie|Role-playing (RPG),60.9481052876433,21,2017,1,single,3.091042453358316
11544,Paladins,Shooter|Strategy,71.20087432283634,276,2017,2,multi,5.6240175061873385
11550,Endless Space 2,Strategy|Turn-based strategy (TBS),82.23240936194483,55,2017,2,multi,4.02535169073515
11560,AER: Memories of Old,Adventure|Indie|Puzzle,62.70917894208647,72,2017,5,multi,4.290459441148391
11567,Elex,Adventure|Role-playing (RPG),70.43464483622098,102,2017,3,multi,4.634728988229636
11570,Halo Wars 2,Real Time Strategy (RTS)|Strategy,75.88612990079453,56,2017,2,multi,4.04305126783455
11590,The Surge,Adventure|Role-playing (RPG),71.28946027671239,106,2017,3,multi,4.672828834461906
11602,Road Redemption,Adventure|Arcade|Indie|Racing|Simulator,65.04963306626726,28,2017,3,multi,3.367295829986474
11631,Hiveswap: Act 1,Adventure|Indie|Point-and-click|Puzzle|Role-playing (RPG),98.11291492705027,22,2017,3,multi,3.1354942159291497
11633,Sky Rogue,Arcade|Indie|Shooter|Simulator,80.0,4,2017,3,multi,1.6094379124341003
11667,Dragon Quest XI: Echoes of an Elusive Age,Adventure|Role-playing (RPG)|Turn-based strategy (TBS),84.79750744399331,135,2017,1,single,4.912654885736052
11797,LawBreakers,Shooter|Sport,61.69388179422418,10,2017,2,multi,2.3978952727983707
11800,Divinity: Original Sin II,Adventure|Role-playing (RPG)|Strategy,87.71907932870238,456,2017,2,multi,6.124683390894205
12206,Inner Chains,Adventure|Shooter,49.44203509182519,6,2017,1,single,1.9459101490553132
12511,Battle Chasers: Nightwar,Indie|Role-playing (RPG)|Strategy|Turn-based strategy (TBS),78.68728087875864,58,2017,4,multi,4.07753744390572
12519,Tooth and Tail,Arcade|Indie|Real Time Strategy (RTS)|Strategy,88.31910243209138,23,2017,4,multi,3.1780538303479458
12523,Faeria,Adventure|Card & Board Game|Indie|Puzzle|Role-playing (RPG)|Strategy|Tactical|Turn-based strategy (TBS),78.13421862979675,24,2017,4,multi,3.2188758248682006
12528,Gravity Rush 2,Adventure|Platform,75.15658362896296,85,2017,1,single,4.454347296253507
12571,Nioh,Adventure|Hack and slash/Beat 'em up|Role-playing (RPG),79.43441251390598,186,2017,1,single,5.231108616854587
12579,Danganronpa V3: Killing Harmony,Adventure|Point-and-click|Visual Novel,88.90804469842543,205,2017,2,multi,5.327876168789581
13163,Syberia 3,Adventure|Point-and-click|Puzzle,65.57758832032826,58,2017,4,multi,4.07753744390572
13365,Cryptark,Adventure|Indie|Shooter|Strategy,79.53128377137477,9,2017,4,multi,2.302585092994046
13554,Styx: Shards of Darkness,Adventure|Role-playing (RPG),73.86403424637754,39,2017,3,multi,3.6888794541139363
13619,Press X to Not Die,Adventure|Indie,50.23353713541145,6,2017,3,multi,1.9459101490553132
14172,Everspace,Fighting|Indie|Shooter|Simulator,72.10617235476987,40,2017,5,multi,3.713572066704308
14206,Blackwake,Indie|Shooter|Simulator|Strategy,50.77857680111363,19,2017,3,multi,2.995732273553991
14363,Gran Turismo Sport,Racing|Simulator|Sport,74.2648055474807,104,2017,2,multi,4.653960350157523
14364,Matterfall,Arcade|Shooter,73.60136967755051,12,2017,1,single,2.5649493574615367
14389,Friday the 13th: The Game,Indie,66.48058210771072,98,2017,3,multi,4.59511985013459
14390,Outlast II,Adventure|Indie,70.20371876162923,242,2017,4,multi,5.493061443340548
14394,Battle Brothers,Adventure|Indie|Role-playing (RPG)|Simulator|Strategy|Tactical|Turn-based strategy (TBS),78.9971055015744,66,2017,1,single,4.204692619390966
14404,Kona,Adventure|Indie|Puzzle,72.37236505079247,62,2017,6,multi,4.143134726391533
14412,Vector 36,Indie|Racing|Simulator,60.0,1,2017,3,multi,0.6931471805599453
14593,Hollow Knight,Adventure|Indie|Platform,91.77437829736122,2199,2017,2,multi,7.696212639346407
14761,Rain World,Adventure|Indie|Platform,75.49884403309478,84,2017,2,multi,4.442651256490317
14763,Hob,Adventure|Indie|Platform|Puzzle,80.27647532717424,69,2017,2,multi,4.248495242049359
15490,Shiness: The Lightning Kingdom,Adventure|Fighting|Indie|Role-playing (RPG),80.0,2,2017,3,multi,1.0986122886681098
15572,Psychonauts in the Rhombus of Ruin,Adventure|Indie|Puzzle,70.0226220177413,10,2017,1,single,2.3978952727983707
15911,The Journey Down: Chapter Three,Adventure|Indie|Point-and-click|Puzzle,75.93151045993912,10,2017,4,multi,2.3978952727983707
16287,Slime Rancher,Adventure|Indie|Shooter|Simulator|Strategy,74.96385305810512,243,2017,2,multi,5.497168225293202
16468,Wild Terra,Adventure|Indie|Role-playing (RPG),50.0,2,2017,4,multi,1.0986122886681098
16682,Space Pirates and Zombies 2,Adventure|Indie|Role-playing (RPG)|Simulator|Strategy,80.0,2,2017,3,multi,1.0986122886681098
16991,Detached,Adventure|Indie|Simulator,80.0,2,2017,1,single,1.0986122886681098
17032,Darkwood,Adventure|Indie|Role-playing (RPG)|Strategy,83.38510836090865,81,2017,3,multi,4.406719247264253
17112,Creativerse,Adventure|Indie|Role-playing (RPG)|Simulator,65.12177165125885,19,2017,2,multi,2.995732273553991
17252,The Culling,Indie|Shooter,34.92050534877848,7,2017,3,multi,2.0794415416798357
17555,Black the Fall,Adventure|Indie|Platform|Puzzle,70.42444093471295,26,2017,3,multi,3.295836866004329
17583,SpellForce 3,Real Time Strategy (RTS)|Role-playing (RPG)|Strategy,68.06904584562051,23,2017,1,single,3.1780538303479458
17828,20XX,Adventure|Arcade|Indie|Platform|Shooter,70.20078137575109,29,2017,1,single,3.4011973816621555
17835,Drifting Lands,Indie|Role-playing (RPG)|Shooter,60.0,3,2017,2,multi,1.3862943611198906
17836,Worlds Adrift,Adventure|Indie|Role-playing (RPG),60.0,2,2017,1,single,1.0986122886681098
18147,Mirage: Arcane Warfare,Hack and slash/Beat 'em up|Indie,50.0,3,2017,1,single,1.3862943611198906
18166,Rising Storm 2: Vietnam,Indie|Shooter|Simulator|Strategy,70.19903375499706,38,2017,1,single,3.6635616461296463
18167,Hello Neighbor,Adventure|Indie|Puzzle|Role-playing (RPG)|Strategy,46.31438523721646,101,2017,2,multi,4.624972813284271
18194,Induction,Indie|Puzzle,70.0,3,2017,3,multi,1.3862943611198906
18302,A House of Many Doors,Adventure|Indie|Role-playing (RPG),80.0,2,2017,2,multi,1.0986122886681098
18339,Block'hood,Indie|Puzzle|Simulator|Strategy,60.0,3,2017,3,multi,1.3862943611198906
18366,Sniper Elite 4,Adventure|Shooter|Tactical,73.75659639848566,193,2017,3,multi,5.267858159063328
18425,Urban Empire,Simulator|Strategy,59.42885874895656,13,2017,1,single,2.6390573296152584
18637,Aaero,Indie|Music|Shooter,69.7912872150823,9,2017,3,multi,2.302585092994046
18645,Hand of Fate 2,Adventure|Card & Board Game|Hack and slash/Beat 'em up|Indie|Role-playing (RPG)|Turn-based strategy (TBS),70.06915714555169,30,2017,5,multi,3.4339872044851463
18690,Shadowhand,Adventure|Card & Board Game|Indie|Role-playing (RPG)|Strategy|Turn-based strategy (TBS),69.73816599851592,5,2017,2,multi,1.791759469228055
18751,The Frostrune,Adventure|Point-and-click|Puzzle,79.72210119288378,12,2017,2,multi,2.5649493574615367
18822,Pyre,Adventure|Indie|Role-playing (RPG)|Visual Novel,81.54467080698241,130,2017,4,multi,4.875197323201151
18857,Ruiner,Adventure|Indie|Shooter|Strategy,77.46002052673917,123,2017,5,multi,4.820281565605037
18860,Beat Cop,Adventure|Indie|Point-and-click|Puzzle|Simulator,65.08821200823229,35,2017,3,multi,3.58351893845611
18869,Mages of Mystralia,Adventure|Indie,75.90179101040127,17,2017,1,single,2.8903717578961645
18908,Seven: The Days Long Gone,Adventure|Indie|Role-playing (RPG),66.83905961058984,11,2017,1,single,2.4849066497880004
18930,Tokyo 42,Adventure|Indie|Shooter,60.11188018378185,7,2017,2,multi,2.0794415416798357
18932,In the Shadows,Adventure|Arcade|Indie|Platform|Puzzle,70.0,1,2017,3,multi,0.6931471805599453
18966,Husk,Adventure|Indie,50.0,2,2017,1,single,1.0986122886681098
18972,Thunderbird: The Legend Begins,Adventure|Indie,50.0,1,2017,1,single,0.6931471805599453
18976,Iron Marines,Indie|Real Time Strategy (RTS)|Strategy,68.49433755800123,9,2017,2,multi,2.302585092994046
18980,"Warhammer 40,000: Dawn of War III",Real Time Strategy (RTS)|Simulator|Strategy,64.73539664812476,35,2017,3,multi,3.58351893845611
19011,Raiders of the Broken Planet,Adventure|Indie|Shooter|Strategy,50.0,1,2017,3,multi,0.6931471805599453
19168,Narcosis,Adventure|Indie,69.8713032007977,15,2017,2,multi,2.772588722239781
19220,Snake Pass,Adventure|Arcade|Indie|Platform|Puzzle|Simulator,73.41431023229192,58,2017,4,multi,4.07753744390572
19297,Ken Follett's The Pillars of the Earth,Adventure|Indie|Point-and-click|Puzzle|Visual Novel,81.33728386865458,47,2017,5,multi,3.871201010907891
19301,The Long Journey Home,Adventure|Indie|Role-playing (RPG)|Simulator|Strategy,58.21354574021789,13,2017,1,single,2.6390573296152584
19333,Absolver,Adventure|Fighting|Indie|Role-playing (RPG),61.92779047374047,49,2017,2,multi,3.912023005428146
19394,Blackwood Crossing,Adventure|Indie,88.77062515192722,26,2017,3,multi,3.295836866004329
19404,Eador: Imperium,Indie|Role-playing (RPG)|Strategy,65.55872443277454,5,2017,1,single,1.791759469228055
19407,Rock of Ages 2: Bigger & Boulder,Indie|Racing|Simulator|Strategy,56.11734832265921,27,2017,3,multi,3.332204510175204
19440,Agents of Mayhem,Adventure|Shooter,65.88362194521933,38,2017,3,multi,3.6635616461296463
19448,Echo,Adventure|Indie|Role-playing (RPG)|Shooter,67.87176444833223,28,2017,2,multi,3.367295829986474
19450,Serial Cleaner,Adventure|Indie|Puzzle|Role-playing (RPG)|Simulator,69.21062757387779,34,2017,5,multi,3.5553480614894135
19470,Injustice 2,Fighting,80.93118102717126,247,2017,2,multi,5.5134287461649825
19519,Star Trek: Bridge Crew,Adventure|Role-playing (RPG)|Simulator,80.0,3,2017,6,multi,1.3862943611198906
19531,Prey,Adventure|Puzzle|Role-playing (RPG)|Shooter,80.5608339839739,690,2017,3,multi,6.53813982376767
19544,Killing Floor: Incursion,Hack and slash/Beat 'em up|Shooter,50.0,3,2017,4,multi,1.3862943611198906
19545,Observer,Adventure|Indie,75.58184245932875,162,2017,3,multi,5.093750200806762
19549,Day of Infamy,Indie|Shooter|Strategy|Tactical,70.97236911134668,14,2017,3,multi,2.70805020110221
19562,Resident Evil 7: Biohazard,Adventure|Puzzle|Shooter,84.15091309607996,1068,2017,4,multi,6.974478911025045
19567,Twin Saga,Role-playing (RPG),58.89728287359884,5,2017,1,single,1.791759469228055
19570,Roots of Insanity,Adventure|Indie,50.0,3,2017,1,single,1.3862943611198906
19575,Farpoint,Adventure|Shooter,70.3233138512234,11,2017,1,single,2.4849066497880004
19596,Ever Oasis,Adventure|Puzzle|Role-playing (RPG),57.79947511910326,16,2017,1,single,2.833213344056216
19604,Fictorum,Adventure|Indie|Role-playing (RPG),50.0,4,2017,1,single,1.6094379124341003
19698,Albion Online,Role-playing (RPG),77.93006718610263,142,2017,3,multi,4.962844630259907
19729,Mr. Shifty,Adventure|Fighting|Hack and slash/Beat 'em up|Indie|Puzzle|Shooter,88.82072397458302,20,2017,4,multi,3.044522437723423
19862,Ellipsis,Arcade|Indie|Puzzle,70.0,2,2017,3,multi,1.0986122886681098
20329,Figment,Adventure|Indie|Music|Platform|Puzzle,79.28078548001753,70,2017,3,multi,4.2626798770413155
20330,Flinthook,Adventure|Arcade|Indie|Platform|Shooter,79.75805822061828,13,2017,5,multi,2.6390573296152584
20392,Portal Knights,Adventure|Indie|Role-playing (RPG),67.98040118799163,35,2017,3,multi,3.58351893845611
20404,Gibz,Adventure|Arcade|Indie|Shooter,60.0,3,2017,1,single,1.3862943611198906
20454,Pinstripe,Adventure|Indie|Platform|Puzzle,72.41662083062299,41,2017,3,multi,3.7376696182833684
20459,Rick and Morty: Virtual Rick-ality,Adventure|Indie|Puzzle|Simulator,62.25549569603792,16,2017,3,multi,2.833213344056216
20909,The First Tree,Adventure|Indie|Platform|Simulator,68.26240147164764,59,2017,2,multi,4.0943445622221
20918,Desync,Indie|Shooter,80.38129453878292,5,2017,1,single,1.791759469228055
20927,911 Operator,Indie|Simulator|Strategy,70.08581790493449,64,2017,3,multi,4.174387269895637
21062,Sonic Mania,Adventure|Platform,83.36879539811096,321,2017,4,multi,5.7745515455444085
21063,Sonic Forces,Platform,55.45963203827895,107,2017,4,multi,4.68213122712422
21429,Vikings: Wolves of Midgard,Hack and slash/Beat 'em up|Role-playing (RPG),67.85242746042036,20,2017,5,multi,3.044522437723423
21604,Old Man's Journey,Adventure|Indie|Puzzle,68.32775423480118,96,2017,4,multi,4.574710978503383
21646,Rivals of Aether,Fighting|Indie|Platform,73.01551796090286,40,2017,2,multi,3.713572066704308
21793,Home Sweet Home,Adventure|Indie|Puzzle|Simulator,70.0093555864666,11,2017,1,single,2.4849066497880004
22023,Majotori,Adventure|Arcade|Indie|Puzzle|Quiz/Trivia,72.7625949398639,17,2017,5,multi,2.8903717578961645
22039,The Signal From Tölva,Adventure|Indie|Shooter,60.0,2,2017,3,multi,1.0986122886681098
22366,Bucket Detective,Adventure|Indie,65.23006738561416,5,2017,2,multi,1.791759469228055
22399,Sudden Strike 4,Real Time Strategy (RTS)|Simulator|Strategy,65.10425328274135,5,2017,4,multi,1.791759469228055
22752,Giga Wrecker,Adventure|Platform|Puzzle,80.0,1,2017,1,single,0.6931471805599453
22783,The Sexy Brutale,Adventure|Indie|Puzzle,75.75367977656214,54,2017,3,multi,4.007333185232471
22818,The Wardrobe,Adventure|Indie|Point-and-click,77.99529292672909,9,2017,3,multi,2.302585092994046
23188,Immortal Redneck,Arcade|Indie|Shooter,55.06592901885226,19,2017,3,multi,2.995732273553991
23193,Battlerite,Fighting|Hack and slash/Beat 'em up|MOBA|Real Time Strategy (RTS)|Strategy,78.27793154919661,95,2017,1,single,4.564348191467836
23212,Aven Colony,Indie|Simulator|Strategy,63.25808510042353,30,2017,3,multi,3.4339872044851463
23236,"Cook, Serve, Delicious! 2!!",Indie|Simulator|Strategy,74.46941373034151,23,2017,3,multi,3.1780538303479458
23330,Nine Parchments,Role-playing (RPG),73.82262605093322,14,2017,3,multi,2.70805020110221
23345,Life is Feudal: Forest Village,Indie|Simulator|Strategy,70.67187412431564,23,2017,1,single,3.1780538303479458
23501,88 Heroes,Arcade|Indie|Platform,90.0,3,2017,5,multi,1.3862943611198906
23504,Rezrog,Adventure|Indie|Role-playing (RPG)|Tactical,50.0,2,2017,3,multi,1.0986122886681098
23689,Battle Chef Brigade,Adventure|Hack and slash/Beat 'em up|Indie|Platform|Puzzle|Role-playing (RPG)|Simulator,74.80913449365002,20,2017,4,multi,3.044522437723423
23905,Starpoint Gemini Warlords,Indie|Real Time Strategy (RTS)|Role-playing (RPG)|Simulator|Strategy|Tactical,62.56987100881058,6,2017,1,single,1.9459101490553132
23924,Kick the Buddy,Adventure|Arcade,59.10237984497858,7,2017,1,single,2.0794415416798357
24105,Aporia: Beyond the Valley,Adventure|Indie|Puzzle,77.49480385490776,12,2017,1,single,2.5649493574615367
24280,Tokaido,Adventure|Indie|Strategy,70.0,1,2017,2,multi,0.6931471805599453
24400,Dissidia Final Fantasy Opera Omnia,Adventure|Fighting|Role-playing (RPG),66.57433691364463,8,2017,2,multi,2.1972245773362196
24428,Sundered,Adventure|Indie|Platform,79.5952875794878,25,2017,4,multi,3.258096538021482
24482,Nidhogg 2,Arcade|Fighting|Indie,69.76517086767552,28,2017,3,multi,3.367295829986474
24515,Deceit,Indie|Shooter|Tactical,50.48230819177556,43,2017,2,multi,3.784189633918261
24815,Cold Waters,Indie|Real Time Strategy (RTS)|Simulator|Strategy,80.0,1,2017,2,multi,0.6931471805599453
24856,Conarium,Adventure|Indie|Puzzle,65.56328339395222,44,2017,1,single,3.8066624897703196
24868,Polybius,Arcade,70.0,2,2017,2,multi,1.0986122886681098
24917,Lone Echo,Adventure,90.31585446769883,10,2017,3,multi,2.3978952727983707
24971,Seinarukana -The Spirit of Eternity Sword 2-,Role-playing (RPG)|Strategy,70.0,1,2017,1,single,0.6931471805599453
25136,X-Plane 11,Simulator,81.34742223337973,5,2017,3,multi,1.791759469228055
25210,Disc Jam,Arcade|Indie|Sport,73.42047089247079,27,2017,2,multi,3.332204510175204
25211,Emily Is Away Too,Adventure|Indie|Role-playing (RPG)|Simulator|Visual Novel,76.82926710479107,56,2017,3,multi,4.04305126783455
25213,Songbringer,Adventure|Indie|Role-playing (RPG),77.49887159308061,6,2017,5,multi,1.9459101490553132
25236,Framed 2,Point-and-click|Puzzle,70.15032212828982,9,2017,1,single,2.302585092994046
25264,The Infectious Madness of Doctor Dekker,Adventure|Indie|Point-and-click|Puzzle|Simulator,64.83107130757418,8,2017,3,multi,2.1972245773362196
25310,MLB The Show 17,Sport,79.99481621023887,7,2017,1,single,2.0794415416798357
25316,Towards the Pantheon,Adventure|Indie|Role-playing (RPG)|Strategy|Turn-based strategy (TBS),70.0,1,2017,3,multi,0.6931471805599453
25625,Archaica: The Path Of Light,Adventure|Card & Board Game|Indie|Puzzle|Strategy,70.0,2,2017,1,single,1.0986122886681098
25635,Need for Speed: Edge,Arcade|Racing,22.60993633000457,4,2017,1,single,1.6094379124341003
25636,Nights of Azure 2: Bride of the New Moon,Role-playing (RPG),86.75659154377217,8,2017,2,multi,2.1972245773362196
25646,Don't Knock Twice,Adventure|Indie|Puzzle,62.81598001194084,21,2017,3,multi,3.091042453358316
25650,Sword Art Online: Memory Defrag,Adventure|Role-playing (RPG),55.37634408602151,5,2017,1,single,1.791759469228055
25653,The Escapists 2,Adventure|Indie|Puzzle|Role-playing (RPG)|Simulator|Strategy|Tactical,67.94754675881387,84,2017,5,multi,4.442651256490317
25656,Senran Kagura: Peach Beach Splash,Shooter,60.10629406716439,10,2017,1,single,2.3978952727983707
25657,Destiny 2,Adventure|Role-playing (RPG)|Shooter,74.40768645862117,630,2017,2,multi,6.447305862541213
25661,The Shrouded Isle,Indie|Role-playing (RPG)|Simulator|Strategy,69.70614719884234,10,2017,2,multi,2.3978952727983707
25708,Blue Reflection,Role-playing (RPG),79.80143777314017,7,2017,2,multi,2.0794415416798357
25709,Seven Days,Adventure|Visual Novel,70.0,1,2017,1,single,0.6931471805599453
25803,Future Unfolding,Adventure|Indie|Puzzle,70.0,4,2017,2,multi,1.6094379124341003
25810,96 Mill,Adventure|Indie,70.0,1,2017,1,single,0.6931471805599453
25951,Ultimate General: Civil War,Indie|Real Time Strategy (RTS)|Simulator|Strategy|Tactical,84.30957892545777,5,2017,2,multi,1.791759469228055
26102,Gnog,Adventure|Indie|Music|Point-and-click|Puzzle,75.0747610067884,40,2017,2,multi,3.713572066704308
26145,Impact Winter,Adventure|Indie|Role-playing (RPG)|Simulator|Strategy,67.41393786733836,12,2017,1,single,2.5649493574615367
26165,Marvel's Guardians of the Galaxy: The Telltale Series,Adventure|Point-and-click|Role-playing (RPG),71.76940791115064,89,2017,6,multi,4.499809670330265
26180,Warriors All-Stars,Hack and slash/Beat 'em up,80.0,3,2017,2,multi,1.3862943611198906
26188,Behold the Kickmen,Arcade|Indie|Sport,80.0,3,2017,2,multi,1.3862943611198906
26194,Knack II,Adventure|Platform,64.76569830949762,24,2017,1,single,3.2188758248682006
26197,Marvel vs. Capcom: Infinite,Fighting,72.91495292579008,50,2017,3,multi,3.9318256327243257
26202,Nex Machina,Arcade|Indie|Shooter,80.1185071138706,29,2017,2,multi,3.4011973816621555
26239,The Franz Kafka Videogame,Adventure|Indie|Point-and-click|Puzzle,57.58639110199593,16,2017,1,single,2.833213344056216
26240,Balthazar's Dream,Adventure|Arcade|Indie|Platform|Puzzle,50.0,1,2017,3,multi,0.6931471805599453
26284,Evangeline,Adventure|Indie,50.0,1,2017,1,single,0.6931471805599453
26350,Bye-Bye Boxboy!,Platform|Puzzle,82.0,3,2017,1,single,1.3862943611198906
26363,Splasher,Arcade|Indie|Platform|Shooter,62.92703400819212,12,2017,3,multi,2.5649493574615367
26381,TheHunter: Call of the Wild,Adventure|Shooter|Simulator|Sport|Strategy,69.13700600618205,65,2017,1,single,4.189654742026425
26399,Memoranda,Adventure|Indie|Point-and-click|Puzzle,76.59659326963025,6,2017,3,multi,1.9459101490553132
26401,Star Wars Battlefront II,Adventure|Shooter,70.52820112002307,556,2017,3,multi,6.322565239927284
26402,Cyberdimension Neptunia: 4 Goddesses Online,Role-playing (RPG),82.63761770369003,5,2017,1,single,1.791759469228055
26449,Richie's Plank Experience,Adventure|Arcade|Indie|Simulator,80.0,1,2017,1,single,0.6931471805599453
26451,Robo Recall,Arcade|Shooter,89.242616433541,10,2017,3,multi,2.3978952727983707
26498,Kami 2,Puzzle|Strategy,69.98007773442492,5,2017,2,multi,1.791759469228055
26503,Troll and I,Adventure|Role-playing (RPG),60.0,3,2017,3,multi,1.3862943611198906
26523,Surf World Series,Arcade|Sport,60.0,2,2017,3,multi,1.0986122886681098
26564,The Legend of Heroes: Trails of Cold Steel III,Adventure|Role-playing (RPG)|Strategy|Turn-based strategy (TBS),85.8502041081398,23,2017,1,single,3.1780538303479458
26611,Birthdays the Beginning,Simulator|Strategy,50.0,4,2017,1,single,1.6094379124341003
26621,Double Dragon IV,Fighting|Hack and slash/Beat 'em up,68.089007634039,10,2017,2,multi,2.3978952727983707
26624,Spirit Hunter: Death Mark,Adventure|Visual Novel,70.09239578825947,16,2017,1,single,2.833213344056216
26651,Kingdoms and Castles,Indie|Simulator|Strategy,69.89419031444383,23,2017,3,multi,3.1780538303479458
26676,Kingdom Hearts 0.2: Birth by Sleep - A Fragmentary Passage,Hack and slash/Beat 'em up|Role-playing (RPG),78.12307815210735,42,2017,1,single,3.7612001156935624
26683,Statik,Puzzle,75.40487640176266,10,2017,2,multi,2.3978952727983707
26704,Heavy Gear Assault,Indie|Shooter|Simulator,50.0,1,2017,2,multi,0.6931471805599453
26705,"Warhammer 40,000: Sanctus Reach",Strategy|Turn-based strategy (TBS),80.0,2,2017,1,single,1.0986122886681098
26708,Euclidean Lands,Adventure|Puzzle,90.0,3,2017,1,single,1.3862943611198906
26709,Project CARS 2,Racing|Simulator,76.7525474346924,51,2017,3,multi,3.9512437185814275
26725,Bleed 2,Adventure|Arcade|Fighting|Indie|Platform|Shooter,70.06639354840468,13,2017,3,multi,2.6390573296152584
26728,Revhead,Adventure|Arcade|Indie|Racing|Simulator|Sport|Strategy,50.0,1,2017,3,multi,0.6931471805599453
26732,Milkmaid of the Milky Way,Adventure|Indie|Point-and-click|Puzzle,69.67520807216407,7,2017,4,multi,2.0794415416798357
26736,All the Delicate Duplicates,Adventure|Indie,60.0,1,2017,1,single,0.6931471805599453
26739,Don't Chat With Strangers,Indie|Puzzle,40.0,2,2017,2,multi,1.0986122886681098
26743,Diluvion,Adventure|Indie|Role-playing (RPG)|Strategy,60.0,4,2017,3,multi,1.6094379124341003
26749,Thing-in-Itself,Adventure|Indie|Simulator,60.0,2,2017,1,single,1.0986122886681098
26756,Pictopix,Indie|Puzzle|Strategy,80.0,4,2017,3,multi,1.6094379124341003
26758,Super Mario Odyssey,Adventure|Platform,88.90542835517705,1849,2017,1,single,7.52294091807237
26759,Arms,Fighting,69.68572363888187,67,2017,1,single,4.219507705176107
26760,Super Bomberman R,Arcade|Puzzle|Strategy,61.50474346863145,30,2017,1,single,3.4339872044851463
26761,Splatoon 2,Platform|Shooter,81.78957769822276,199,2017,1,single,5.298317366548036
26762,1-2-Switch,Arcade,49.68098977866642,33,2017,1,single,3.5263605246161616
26763,Has-Been Heroes,Adventure|Arcade|Indie|Role-playing (RPG)|Strategy,80.0,4,2017,4,multi,1.6094379124341003
26766,Xenoblade Chronicles 2,Adventure|Role-playing (RPG),89.97009262631045,195,2017,1,single,5.278114659230517
26769,Fire Emblem Warriors,Hack and slash/Beat 'em up|Role-playing (RPG)|Simulator|Strategy|Tactical,63.66451658402419,33,2017,2,multi,3.5263605246161616
26770,Akihabara: Feel the Rhythm,Indie|Music|Puzzle,70.0,2,2017,4,multi,1.0986122886681098
26772,NBA 2K18,Simulator|Sport,65.49873715417019,48,2017,5,multi,3.8918202981106265
26774,"Snipperclips: Cut It Out, Together!",Platform|Puzzle,71.46955561437784,32,2017,1,single,3.4965075614664802
26776,Detention,Adventure|Indie|Point-and-click|Puzzle|Role-playing (RPG),75.67790496560715,87,2017,3,multi,4.477336814478207
26783,Miss Fisher and the Deathly Maze,Adventure|Indie,70.0,1,2017,1,single,0.6931471805599453
26808,She Remembered Caterpillars,Indie|Puzzle,69.9295192096289,7,2017,2,multi,2.0794415416798357
26809,Hidden Folks,Adventure|Indie|Point-and-click|Puzzle,76.36808235591867,61,2017,4,multi,4.127134385045092
26810,Siegecraft Commander,Indie|Real Time Strategy (RTS)|Simulator|Strategy,60.0,1,2017,4,multi,0.6931471805599453
26811,Mysterium,Card & Board Game|Indie|Simulator|Strategy,48.72514424477028,5,2017,4,multi,1.791759469228055
26835,Aliens Go Home Run!,Arcade|Indie,70.0,1,2017,1,single,0.6931471805599453
26841,Fire Emblem Heroes,Role-playing (RPG)|Simulator|Strategy|Turn-based strategy (TBS),62.36353024910088,85,2017,3,multi,4.454347296253507
26847,2Dark,Adventure|Indie,40.10394818251135,9,2017,3,multi,2.302585092994046
26853,Micro Machines World Series,Arcade|Racing,63.87172863379043,9,2017,5,multi,2.302585092994046
26856,Antihero,Indie|Strategy|Turn-based strategy (TBS),59.35605244886272,5,2017,2,multi,1.791759469228055
26857,Graceful Explosion Machine,Arcade|Indie|Shooter,80.0,3,2017,1,single,1.3862943611198906
26864,Nefarious,Adventure|Indie|Platform,59.20268963038738,5,2017,1,single,1.791759469228055
26909,Outbreak,Adventure|Indie|Role-playing (RPG)|Shooter,50.0,1,2017,2,multi,0.6931471805599453
26927,Out of the Park Baseball 18,Indie|Simulator|Sport|Strategy,50.0,1,2017,2,multi,0.6931471805599453
26939,Mario Sports Superstars,Sport,60.0,3,2017,1,single,1.3862943611198906
26948,Dirt 4,Racing|Simulator|Sport,73.09075617931606,68,2017,3,multi,4.23410650459726
26968,Cayne,Adventure|Indie|Point-and-click,61.10446929457048,36,2017,3,multi,3.6109179126442243
26972,Death Squared,Indie|Platform|Puzzle|Strategy|Tactical,78.45890491823162,16,2017,4,multi,2.833213344056216
27024,A Normal Lost Phone,Adventure|Indie|Puzzle,70.41772487880755,41,2017,5,multi,3.7376696182833684
27034,Linelight,Adventure|Indie|Platform|Puzzle|Strategy,77.1035472032366,21,2017,4,multi,3.091042453358316
27035,Candleman,Adventure|Platform|Puzzle|Role-playing (RPG),90.0,4,2017,1,single,1.6094379124341003
27038,River City Ransom: Underground,Hack and slash/Beat 'em up|Indie|Role-playing (RPG)|Sport,60.0,4,2017,3,multi,1.6094379124341003
27043,FlatOut 4: Total Insanity,Racing,50.51767253664832,20,2017,3,multi,3.044522437723423
27051,TumbleSeed,Adventure|Indie,80.0,4,2017,4,multi,1.6094379124341003
27055,Another Eden,Adventure|Role-playing (RPG),62.02247191011236,6,2017,2,multi,1.9459101490553132
27059,Think of the Children,Simulator,70.0,2,2017,1,single,1.0986122886681098
27060,Mutant Football League,Arcade|Indie|Sport,79.65914190016026,5,2017,1,single,1.791759469228055
27068,Angels with Scaly Wings,Adventure|Indie|Role-playing (RPG)|Simulator|Visual Novel,80.0,1,2017,3,multi,0.6931471805599453
27072,Causality,Adventure|Indie|Puzzle,90.0,4,2017,5,multi,1.6094379124341003
27081,FIFA 18,Sport,71.29691081373953,270,2017,3,multi,5.602118820879701
27084,Gunman Taco Truck,Indie|Shooter|Simulator|Strategy,70.0,1,2017,4,multi,0.6931471805599453
27094,Stories Untold,Adventure|Indie|Puzzle,78.74106135848825,88,2017,2,multi,4.48863636973214
27105,Warlock's Tower,Adventure|Arcade|Indie|Puzzle|Strategy,70.0,3,2017,4,multi,1.3862943611198906
27114,Avorion,Indie|Simulator,76.51513877703353,9,2017,2,multi,2.302585092994046
27116,Phoning Home,Adventure|Indie,50.0,1,2017,1,single,0.6931471805599453
27139,Leaving Lyndow,Adventure|Indie,78.12722902211353,9,2017,2,multi,2.302585092994046
27141,LogicBots,Indie|Puzzle|Simulator|Strategy,80.0,1,2017,3,multi,0.6931471805599453
27194,Fumiko!,Adventure|Indie|Platform,70.0,2,2017,2,multi,1.0986122886681098
27207,Totemori,Hack and slash/Beat 'em up|Indie,70.0,1,2017,3,multi,0.6931471805599453
27216,Theseus,Adventure|Indie,70.0,2,2017,1,single,1.0986122886681098
27217,Redeemer,Hack and slash/Beat 'em up|Indie,62.94231528985426,13,2017,1,single,2.6390573296152584
27274,"Slice, Dice & Rice",Fighting|Indie,59.80901981217689,5,2017,1,single,1.791759469228055
27277,Forma.8,Adventure|Arcade|Indie,75.44470063371521,19,2017,8,multi,2.995732273553991
27280,Thaumistry: In Charm's Way,Adventure|Indie,70.0,1,2017,5,multi,0.6931471805599453
27281,Gun Gun Pixies,Adventure|Shooter,83.0,1,2017,1,single,0.6931471805599453
27282,Immortal Planet,Adventure|Fighting|Indie|Role-playing (RPG),70.0,4,2017,1,single,1.6094379124341003
27283,Earth Defense Force 5,Shooter,71.41380046968636,15,2017,1,single,2.772588722239781
27290,Realpolitiks,Indie|Simulator|Strategy,30.19593207688001,6,2017,3,multi,1.9459101490553132
27308,Four Last Things,Adventure|Indie|Point-and-click,72.37398749130821,25,2017,2,multi,3.258096538021482
27310,We Were Here,Adventure|Indie|Puzzle,67.12591362972799,151,2017,3,multi,5.0238805208462765
27314,Morphite,Adventure|Indie|Platform|Puzzle|Role-playing (RPG)|Shooter,74.0,1,2017,6,multi,0.6931471805599453
27319,Tormentor X Punisher,Arcade|Indie|Shooter,80.0,3,2017,2,multi,1.3862943611198906
27323,Ultrawings,Indie|Racing|Simulator|Sport,80.0,1,2017,1,single,0.6931471805599453
27327,Dimension Drive,Arcade|Indie|Shooter,70.0,1,2017,4,multi,0.6931471805599453
27328,Cosmic Express,Indie|Puzzle|Strategy,67.37116998936713,6,2017,5,multi,1.9459101490553132
27329,Postknight,Indie|Role-playing (RPG)|Strategy,70.27308101515196,8,2017,3,multi,2.1972245773362196
27333,8-Bit Armies: Arena,Indie|Real Time Strategy (RTS)|Strategy,70.0,1,2017,1,single,0.6931471805599453
27336,Rock God Tycoon,Indie|Music|Simulator,80.0,1,2017,2,multi,0.6931471805599453
27339,Holy Potatoes! We're in Space?!,Adventure|Indie|Puzzle|Role-playing (RPG)|Simulator|Strategy,80.0,1,2017,3,multi,0.6931471805599453
27353,Dungeons 3,Adventure|Real Time Strategy (RTS)|Role-playing (RPG)|Simulator|Strategy,76.83735798793188,26,2017,5,multi,3.295836866004329
27357,Soul Searching,Adventure|Indie|Role-playing (RPG)|Simulator,70.0,1,2017,3,multi,0.6931471805599453
27358,The Mooseman,Adventure|Arcade|Indie|Platform|Puzzle,63.89684434068921,9,2017,3,multi,2.302585092994046
27373,Unexplored,Adventure|Indie|Puzzle|Role-playing (RPG)|Simulator,80.0,3,2017,3,multi,1.3862943611198906
27396,Super Cloudbuilt,Adventure|Indie|Platform,78.73873873873876,6,2017,3,multi,1.9459101490553132
27403,Lightfield,Arcade|Indie|Racing,70.0,1,2017,2,multi,0.6931471805599453
27405,Pixel Privateers,Adventure|Indie|Role-playing (RPG)|Simulator|Strategy,60.0,1,2017,1,single,0.6931471805599453
27411,Herald: An Interactive Period Drama - Book I & II,Adventure|Indie|Point-and-click,70.0,2,2017,3,multi,1.0986122886681098
27416,Zup! 3,Indie|Puzzle,45.7907648109996,10,2017,1,single,2.3978952727983707
27417,Zup! 4,Indie|Puzzle,53.81894925449033,10,2017,1,single,2.3978952727983707
27419,Brawlout,Arcade|Fighting|Indie,56.05714912826106,9,2017,1,single,2.302585092994046
27421,Middle-earth: Shadow of War,Adventure|Role-playing (RPG),79.29682335833385,472,2017,3,multi,6.159095388491933
27430,Sparc,Indie|Sport,80.0,1,2017,2,multi,0.6931471805599453
27433,SteamWorld Dig 2,Adventure|Indie|Platform|Puzzle,82.47951962995485,190,2017,6,multi,5.25227342804663
27438,Blaster Master Zero,Adventure|Indie|Platform|Shooter,72.60341074026464,27,2017,2,multi,3.332204510175204
27457,Oracle,Adventure|Indie|Simulator,50.0,1,2017,1,single,0.6931471805599453
27475,Steel Division: Normandy 44,Real Time Strategy (RTS)|Simulator|Strategy|Tactical,43.34826083469933,7,2017,1,single,2.0794415416798357
27505,Flip Wars,Puzzle,54.0,1,2017,1,single,0.6931471805599453
27511,Loot Rascals,Adventure|Indie|Role-playing (RPG)|Strategy,69.49413240169457,5,2017,2,multi,1.791759469228055
27518,World to the West,Adventure|Indie|Puzzle|Role-playing (RPG),70.0,4,2017,5,multi,1.6094379124341003
27527,Vroom in the night sky,Arcade|Racing,50.0,1,2017,1,single,0.6931471805599453
27530,Children of Zodiarcs,Adventure|Card & Board Game|Indie|Role-playing (RPG)|Strategy|Tactical,79.9400971039692,7,2017,3,multi,2.0794415416798357
27531,Tokyo Dark,Adventure|Indie|Point-and-click|Puzzle|Visual Novel,79.2508890858514,10,2017,2,multi,2.3978952727983707
27544,Reflection of Mine,Adventure|Indie|Puzzle,70.0,1,2017,3,multi,0.6931471805599453
27546,City Climber,Adventure|Indie|Platform|Simulator|Sport,60.0,2,2017,3,multi,1.0986122886681098
27547,Fire Pro Wrestling World,Fighting|Simulator|Sport,72.89416076084227,17,2017,1,single,2.8903717578961645
27568,Mainlining,Adventure|Indie|Simulator,80.0,1,2017,1,single,0.6931471805599453
27569,Dying: Reborn,Adventure|Indie|Puzzle,60.0,4,2017,2,multi,1.6094379124341003
27573,Beat the Game,Adventure|Indie|Music,70.0,3,2017,3,multi,1.3862943611198906
27575,Onward,Indie|Shooter|Simulator|Strategy|Tactical,81.34913727469561,5,2017,1,single,1.791759469228055
27586,Runt of the Litter,Adventure|Indie|Role-playing (RPG),60.0,2,2017,5,multi,1.0986122886681098
27659,Morphblade,Indie|Turn-based strategy (TBS),80.0,3,2017,1,single,1.3862943611198906
27663,X-Morph: Defense,Arcade|Indie|Shooter|Simulator|Strategy,64.47621102600066,7,2017,3,multi,2.0794415416798357
27667,Cosmic Star Heroine,Adventure|Indie|Role-playing (RPG),83.62638423756978,15,2017,2,multi,2.772588722239781
27673,The Wendigo,Indie,70.0,1,2017,1,single,0.6931471805599453
27689,Brain / Out,Indie|Shooter,69.50766806326997,5,2017,3,multi,1.791759469228055
27692,Shuyan Saga,Fighting|Indie|Visual Novel,70.0,1,2017,2,multi,0.6931471805599453
27711,Freaky Awesome,Adventure|Arcade|Indie|Role-playing (RPG)|Shooter|Simulator|Strategy,60.0,2,2017,3,multi,1.0986122886681098
27712,Kingsway,Adventure|Role-playing (RPG)|Simulator|Strategy,73.50147423290235,11,2017,1,single,2.4849066497880004
27723,Steven Universe: Save the Light,Adventure|Indie|Platform|Role-playing (RPG),66.05439802690326,5,2017,2,multi,1.791759469228055
27732,Yonder: The Cloud Catcher Chronicles,Adventure|Indie|Puzzle,75.12899229912506,21,2017,2,multi,3.091042453358316
27743,Furious Angels,Indie,80.0,2,2017,2,multi,1.0986122886681098
27760,Da Capo 3 R,Adventure|Visual Novel,70.0,1,2017,3,multi,0.6931471805599453
27762,Paradigm,Adventure|Indie|Point-and-click,87.2669691740847,22,2017,3,multi,3.1354942159291497
27776,Another Adventure,Adventure|Indie,80.0,1,2017,2,multi,0.6931471805599453
27789,PUBG: Battlegrounds,Shooter,71.32665807945264,606,2017,1,single,6.408528791059498
27801,64.0,Arcade|Indie|Music|Shooter,80.0,1,2017,2,multi,0.6931471805599453
27802,Codex of Victory,Adventure|Indie|Strategy|Turn-based strategy (TBS),60.0,1,2017,3,multi,0.6931471805599453
27874,Bad Dream: Coma,Adventure|Indie|Point-and-click,67.00559762729074,14,2017,2,multi,2.70805020110221
27875,The Lost Heir 3: Demon War,Adventure|Indie|Role-playing (RPG),50.0,1,2017,5,multi,0.6931471805599453
27896,All You Can Eat,Adventure|Indie|Point-and-click,60.0,3,2017,1,single,1.3862943611198906
27910,Everything,Adventure|Indie|Role-playing (RPG)|Simulator,71.32896724317388,63,2017,2,multi,4.1588830833596715
27920,Digimon Story: Cyber Sleuth - Hacker's Memory,Adventure|Role-playing (RPG),69.94982783876151,19,2017,2,multi,2.995732273553991
27930,Warhammer Quest 2: The End Times,Adventure|Card & Board Game|Role-playing (RPG)|Strategy|Turn-based strategy (TBS),90.0,1,2017,1,single,0.6931471805599453
27940,Train Mechanic Simulator 2017,Indie|Simulator|Strategy,50.0,1,2017,1,single,0.6931471805599453
27974,Macbat 64: Journey of a Nice Chap,Adventure|Arcade|Indie|Platform|Puzzle,79.6589395222503,7,2017,1,single,2.0794415416798357
27975,Monster Slayers,Adventure|Arcade|Card & Board Game|Indie|Role-playing (RPG)|Strategy,80.0,4,2017,2,multi,1.6094379124341003
27976,"Peace, Death!",Arcade|Indie|Simulator,65.32412583888181,21,2017,2,multi,3.091042453358316
27977,The Cat Games,Indie|Simulator|Sport,80.0,2,2017,1,single,1.0986122886681098
27986,Frisky Business,Adventure|Role-playing (RPG)|Simulator,80.0,1,2017,2,multi,0.6931471805599453
27994,Blossom Tales: The Sleeping King,Adventure|Indie|Role-playing (RPG),79.9317451746236,14,2017,1,single,2.70805020110221
27996,Attentat 1942,Adventure|Indie|Simulator|Visual Novel,79.9402390438247,5,2017,2,multi,1.791759469228055
27997,Arcaea,Arcade|Music,83.3683713003636,8,2017,2,multi,2.1972245773362196
28003,Bloody Trapland 2: Curiosity,Adventure|Indie|Platform|Racing,50.0,2,2017,5,multi,1.0986122886681098
28012,Bomb Squad Academy,Indie|Puzzle|Simulator|Strategy,80.0,4,2017,3,multi,1.6094379124341003
28015,Kamiko,Adventure|Arcade|Hack and slash/Beat 'em up|Indie|Puzzle,69.92156282304073,26,2017,1,single,3.295836866004329
28018,Card Thief,Card & Board Game|Turn-based strategy (TBS),82.88939747224978,8,2017,2,multi,2.1972245773362196
28026,Sumoman,Adventure|Indie|Platform|Puzzle,50.0,1,2017,2,multi,0.6931471805599453
28028,Total War: Warhammer II,Real Time Strategy (RTS)|Strategy,82.24163606900063,104,2017,3,multi,4.653960350157523
28044,The Invisible Hours,Adventure|Puzzle,80.05594186687418,9,2017,6,multi,2.302585092994046
28045,Brigand: Oaxaca,Adventure|Indie|Role-playing (RPG)|Shooter,70.0,4,2017,1,single,1.6094379124341003
28049,The Low Road,Adventure|Indie|Music|Point-and-click|Puzzle,45.42206997410473,6,2017,2,multi,1.9459101490553132
28066,Skylar & Plux: Adventure on Clover Island,Adventure|Indie|Platform,58.79459293219105,7,2017,3,multi,2.0794415416798357
28069,Slime-san,Adventure|Arcade|Indie|Platform,65.61797752808988,6,2017,3,multi,1.9459101490553132
28073,A Mortician's Tale,Adventure|Indie|Role-playing (RPG)|Simulator|Visual Novel,70.75960626315224,17,2017,2,multi,2.8903717578961645
28075,Cars 3: Driven to Win,Racing,73.60179949389234,5,2017,6,multi,1.791759469228055
28081,NBA Playgrounds,Arcade|Sport,75.57713184774836,8,2017,4,multi,2.1972245773362196
28113,Use Your Words,Card & Board Game|Indie|Puzzle,60.52478392419702,18,2017,5,multi,2.9444389791664403
28121,Stitched,Adventure|Indie|Puzzle,70.0,1,2017,1,single,0.6931471805599453
28124,Hey! Pikmin,Adventure|Platform|Puzzle,67.83010674413588,9,2017,1,single,2.302585092994046
28125,Layton's Mystery Journey: Katrielle and the Millionaire's Conspiracy,Adventure|Puzzle|Role-playing (RPG)|Strategy,67.66598011621463,15,2017,2,multi,2.772588722239781
28126,Team Kirby Clash Deluxe,Platform|Role-playing (RPG),69.8405096129106,7,2017,1,single,2.0794415416798357
28127,Kirby's Blowout Blast,Adventure|Arcade|Platform,76.0,4,2017,1,single,1.6094379124341003
28129,Senran Kagura Reflexions,Adventure|Role-playing (RPG)|Simulator,44.19396728932615,5,2017,1,single,1.791759469228055
28133,MotoGP '17,Racing|Simulator|Sport,64.27808851247059,9,2017,3,multi,2.302585092994046
28134,Spark the Electric Jester,Indie|Platform,71.85952049149522,11,2017,1,single,2.4849066497880004
28158,Asura,Hack and slash/Beat 'em up|Indie,80.0,4,2017,3,multi,1.6094379124341003
28171,Ultimate Epic Battle Simulator,Adventure|Indie|Simulator|Strategy,60.3526721969473,30,2017,1,single,3.4339872044851463
28174,Monopoly for Nintendo Switch,Card & Board Game|Quiz/Trivia|Strategy,59.95828608360302,10,2017,1,single,2.3978952727983707
28187,Everybody's Golf,Simulator|Sport,70.00674060430961,11,2017,1,single,2.4849066497880004
28188,Super Rude Bear Resurrection,Indie|Platform|Puzzle,70.0,1,2017,4,multi,0.6931471805599453
28189,Bokida: Heartfelt Reunion,Adventure|Indie|Puzzle,60.0,2,2017,1,single,1.0986122886681098
28192,DJMax Respect,Music,89.1165835657452,7,2017,1,single,2.0794415416798357
28201,Parallyzed,Adventure|Indie|Platform,70.0,1,2017,2,multi,0.6931471805599453
28204,Call of Duty: WWII,Shooter,74.29645318771209,603,2017,3,multi,6.403574197934815
28213,The Jackbox Party Pack 4,Indie|Puzzle|Quiz/Trivia|Strategy,75.97547370279003,52,2017,9,multi,3.970291913552122
28224,Scanner Sombre,Adventure|Indie|Puzzle,59.11010173835098,18,2017,2,multi,2.9444389791664403
28236,Under Leaves,Adventure|Indie|Puzzle|Simulator,61.31409784951238,10,2017,4,multi,2.3978952727983707
28239,Interkosmos,Adventure|Indie|Puzzle|Simulator,80.0,2,2017,2,multi,1.0986122886681098
28240,Ruin of the Reckless,Adventure|Indie|Role-playing (RPG),70.0,1,2017,1,single,0.6931471805599453
28242,Danger Zone,Arcade|Indie|Racing,60.0,3,2017,2,multi,1.3862943611198906
28247,The Golf Club 2,Simulator|Sport,50.0,2,2017,3,multi,1.0986122886681098
28278,Catan Universe,Card & Board Game|Quiz/Trivia|Strategy,97.00376571206093,16,2017,3,multi,2.833213344056216
28287,Gundam Versus,Fighting,79.94563247553461,5,2017,1,single,1.791759469228055
28289,Yomawari: Midnight Shadows,Adventure|Puzzle|Strategy,70.03981518133594,8,2017,3,multi,2.1972245773362196
28293,Vertical Strike Endless Challenge,Arcade|Indie|Shooter|Simulator|Strategy,70.0,1,2017,1,single,0.6931471805599453
28297,Slowdrive,Indie|Racing,70.0,3,2017,3,multi,1.3862943611198906
28300,Grisaia Phantom Trigger Vol.1,Adventure|Visual Novel,70.0,3,2017,2,multi,1.3862943611198906
28310,Queen's Quest 3: The End of Dawn,Adventure|Card & Board Game|Puzzle,70.0,4,2017,3,multi,1.6094379124341003
28311,Bendy and the Ink Machine,Adventure|Indie|Puzzle,70.24666504755038,63,2017,1,single,4.1588830833596715
28312,Agatha Knife,Adventure|Indie|Point-and-click|Puzzle,70.0,4,2017,3,multi,1.6094379124341003
28313,Riptale,Adventure|Indie|Platform,70.0,1,2017,3,multi,0.6931471805599453
28320,Battle Bruise,Indie,80.0,1,2017,1,single,0.6931471805599453
28325,Hearthlands,Indie|Real Time Strategy (RTS)|Simulator|Strategy,80.0,3,2017,3,multi,1.3862943611198906
28327,One Dog Story,Adventure|Hack and slash/Beat 'em up|Indie|Platform|Role-playing (RPG)|Shooter,50.0,2,2017,3,multi,1.0986122886681098
28331,Cuit,Indie|Puzzle|Strategy,70.0,1,2017,1,single,0.6931471805599453
28414,Mario + Rabbids Kingdom Battle,Adventure|Puzzle|Role-playing (RPG)|Strategy|Tactical,77.2582436083334,186,2017,1,single,5.231108616854587
28420,Fear of Clowns,Adventure|Indie,60.0,1,2017,1,single,0.6931471805599453
28446,Form,Adventure|Indie|Puzzle,80.0,2,2017,2,multi,1.0986122886681098
28465,Porno Studio Tycoon,Indie|Simulator,51.07979650380092,14,2017,2,multi,2.70805020110221
28488,Neko-Nin ExHeart,Adventure|Indie|Simulator|Visual Novel,80.0,3,2017,1,single,1.3862943611198906
28508,Conductor,Adventure|Indie|Puzzle,80.0,1,2017,1,single,0.6931471805599453
28522,Bloody Zombies,Adventure|Arcade|Fighting|Hack and slash/Beat 'em up,60.0,1,2017,4,multi,0.6931471805599453
28527,Chronicle of Innsmouth,Adventure|Indie|Point-and-click,70.0,1,2017,1,single,0.6931471805599453
28533,Dawn of Andromeda,Indie|Real Time Strategy (RTS)|Strategy,50.0,2,2017,1,single,1.0986122886681098
28540,Assassin's Creed Origins,Adventure|Role-playing (RPG),81.40373603267744,1085,2017,3,multi,6.990256500493881
28544,Rakuen,Adventure|Indie|Role-playing (RPG),79.91882426272151,24,2017,3,multi,3.2188758248682006
28547,Stable Orbit,Indie|Simulator|Strategy,50.0,1,2017,3,multi,0.6931471805599453
28554,Atomine,Arcade|Indie|Role-playing (RPG)|Shooter,60.0,1,2017,1,single,0.6931471805599453
28557,Wizrogue: Labyrinth of Wizardry,Adventure|Role-playing (RPG),50.0,1,2017,1,single,0.6931471805599453
28589,The Great Gatsby: Secret Treasure,Adventure|Indie,60.0,1,2017,1,single,0.6931471805599453
28593,Emporium,Adventure|Indie,60.0,1,2017,1,single,0.6931471805599453
28640,Nghtmn,Adventure|Indie|Platform,50.0,1,2017,1,single,0.6931471805599453
28643,England Exchange,Indie|Visual Novel,50.0,2,2017,3,multi,1.0986122886681098
28648,Tomato Jones 2,Adventure|Indie|Platform|Simulator,70.0,1,2017,1,single,0.6931471805599453
28650,Welcome to Moreytown,Adventure|Indie|Role-playing (RPG),60.0,2,2017,5,multi,1.0986122886681098
28654,Lost Lands: The Wanderer,Adventure|Puzzle,70.0,2,2017,2,multi,1.0986122886681098
28665,Next jump: Shmup Tactics,Indie|Strategy|Tactical|Turn-based strategy (TBS),70.0,1,2017,3,multi,0.6931471805599453
28671,A Second Before Us,Adventure|Indie,50.0,3,2017,1,single,1.3862943611198906
28695,One Strike,Arcade|Fighting|Indie,69.96035900818843,5,2017,2,multi,1.791759469228055
28706,Madden NFL 18,Sport,77.8586939652366,19,2017,2,multi,2.995732273553991
28710,Crash of Cars,Arcade|Indie|Racing|Shooter,90.0,3,2017,2,multi,1.3862943611198906
28741,Cooking Witch,Indie|Shooter,70.0,1,2017,1,single,0.6931471805599453
28748,Deep Blue,Adventure|Indie,70.0,1,2017,3,multi,0.6931471805599453
28749,SphereFace,Arcade|Indie|Shooter|Simulator,70.0,1,2017,3,multi,0.6931471805599453
28751,Black Squad,Shooter,63.61292122209491,31,2017,1,single,3.4657359027997265
28760,Planet RIX-13,Adventure|Indie|Platform,70.0,3,2017,1,single,1.3862943611198906
28763,Mystic Journey: Tri Peaks Solitaire,Adventure,90.0,1,2017,2,multi,0.6931471805599453
28781,Ghost Files: The Face of Guilt,Adventure|Puzzle,50.0,2,2017,2,multi,1.0986122886681098
28791,TankBlitz,Adventure|Indie,70.0,1,2017,1,single,0.6931471805599453
28802,Outrunner,Adventure|Indie,60.0,1,2017,2,multi,0.6931471805599453
28804,The Inevitability,Adventure|Indie,40.0,1,2017,1,single,0.6931471805599453
28815,LEGO Marvel Super Heroes 2,Adventure|Hack and slash/Beat 'em up|Puzzle,70.11699055029626,49,2017,4,multi,3.912023005428146
28819,Heroes Evolved,MOBA|Real Time Strategy (RTS)|Role-playing (RPG)|Strategy|Tactical,40.0,3,2017,3,multi,1.3862943611198906
28829,NASCAR Heat 2,Racing,50.0,2,2017,3,multi,1.0986122886681098
28842,Battlestar Galactica Deadlock,Simulator|Strategy|Turn-based strategy (TBS),65.53105337478875,9,2017,1,single,2.302585092994046
28843,Harvest Moon: Light of Hope,Adventure|Role-playing (RPG)|Simulator,55.25944754625836,8,2017,1,single,2.1972245773362196
28861,Stay! Stay! Democratic People's Republic of Korea,Adventure|Indie|Role-playing (RPG)|Visual Novel,80.0,4,2017,3,multi,1.6094379124341003
28862,Pro Evolution Soccer 2018,Simulator|Sport,70.14423274936168,84,2017,5,multi,4.442651256490317
28863,WRC 7,Racing|Sport,69.72777431527716,15,2017,3,multi,2.772588722239781
28889,Gorescript,Indie|Shooter,70.0,1,2017,1,single,0.6931471805599453
28894,Aesthetic Melody,Adventure|Indie,70.0,1,2017,3,multi,0.6931471805599453
28902,Arcade Tale,Indie|Platform,40.0,1,2017,1,single,0.6931471805599453
28903,Cannons-Defenders: Steam Edition,Indie,50.0,2,2017,1,single,1.0986122886681098
28907,Weed Shop 2,Indie|Simulator|Strategy,80.0,2,2017,1,single,1.0986122886681098
28913,Affliction,Adventure|Indie|Role-playing (RPG),50.0,1,2017,1,single,0.6931471805599453
28914,A Butterfly in the District of Dreams,Indie,70.0,1,2017,1,single,0.6931471805599453
28917,Cucumber Blues,Adventure,40.0,1,2017,1,single,0.6931471805599453
28920,Japanese Women - Animated Jigsaws,Simulator,70.0,1,2017,2,multi,0.6931471805599453
28924,CrossCells,Indie|Puzzle|Strategy,69.39278436082292,10,2017,3,multi,2.3978952727983707
28935,Orbt XL,Arcade|Indie,72.07167056118494,7,2017,4,multi,2.0794415416798357
28944,Crystalline,Adventure|Indie|Role-playing (RPG)|Simulator|Visual Novel,80.0,4,2017,2,multi,1.6094379124341003
28951,F1 2017,Racing|Simulator|Sport,78.55680662397188,33,2017,4,multi,3.5263605246161616
28999,Monstercakes,Indie,80.0,1,2017,2,multi,0.6931471805599453
29004,Life is Strange: Before the Storm,Adventure|Indie,75.1344812210583,496,2017,5,multi,6.208590026096629
29064,Please Knock on My Door,Indie,70.0,1,2017,1,single,0.6931471805599453
29065,The Inner World: The Last Wind Monk,Adventure|Indie|Point-and-click,72.13651316631024,11,2017,3,multi,2.4849066497880004
29074,Mono,Indie|Puzzle,70.0,1,2017,1,single,0.6931471805599453
29076,Welcome to Hanwell,Adventure|Fighting|Indie|Shooter,50.0,2,2017,1,single,1.0986122886681098
29077,Across the Moment,Adventure|Indie|Puzzle,70.0,1,2017,1,single,0.6931471805599453
29081,Sweet fantasy,Adventure|Indie,50.0,1,2017,3,multi,0.6931471805599453
29084,Kio's Adventure,Adventure|Indie|Role-playing (RPG),60.0,3,2017,2,multi,1.3862943611198906
29087,One Eyed Kutkh,Adventure|Indie|Point-and-click|Puzzle,80.0,3,2017,3,multi,1.3862943611198906
29099,Zup! Zero,Indie|Puzzle,54.33388642490841,7,2017,1,single,2.0794415416798357
29108,Your Friend Hana,Adventure|Indie|Simulator,50.0,1,2017,3,multi,0.6931471805599453
29125,The Eagle's Heir,Adventure|Indie|Role-playing (RPG),70.0,1,2017,3,multi,0.6931471805599453
29138,Empathy: Path of Whispers,Adventure|Indie,50.0,4,2017,1,single,1.6094379124341003
29141,Embers of Mirrim,Adventure|Indie|Platform|Puzzle,80.0,1,2017,3,multi,0.6931471805599453
29143,Mighty Gunvolt Burst,Indie|Platform|Shooter,77.0,4,2017,2,multi,1.6094379124341003
29147,Tartarus,Adventure|Hack and slash/Beat 'em up|Indie|Puzzle|Role-playing (RPG)|Simulator,50.0,2,2017,2,multi,1.0986122886681098
29168,Crimson Metal,Adventure|Indie|Simulator,40.0,2,2017,1,single,1.0986122886681098
29178,Shadows 2: Perfidia,Adventure|Indie|Simulator,69.74010684714699,5,2017,1,single,1.791759469228055
29185,Bootombaa,Adventure|Indie,40.0,1,2017,1,single,0.6931471805599453
29216,Dawn,Adventure,59.95387276571208,10,2017,1,single,2.3978952727983707
29235,Amaze,Indie|Puzzle|Strategy,60.0,1,2017,1,single,0.6931471805599453
29237,Universe in Fire,Indie|Shooter,40.0,1,2017,3,multi,0.6931471805599453
29250,Caveman Warriors,Adventure|Arcade|Indie|Platform,60.0,2,2017,5,multi,1.0986122886681098
29258,Arcane Re-Raise,Adventure|Indie|Role-playing (RPG)|Strategy,40.0,2,2017,1,single,1.0986122886681098
29259,Arcane PreRaise,Adventure|Indie|Role-playing (RPG)|Strategy,50.0,2,2017,1,single,1.0986122886681098
29260,ReThink,Indie|Puzzle,70.0,2,2017,1,single,1.0986122886681098
29262,Pain Train 2,Adventure|Indie|Role-playing (RPG)|Strategy,40.0,1,2017,1,single,0.6931471805599453
29264,A Tale of Two Kingdoms,Adventure|Indie|Point-and-click|Puzzle,70.0,1,2017,2,multi,0.6931471805599453
29266,A Girls Fabric Face,Adventure|Indie,78.8383179020977,5,2017,1,single,1.791759469228055
29267,Like Clay,Adventure|Indie,70.0,1,2017,1,single,0.6931471805599453
29271,Nekopara Vol. 3,Adventure|Indie|Role-playing (RPG)|Visual Novel,66.84920174332086,26,2017,1,single,3.295836866004329
29284,Lamp Head,Adventure|Indie|Simulator|Sport,50.0,2,2017,1,single,1.0986122886681098
29287,Hack_Me 2,Indie|Simulator,50.0,2,2017,1,single,1.0986122886681098
29296,My Name is You,Indie|Visual Novel,59.38703841651591,6,2017,3,multi,1.9459101490553132
29301,Fix Me Fix You,Indie|Simulator,60.0,1,2017,2,multi,0.6931471805599453
29306,Adjacency,Indie,70.0,1,2017,3,multi,0.6931471805599453
29328,Hotel Anatolia,Adventure|Indie|Role-playing (RPG),60.0,2,2017,1,single,1.0986122886681098
29331,Kimmy,Indie|Visual Novel,70.0,2,2017,2,multi,1.0986122886681098
29339,ZiL Truck RallyCross,Indie|Racing|Simulator|Sport,50.0,1,2017,1,single,0.6931471805599453
29348,Weapon Shop Fantasy,Adventure|Indie|Role-playing (RPG)|Simulator,63.05148710575972,7,2017,3,multi,2.0794415416798357
29367,Doodle Mafia,Indie|Puzzle|Simulator,70.0,3,2017,3,multi,1.3862943611198906
29383,Age of Rivals,Card & Board Game|Indie|Strategy,80.0,1,2017,2,multi,0.6931471805599453
29388,Ovivo,Adventure|Arcade|Indie|Music|Platform|Puzzle,79.46151645528931,6,2017,2,multi,1.9459101490553132
29397,Ricochet Kills: Noir,Indie,70.0,1,2017,1,single,0.6931471805599453
29402,Drop Hunt: Adventure Puzzle,Adventure|Indie|Puzzle|Simulator,60.0,1,2017,1,single,0.6931471805599453
29410,Hyper Knights,Adventure|Indie,80.0,1,2017,3,multi,0.6931471805599453
29418,Flix and Chill,Indie|Simulator,80.0,1,2017,2,multi,0.6931471805599453
29421,Polterheist,Indie|Simulator,20.0,1,2017,1,single,0.6931471805599453
29422,Throne of Lies: Medieval Politics,Card & Board Game|Indie|Role-playing (RPG)|Strategy,80.0,3,2017,1,single,1.3862943611198906
29424,Mastema: Out of Hell,Adventure|Indie|Platform,50.0,2,2017,1,single,1.0986122886681098
29433,Magazine Editor,Indie|Simulator,30.0,2,2017,1,single,1.0986122886681098
29482,Neko Navy,Indie|Shooter,70.0,1,2017,1,single,0.6931471805599453
29507,Learn to Fly 3,Adventure|Indie|Simulator|Strategy,69.26354544757834,12,2017,1,single,2.5649493574615367
29513,It Lurks in the Woods,Adventure|Indie,60.0,1,2017,1,single,0.6931471805599453
29525,Hollow,Adventure|Indie|Puzzle|Shooter,50.0,3,2017,1,single,1.3862943611198906
29526,Kindergarten,Adventure|Indie,69.75394208761475,24,2017,2,multi,3.2188758248682006
29528,The Falconers: Moonlight,Adventure|Indie|Visual Novel,70.0,1,2017,3,multi,0.6931471805599453
29559,In the Darkness of the Sea,Adventure|Indie,60.0,1,2017,1,single,0.6931471805599453
29560,Tales of Escape,Adventure|Indie,70.0,2,2017,1,single,1.0986122886681098
29580,Madout Big City,Indie|Racing|Role-playing (RPG)|Simulator|Sport,50.0,2,2017,3,multi,1.0986122886681098
29586,Wulverblade,Adventure|Arcade|Fighting|Hack and slash/Beat 'em up|Indie,88.0,3,2017,1,single,1.3862943611198906
29590,Soma Spirits: Rebalance,Adventure|Indie|Role-playing (RPG)|Turn-based strategy (TBS),70.0,1,2017,1,single,0.6931471805599453
29623,Mini Ghost,Adventure|Indie|Platform,80.0,4,2017,1,single,1.6094379124341003
29642,Miner Ultra Adventures,Adventure|Indie,50.0,3,2017,1,single,1.3862943611198906
29648,Minimalism,Adventure|Indie,46.04192133267716,6,2017,1,single,1.9459101490553132
29657,Civil War: Battle of Petersburg,Strategy,50.0,2,2017,3,multi,1.0986122886681098
29662,A Gummy's Life,Adventure|Fighting|Indie|Simulator,70.0,2,2017,1,single,1.0986122886681098
29669,Dick Wilde,Arcade|Indie|Shooter,70.0,3,2017,1,single,1.3862943611198906
29670,Feminazi: The Triggering,Indie|Simulator,80.0,3,2017,1,single,1.3862943611198906
29694,Slash It 2,Indie,80.0,1,2017,3,multi,0.6931471805599453
29704,VRemin (A Virtual Theremin),Simulator,70.0,1,2017,1,single,0.6931471805599453
29726,Bold New World,Simulator,40.0,4,2017,1,single,1.6094379124341003
29727,Only One Hope,Adventure|Indie|Simulator|Strategy,40.0,1,2017,1,single,0.6931471805599453
29730,Sakura Magical Girls,Adventure|Simulator,60.0,4,2017,1,single,1.6094379124341003
29733,Drizzlepath: Glass,Adventure|Indie|Simulator,60.0,1,2017,1,single,0.6931471805599453
29736,Riskers,Adventure|Fighting|Indie|Racing,50.0,1,2017,2,multi,0.6931471805599453
29744,Afghanistan '11,Indie|Simulator|Strategy|Turn-based strategy (TBS),80.0,1,2017,1,single,0.6931471805599453
29762,Space Impact Glitch,Arcade|Indie,50.0,1,2017,1,single,0.6931471805599453
29772,MegaGlest,Indie|Real Time Strategy (RTS)|Strategy,70.0,1,2017,2,multi,0.6931471805599453
29775,Demonheart,Adventure|Indie|Role-playing (RPG)|Simulator,80.0,2,2017,3,multi,1.0986122886681098
29791,Neverout,Adventure|Indie|Puzzle|Simulator,69.93034825870647,6,2017,3,multi,1.9459101490553132
29801,The Videokid,Arcade|Indie|Platform|Racing|Sport,70.0,2,2017,1,single,1.0986122886681098
29806,A-Tech Cybernetic,Indie,80.0,2,2017,1,single,1.0986122886681098
29812,Puzzle Puppers,Indie|Puzzle|Strategy,70.0,3,2017,3,multi,1.3862943611198906
29826,Three Kingdoms: The Last Warlord,Indie|Role-playing (RPG)|Simulator|Strategy,60.0,1,2017,1,single,0.6931471805599453
29830,Drunk or Dead,Indie|Simulator,70.0,1,2017,1,single,0.6931471805599453
29850,Sakura Agent,Adventure|Indie,60.0,2,2017,1,single,1.0986122886681098
29852,Hell Girls,Adventure|Indie|Puzzle|Role-playing (RPG)|Simulator|Strategy,64.44511341624451,7,2017,2,multi,2.0794415416798357
29855,Queen of Seas,Adventure|Indie,60.0,1,2017,1,single,0.6931471805599453
29863,Fruit Arranger,Indie,50.0,1,2017,1,single,0.6931471805599453
29880,The Wisbey Mystery,Indie,50.0,2,2017,2,multi,1.0986122886681098
29883,MHRD,Indie|Puzzle|Simulator,80.0,2,2017,3,multi,1.0986122886681098
29890,A Long Road Home,Adventure|Indie|Point-and-click,70.0,1,2017,1,single,0.6931471805599453
29894,Economic Conquest,Indie|Simulator|Strategy,50.0,1,2017,1,single,0.6931471805599453
29933,Logistical,Indie|Puzzle|Strategy,60.0,1,2017,1,single,0.6931471805599453
29934,Peregrin,Adventure|Indie|Puzzle,60.0,1,2017,2,multi,0.6931471805599453
29955,Project LUX,Adventure|Indie,70.0,1,2017,1,single,0.6931471805599453
29960,The Secret Order 5: The Buried Kingdom,Adventure,60.0,3,2017,3,multi,1.3862943611198906
29961,Lost Grimoires 2: Shard of Mystery,Adventure|Point-and-click|Puzzle,70.0,5,2017,4,multi,1.791759469228055
29975,Cat or Bread?,Indie,70.0,1,2017,1,single,0.6931471805599453
29994,Oh...Sir! The Hollywood Roast,Adventure|Arcade|Fighting|Indie|Simulator,77.86719367698437,6,2017,4,multi,1.9459101490553132
29995,Not Dying Today,Adventure|Hack and slash/Beat 'em up|Indie|Shooter,60.0,1,2017,2,multi,0.6931471805599453
30011,Zero-G,Indie|Sport,60.0,1,2017,2,multi,0.6931471805599453
30017,The Pasture,Indie|Simulator,40.0,1,2017,2,multi,0.6931471805599453
30021,Frog Hop,Adventure|Indie|Platform,70.0,1,2017,1,single,0.6931471805599453
30030,Cinderella Phenomenon,Indie|Simulator|Visual Novel,77.84059001903475,9,2017,3,multi,2.302585092994046
30038,The Land of Pain,Adventure|Indie,60.0,2,2017,1,single,1.0986122886681098
30046,Metamorfose S,Adventure|Indie,70.0,1,2017,1,single,0.6931471805599453
30048,Pivot Pilot,Indie|Platform|Puzzle,70.0,1,2017,1,single,0.6931471805599453
30063,Leaves: The Journey,Adventure|Indie,69.59320698311227,7,2017,2,multi,2.0794415416798357
30064,Leaves: The Return,Adventure|Indie,70.0,4,2017,2,multi,1.6094379124341003
30073,Ded,Indie,64.72531564457627,5,2017,2,multi,1.791759469228055
30112,MageQuit,Fighting|Indie|Sport|Strategy,70.0,3,2017,1,single,1.3862943611198906
30114,The Fan,Adventure|Indie,60.0,1,2017,1,single,0.6931471805599453
30131,Putrefaction 2: Void Walker,Adventure|Indie|Role-playing (RPG)|Shooter,70.0,1,2017,1,single,0.6931471805599453
30133,Boogeyman 2,Indie|Strategy,70.0,1,2017,1,single,0.6931471805599453
30164,Mass Exodus Redux,Indie,80.0,1,2017,1,single,0.6931471805599453
30177,Henry the Hamster Handler,Arcade|Indie|Puzzle,70.0,1,2017,1,single,0.6931471805599453
30193,The Search,Adventure|Indie|Point-and-click|Puzzle,59.65646474620679,9,2017,1,single,2.302585092994046
30205,Regalia: Of Men and Monarchs,Indie|Role-playing (RPG)|Simulator|Strategy|Turn-based strategy (TBS),60.0,3,2017,3,multi,1.3862943611198906
30284,Fishermurs,Indie,60.0,1,2017,1,single,0.6931471805599453
30315,Dragon Blood,Adventure|Role-playing (RPG),50.0,1,2017,1,single,0.6931471805599453
30339,Panty Party,Adventure|Arcade|Indie|Shooter|Simulator|Visual Novel,80.0,3,2017,1,single,1.3862943611198906
30345,WaveShaper,Indie,70.0,1,2017,2,multi,0.6931471805599453
30359,Just Ignore Them,Adventure|Indie|Point-and-click,62.3571477526318,7,2017,1,single,2.0794415416798357
30360,MidBoss,Indie|Role-playing (RPG)|Strategy,80.0,3,2017,3,multi,1.3862943611198906
30394,Galaxy Girls,Adventure|Indie|Visual Novel,50.0,2,2017,3,multi,1.0986122886681098
30410,Love Ribbon,Adventure|Indie|Visual Novel,67.79014308426073,9,2017,3,multi,2.302585092994046
30415,Fibrillation HD,Adventure|Indie|Shooter,70.0,4,2017,2,multi,1.6094379124341003
30424,Queen's Quest 2: Stories of Forgotten Past,Adventure|Puzzle,70.00988361879013,5,2017,3,multi,1.791759469228055
30440,Faces of Illusion: The Twin Phantoms,Adventure|Point-and-click|Puzzle,80.0,1,2017,3,multi,0.6931471805599453
30443,Odyssey,Adventure|Indie,80.0,1,2017,2,multi,0.6931471805599453
30445,Sonya: The Great Adventure,Adventure|Indie,60.0,3,2017,1,single,1.3862943611198906
30471,IRec,Indie,40.0,1,2017,1,single,0.6931471805599453
30494,Deus Ex: Breach,Role-playing (RPG),49.89561375926336,5,2017,1,single,1.791759469228055
30520,Dark Egypt,Adventure|Indie,30.0,1,2017,1,single,0.6931471805599453
30530,Absoloot,Adventure|Indie,50.0,1,2017,1,single,0.6931471805599453
30602,Syren,Shooter,50.0,1,2017,2,multi,0.6931471805599453
30693,The Shadows of Pygmalion,Adventure|Visual Novel,70.0,2,2017,1,single,1.0986122886681098
30735,Feral Fury,Adventure|Arcade|Indie|Shooter,60.0,2,2017,3,multi,1.0986122886681098
30849,Machine Hunt,Indie,50.0,2,2017,3,multi,1.0986122886681098
30888,A Trip to Yugoslavia: Director's Cut,Adventure|Indie,70.0,1,2017,3,multi,0.6931471805599453
30926,Pro Basketball Manager 2017,Simulator|Sport,40.0,1,2017,1,single,0.6931471805599453
30928,Super Blackjack Battle 2 Turbo Edition - The Card Warriors,Arcade|Card & Board Game|Sport,60.0,1,2017,1,single,0.6931471805599453
30949,Pixel Gladiator,Arcade|Fighting|Indie|Platform|Shooter|Strategy,60.0,3,2017,1,single,1.3862943611198906
30968,Red's Kingdom,Adventure|Indie|Puzzle,90.0,3,2017,3,multi,1.3862943611198906
31060,Academagia: The Making of Mages,Adventure|Indie|Role-playing (RPG)|Simulator|Strategy,60.0,1,2017,1,single,0.6931471805599453
31160,Super Blood Hockey,Arcade|Fighting|Indie|Sport,79.64872099874665,8,2017,3,multi,2.1972245773362196
31173,Domina,Indie|Simulator|Strategy,67.00953703705957,29,2017,1,single,3.4011973816621555
31242,Taiku Mansion,Adventure|Puzzle,50.0,1,2017,1,single,0.6931471805599453
31309,Hack_Me,Indie|Simulator,40.0,4,2017,1,single,1.6094379124341003
31348,Containment Initiative,Indie,70.0,1,2017,1,single,0.6931471805599453
31393,Shio,Indie|Platform,60.0,2,2017,2,multi,1.0986122886681098
31456,Death's Hangover,Arcade|Indie|Platform|Puzzle,80.0,1,2017,1,single,0.6931471805599453
31480,Command Ops 2,Indie|Real Time Strategy (RTS)|Simulator|Strategy,70.0,1,2017,1,single,0.6931471805599453
31518,Stone Age Wars,Indie|Strategy,70.0,1,2017,1,single,0.6931471805599453
31553,Our World is Ended,Adventure|Visual Novel,67.0,3,2017,1,single,1.3862943611198906
31556,TrackMania 2: Lagoon,Racing|Sport,50.0,3,2017,1,single,1.3862943611198906
31557,A Hole New World,Adventure|Arcade|Indie|Platform,70.0,2,2017,4,multi,1.0986122886681098
31558,WWE 2K18,Fighting|Simulator|Sport,63.33515755594298,49,2017,3,multi,3.912023005428146
31561,Chess Ultra,Card & Board Game|Indie|Puzzle|Quiz/Trivia|Simulator|Sport|Strategy,69.90878609323934,11,2017,4,multi,2.4849066497880004
31643,Pinkman,Adventure|Indie,80.0,3,2017,1,single,1.3862943611198906
31655,Stifled,Adventure|Indie,70.0,1,2017,2,multi,0.6931471805599453
31666,Virtual Rides 3,Simulator,50.0,1,2017,3,multi,0.6931471805599453
31675,Cyberline Racing,Indie|Racing,50.0,1,2017,3,multi,0.6931471805599453
31727,Zombie Estate 2,Indie,80.0,1,2017,1,single,0.6931471805599453
31874,To the Top,Indie|Music|Platform|Racing,80.0,4,2017,1,single,1.6094379124341003
31889,Fire Arrow Plus,Arcade|Indie|Shooter,70.0,1,2017,1,single,0.6931471805599453
31915,Zzzz-Zzzz-Zzzz,Adventure|Indie,70.0,2,2017,1,single,1.0986122886681098
31939,Dinosaur Forest,Indie|Shooter,50.0,1,2017,3,multi,0.6931471805599453
31962,Let Them Come,Arcade|Indie|Shooter,52.96969547570954,5,2017,3,multi,1.791759469228055
31975,Gakuen Club,Adventure|Visual Novel,50.0,1,2017,1,single,0.6931471805599453
32124,Pokémon: Magikarp Jump,Simulator,51.06410679844583,39,2017,2,multi,3.6888794541139363
32205,Discovering Space 2,Indie|Simulator,70.0,1,2017,1,single,0.6931471805599453
32277,Eliosi's Hunt,Adventure|Indie|Platform|Role-playing (RPG)|Shooter,70.0,1,2017,2,multi,0.6931471805599453
32328,Card Quest,Card & Board Game|Indie|Role-playing (RPG)|Strategy,80.0,3,2017,1,single,1.3862943611198906
32461,Syrian Warfare,Indie|Real Time Strategy (RTS)|Strategy|Tactical,53.64948037393586,7,2017,1,single,2.0794415416798357
32507,Beekyr Reloaded,Adventure|Arcade|Indie|Shooter,70.0,1,2017,1,single,0.6931471805599453
32639,Crystal City,Adventure|Indie,60.0,4,2017,3,multi,1.6094379124341003
32704,Splody,Arcade|Indie,70.0,1,2017,1,single,0.6931471805599453
32834,The Adventures of Bertram Fiddle: Episode 2 - A Bleaker Predicklement,Adventure|Indie|Puzzle,70.0,1,2017,3,multi,0.6931471805599453
32941,Beyond Magic,Adventure|Indie|Role-playing (RPG),50.0,1,2017,1,single,0.6931471805599453
32981,Dungetris,Adventure|Indie|Role-playing (RPG),60.0,2,2017,1,single,1.0986122886681098
32983,Boiling Bolt,Arcade|Indie|Shooter,30.0,1,2017,3,multi,0.6931471805599453
33061,Circles,Indie|Puzzle,70.0,1,2017,2,multi,0.6931471805599453
33062,The Letter,Adventure|Indie|Role-playing (RPG)|Visual Novel,61.80653638492486,10,2017,4,multi,2.3978952727983707
33223,Under Zero,Adventure|Indie|Role-playing (RPG),40.0,1,2017,1,single,0.6931471805599453
33269,Caveblazers,Adventure|Indie|Platform|Role-playing (RPG),64.74715596330275,10,2017,1,single,2.3978952727983707
33290,Danmaku Unlimited 3,Arcade|Indie|Shooter,70.0,1,2017,1,single,0.6931471805599453
33479,Battle Islands: Commanders,Simulator|Strategy,40.0,3,2017,3,multi,1.3862943611198906
33572,Niche: A Genetics Survival Game,Card & Board Game|Indie|Simulator|Strategy,68.25153123438633,5,2017,3,multi,1.791759469228055
33575,Survival Zombies: The Inverted Evolution,Adventure|Indie|Simulator,50.0,1,2017,3,multi,0.6931471805599453
33605,Rock-n-Rogue A Boo Bunny Plague Adventure,Adventure|Indie,50.0,1,2017,1,single,0.6931471805599453
33625,Rush Rover,Adventure|Arcade|Indie|Shooter,70.0,2,2017,1,single,1.0986122886681098
33701,AFL Evolution,Sport,60.0,1,2017,2,multi,0.6931471805599453
33731,Helium,Adventure|Indie|Shooter,50.40449376277599,5,2017,1,single,1.791759469228055
34110,Engare,Indie|Puzzle,80.0,3,2017,2,multi,1.3862943611198906
34269,Forts,Real Time Strategy (RTS)|Strategy,50.70625098769061,12,2017,1,single,2.5649493574615367
34331,UniBall,Indie|Sport,80.0,1,2017,2,multi,0.6931471805599453
34405,Battle Girls,Adventure|Indie,70.0,1,2017,1,single,0.6931471805599453
34657,Will: A Wonderful World,Adventure|Indie|Puzzle|Visual Novel,80.18047236914143,9,2017,2,multi,2.302585092994046
34667,Distrust,Adventure|Indie|Strategy,64.13500178630439,13,2017,2,multi,2.6390573296152584
34669,Stack,Arcade|Indie|Strategy,90.0,3,2017,1,single,1.3862943611198906
34874,Evil,Indie,85.61797752808988,5,2017,1,single,1.791759469228055
34894,Crossout,Racing|Shooter|Simulator,60.9744538614813,60,2017,2,multi,4.110873864173311
35067,Tactical Genius,Indie|Strategy,60.0,1,2017,1,single,0.6931471805599453
35198,Beauty Bounce,Adventure|Indie|Visual Novel,60.0,1,2017,3,multi,0.6931471805599453
35238,No70: Eye of Basir,Adventure|Indie,50.0,4,2017,1,single,1.6094379124341003
35283,The Darkside Detective,Adventure|Indie|Point-and-click|Puzzle,74.3210044550116,46,2017,3,multi,3.8501476017100584
35479,The Journeyman Project 1: Pegasus Prime,Adventure|Indie,70.0,1,2017,1,single,0.6931471805599453
35626,Golf Story,Adventure|Indie|Role-playing (RPG)|Simulator|Sport,79.73006297221833,45,2017,1,single,3.828641396489095
35637,Race Online,Indie|Racing|Sport,50.0,1,2017,3,multi,0.6931471805599453
35653,Codename Cure,Shooter,38.58780297404848,6,2017,3,multi,1.9459101490553132
35970,Armed with Wings: Rearmed,Fighting|Indie|Platform,80.0,4,2017,1,single,1.6094379124341003
36044,Finding Paradise,Adventure|Arcade|Indie|Point-and-click|Puzzle|Role-playing (RPG),79.86040973208014,92,2017,3,multi,4.532599493153256
36176,Gunmetal Arcadia,Adventure|Indie,60.0,1,2017,3,multi,0.6931471805599453
36300,Xing: The Land Beyond,Adventure|Indie|Puzzle,70.0,1,2017,1,single,0.6931471805599453
36390,Serious Sam's Bogus Detour,Adventure|Indie|Shooter,80.0,3,2017,2,multi,1.3862943611198906
36422,Unit 4,Adventure|Indie|Platform,80.0,1,2017,2,multi,0.6931471805599453
36451,Neighbourhood Necromancer,Adventure|Indie|Role-playing (RPG),50.0,1,2017,3,multi,0.6931471805599453
36452,Card City Nights 2,Adventure|Indie|Strategy,70.0,2,2017,3,multi,1.0986122886681098
36462,Spellspire,Puzzle|Role-playing (RPG),80.0,1,2017,4,multi,0.6931471805599453
36468,Lydia,Adventure|Indie,67.91860595490232,12,2017,2,multi,2.5649493574615367
36469,Nephise Begins,Adventure|Indie,48.35605981876802,6,2017,1,single,1.9459101490553132
36470,Tomboys Need Love Too!,Indie|Simulator|Visual Novel,80.0,3,2017,3,multi,1.3862943611198906
36472,Amaze 2,Indie,80.0,1,2017,1,single,0.6931471805599453
36478,Intelligent Design: An Evolutionary Sandbox,Indie|Simulator|Strategy,50.0,1,2017,3,multi,0.6931471805599453
36495,"Remember, Remember",Adventure|Indie|Strategy|Visual Novel,60.0,1,2017,3,multi,0.6931471805599453
36499,Nongunz,Indie,80.0,2,2017,3,multi,1.0986122886681098
36504,Fall of Light,Adventure|Hack and slash/Beat 'em up|Indie|Role-playing (RPG),50.0,3,2017,2,multi,1.3862943611198906
36506,Little Witch Academia: Chamber of Time,Adventure|Hack and slash/Beat 'em up|Role-playing (RPG),79.73164231644579,6,2017,1,single,1.9459101490553132
36528,Ski Sniper,Shooter|Sport,70.0,1,2017,2,multi,0.6931471805599453
36529,Cyberhunt,Adventure|Indie,70.0,2,2017,1,single,1.0986122886681098
36534,Lost Sphear,Adventure|Role-playing (RPG),60.09401760706309,12,2017,1,single,2.5649493574615367
36543,Last Day of June,Adventure|Indie|Puzzle|Role-playing (RPG),75.39827807890477,79,2017,2,multi,4.382026634673881
36553,Medieval Kingdom Wars,Indie|Simulator|Strategy,80.0,2,2017,1,single,1.0986122886681098
36597,Cat Quest,Adventure|Indie|Role-playing (RPG),70.38528355780194,91,2017,3,multi,4.5217885770490405
36614,TransRoad: USA,Simulator|Strategy,50.0,2,2017,2,multi,1.0986122886681098
36615,Gunheart,Indie|Shooter,80.0,1,2017,4,multi,0.6931471805599453
36626,Necrosphere,Adventure|Indie|Platform,80.0,2,2017,1,single,1.0986122886681098
36629,Juanito Arcade Mayhem,Adventure|Indie|Shooter,70.0,3,2017,1,single,1.3862943611198906
36633,Lines,Indie|Puzzle|Strategy,70.0,2,2017,1,single,1.0986122886681098
36635,Aeon,Adventure|Indie|Role-playing (RPG)|Simulator,60.0,1,2017,1,single,0.6931471805599453
36644,Plague Road,Adventure|Card & Board Game|Indie|Role-playing (RPG)|Strategy,73.0,2,2017,2,multi,1.0986122886681098
36662,Need for Speed: Payback,Racing|Sport,60.28381274262586,230,2017,3,multi,5.442417710521793
36705,Sudden Strike 2 Gold,Real Time Strategy (RTS)|Strategy,60.0,2,2017,1,single,1.0986122886681098
36707,The Fidelio Incident,Adventure|Indie,70.3030137810108,12,2017,1,single,2.5649493574615367
36721,Realm Grinder,Role-playing (RPG)|Strategy,77.40188069485284,25,2017,1,single,3.258096538021482
36724,Fidel: Dungeon Rescue,Indie|Puzzle|Role-playing (RPG),80.0,3,2017,2,multi,1.3862943611198906
36743,Tiny Echo,Adventure|Indie,76.3000526921637,9,2017,1,single,2.302585092994046
36749,Monument Valley II,Adventure|Indie|Platform|Point-and-click|Puzzle|Strategy,86.81131447607592,97,2017,2,multi,4.584967478670572
36781,Dead Alliance,Shooter,50.0,3,2017,3,multi,1.3862943611198906
36787,Archangel: Hellfire,Role-playing (RPG)|Shooter|Simulator,60.0,4,2017,4,multi,1.6094379124341003
36813,The Evil Within 2,Adventure|Role-playing (RPG)|Shooter,81.79574640808575,275,2017,3,multi,5.62040086571715
36814,Atelier Lydie & Suelle: The Alchemists and the Mysterious Paintings,Adventure|Role-playing (RPG),74.5909600298842,7,2017,3,multi,2.0794415416798357
36818,Strategic Command WWII: War in Europe,Strategy|Turn-based strategy (TBS),70.0,4,2017,1,single,1.6094379124341003
36829,Avatar of the Wolf,Adventure|Indie|Role-playing (RPG),70.0,1,2017,3,multi,0.6931471805599453
36846,The End Is Nigh,Adventure|Indie|Platform,84.55903445904474,48,2017,3,multi,3.8918202981106265
36847,NHL 18,Sport,69.95587605837169,19,2017,2,multi,2.995732273553991
36856,The Mummy: Demastered,Adventure|Platform|Puzzle|Shooter,72.80678871259016,22,2017,5,multi,3.1354942159291497
36868,Bubsy: The Woolies Strike Back,Adventure|Platform,26.04916111878632,6,2017,2,multi,1.9459101490553132
36872,Forza Motorsport 7,Racing|Simulator,75.86928123578807,71,2017,2,multi,4.276666119016055
36893,The Mage's Tale,Adventure|Puzzle|Role-playing (RPG),60.0,1,2017,1,single,0.6931471805599453
36951,Tiny Tales: Heart of the Forest,Adventure|Puzzle,50.0,1,2017,3,multi,0.6931471805599453
36952,Wolfenstein II: The New Colossus,Adventure|Shooter,81.54294615007726,632,2017,3,multi,6.450470422144176
36977,Deep Space Waifu,Indie|Shooter,46.92939434564646,16,2017,1,single,2.833213344056216
36978,Will Glow the Wisp,Arcade|Indie,53.31470859065786,5,2017,1,single,1.791759469228055
36979,Art of Gravity,Indie|Puzzle|Strategy,80.0,2,2017,4,multi,1.0986122886681098
37006,Scarlett Mysteries: Cursed Child,Adventure|Point-and-click|Puzzle,70.0,4,2017,3,multi,1.6094379124341003
37007,Zombie Solitaire 2 Chapter 1,Card & Board Game,70.0,1,2017,1,single,0.6931471805599453
37008,Lode Runner Legacy,Arcade|Platform|Puzzle,70.0,1,2017,1,single,0.6931471805599453
37024,Super Lucky's Tale,Adventure|Platform,70.19237525817323,31,2017,2,multi,3.4657359027997265
37031,Doom VFR,Shooter,78.93467139533908,15,2017,3,multi,2.772588722239781
37036,Terra Mystica,Indie|Strategy,50.0,1,2017,1,single,0.6931471805599453
37038,Dal Segno,Visual Novel,70.0,1,2017,1,single,0.6931471805599453
37050,New Frontier Days: Founding Pioneers,Simulator,65.0,1,2017,1,single,0.6931471805599453
37052,4D Toys,Indie|Simulator,70.0,1,2017,1,single,0.6931471805599453
37063,South Park: Phone Destroyer,Card & Board Game|Real Time Strategy (RTS)|Role-playing (RPG)|Turn-based strategy (TBS),68.10165724496646,18,2017,2,multi,2.9444389791664403
37067,Just Dance 2018,Music,67.73435302528652,14,2017,7,multi,2.70805020110221
37092,Hidden Agenda,Adventure,70.52878474236891,35,2017,1,single,3.58351893845611
37141,That's You!,Quiz/Trivia,72.23709777020895,25,2017,1,single,3.258096538021482
37184,Angry Birds Evolution,Puzzle|Role-playing (RPG)|Tactical,90.0,4,2017,2,multi,1.6094379124341003
37385,Pro Cycling Manager 2017,Simulator|Sport,50.0,1,2017,1,single,0.6931471805599453
37390,Supreme Ruler the Great War,Indie|Simulator|Strategy,60.0,1,2017,2,multi,0.6931471805599453
37401,Baobabs Mausoleum Ep. 1: Ovnifagos Don't Eat Flamingos,Adventure|Indie|Role-playing (RPG),50.0,1,2017,2,multi,0.6931471805599453
37419,Dude Simulator,Indie|Simulator,74.94471750889136,37,2017,1,single,3.6375861597263857
37423,Hard Man,Indie|Platform,50.0,1,2017,1,single,0.6931471805599453
38040,Persian Nights: Sands of Wonders,Adventure|Point-and-click|Puzzle,70.0,2,2017,5,multi,1.0986122886681098
38045,Dream Daddy: A Dad Dating Simulator,Adventure|Indie|Simulator|Visual Novel,66.00012839257347,22,2017,2,multi,3.1354942159291497
38494,Flood of Light,Adventure|Indie|Platform|Puzzle|Role-playing (RPG),70.0,3,2017,3,multi,1.3862943611198906
38499,Unearthing Mars,Adventure|Simulator,50.0,2,2017,3,multi,1.0986122886681098
38757,Ticket to Earth,Adventure|Indie|Puzzle|Role-playing (RPG)|Strategy|Tactical,80.78276895440098,6,2017,1,single,1.9459101490553132
38763,Flagsplosion,Indie|Quiz/Trivia,70.0,1,2017,3,multi,0.6931471805599453
38784,Zup! 5,Indie|Puzzle,51.27216545370651,6,2017,1,single,1.9459101490553132
38789,Confess My Love,Adventure|Indie|Role-playing (RPG),56.36498884550279,12,2017,1,single,2.5649493574615367
38792,Zarya-1: Mystery on the Moon,Adventure|Indie,70.0,1,2017,2,multi,0.6931471805599453
38793,Strikey Sisters,Adventure|Arcade|Indie,70.0118048939074,5,2017,3,multi,1.791759469228055
38978,Witchinour,Arcade|Indie|Shooter,70.0,2,2017,1,single,1.0986122886681098
39012,World of One,Adventure|Indie|Platform|Puzzle,40.0,1,2017,3,multi,0.6931471805599453
39749,The House of Da Vinci,Adventure|Indie|Point-and-click|Puzzle|Role-playing (RPG)|Simulator|Strategy,73.03028161836545,29,2017,1,single,3.4011973816621555
39752,Omega Strike,Adventure|Arcade|Indie|Platform|Shooter,70.0,2,2017,1,single,1.0986122886681098
39755,Gold Mining Simulator,Indie|Simulator,52.97027461807119,9,2017,2,multi,2.302585092994046
39785,Cart Racer,Adventure|Indie|Racing,50.0,2,2017,1,single,1.0986122886681098
40463,Zhust: The Illusion Soul,Adventure|Fighting|Hack and slash/Beat 'em up|Indie,50.0,1,2017,1,single,0.6931471805599453
40470,Car Mechanic Simulator 2018,Racing|Simulator,65.96744980502895,35,2017,2,multi,3.58351893845611
40524,Park Bound,Indie,82.0,5,2017,3,multi,1.791759469228055
40556,Greedy Guns,Adventure|Indie,70.0,2,2017,3,multi,1.0986122886681098
40557,Fighting Fantasy Legends,Adventure|Card & Board Game|Indie|Role-playing (RPG),60.0,1,2017,2,multi,0.6931471805599453
40566,Carrier Deck,Simulator|Strategy,80.0,1,2017,2,multi,0.6931471805599453
40706,Fly Simulator,Indie|Simulator,50.0,1,2017,1,single,0.6931471805599453
40708,Chambered,Indie,70.0,1,2017,1,single,0.6931471805599453
40843,Super Sports Surgery,Adventure|Indie|Simulator|Sport,70.0,1,2017,2,multi,0.6931471805599453
40968,Original Journey,Adventure|Indie|Platform|Role-playing (RPG)|Shooter,33.636363,1,2017,2,multi,0.6931471805599453
41051,Pinball FX3,Arcade|Pinball|Simulator,78.92040104150024,15,2017,3,multi,2.772588722239781
41052,Final Fantasy XV: A New Empire,Role-playing (RPG)|Strategy,29.48312279121087,7,2017,2,multi,2.0794415416798357
41106,Gevaudan,Adventure|Indie,50.0,1,2017,1,single,0.6931471805599453
41820,Creeping Terror,Adventure|Indie,50.0,1,2017,1,single,0.6931471805599453
41827,School Girl/Zombie Hunter,Hack and slash/Beat 'em up|Shooter,60.0,4,2017,1,single,1.6094379124341003
41899,Hooligan Vasja: Halloween,Indie,50.0,1,2017,1,single,0.6931471805599453
41905,Descent: Silence of Mind,Adventure|Indie,70.0,1,2017,1,single,0.6931471805599453
41925,Mad Muzzles,Indie|Strategy,50.0,1,2017,1,single,0.6931471805599453
41934,Flow: The Sliding,Indie,50.0,1,2017,1,single,0.6931471805599453
41957,Cattails,Adventure|Indie|Role-playing (RPG)|Simulator,80.0,4,2017,2,multi,1.6094379124341003
41958,Castle of no Escape,Arcade|Indie|Role-playing (RPG),50.0,1,2017,1,single,0.6931471805599453
42925,Just In Time Incorporated,Indie|Shooter|Simulator,60.0,1,2017,1,single,0.6931471805599453
43061,Rugby League Live 4,Simulator|Sport,50.0,1,2017,2,multi,0.6931471805599453
43080,Eight-Minute Empire,Indie|Strategy,50.0,1,2017,4,multi,0.6931471805599453
43082,Grav Blazer,Indie,50.0,1,2017,1,single,0.6931471805599453
43084,Professor Watts Word Search: Into the Ocean,Indie|Puzzle|Strategy,50.0,1,2017,1,single,0.6931471805599453
43085,Grisaia Phantom Trigger Vol.3,Adventure,70.0,2,2017,1,single,1.0986122886681098
43120,Ashworld,Adventure|Platform|Racing|Role-playing (RPG)|Shooter,50.0,1,2017,3,multi,0.6931471805599453
43130,Twins of the Pasture,Adventure|Simulator,60.0,3,2017,1,single,1.3862943611198906
43131,Swords and Sandals 2 Redux: Maximus Edition,Role-playing (RPG),50.0,1,2017,2,multi,0.6931471805599453
43140,A Snake's Tale,Indie|Puzzle,70.0,1,2017,3,multi,0.6931471805599453
43142,Dracula's Library,Adventure|Indie|Role-playing (RPG)|Simulator,40.0,1,2017,1,single,0.6931471805599453
43487,Grimoire: Heralds of the Winged Exemplar,Adventure|Indie|Role-playing (RPG)|Turn-based strategy (TBS),50.0,1,2017,1,single,0.6931471805599453
43501,Jydge,Arcade|Indie|Role-playing (RPG)|Shooter|Simulator|Strategy|Tactical,80.0,4,2017,6,multi,1.6094379124341003
43508,Cyber Utopia,Adventure,50.0,2,2017,1,single,1.0986122886681098
43510,Isotiles,Indie|Strategy,70.0,1,2017,2,multi,0.6931471805599453
44076,Last Day on Earth: Survival,Adventure|Hack and slash/Beat 'em up|Role-playing (RPG)|Shooter|Simulator|Strategy,64.5011523844905,33,2017,2,multi,3.5263605246161616
44087,Flix and Chill 2: Millennials,Indie|Simulator,70.0,4,2017,2,multi,1.6094379124341003
44093,Farmington Tales,Simulator,70.0,1,2017,1,single,0.6931471805599453
44103,Unreal Estate,Card & Board Game|Indie|Simulator|Strategy,70.0,1,2017,2,multi,0.6931471805599453
44112,Galaxy of Pen and Paper,Adventure|Indie|Role-playing (RPG)|Strategy,50.0,2,2017,5,multi,1.0986122886681098
44114,Riaaf the Spider,Adventure|Indie,70.0,1,2017,1,single,0.6931471805599453
44141,Vostok Inc.,Arcade|Indie|Role-playing (RPG)|Shooter,50.0,2,2017,3,multi,1.0986122886681098
44143,Hand Simulator,Simulator,64.53960835965869,24,2017,2,multi,3.2188758248682006
44158,Minecraft: Story Mode - Season Two,Adventure|Point-and-click,65.947318235481,37,2017,7,multi,3.6375861597263857
44163,Graze Counter,Arcade|Indie|Shooter,70.0,1,2017,1,single,0.6931471805599453
44176,Blind Men,Adventure|Indie|Simulator|Visual Novel,60.0,1,2017,3,multi,0.6931471805599453
44181,The Initiate,Adventure|Indie,70.0,1,2017,2,multi,0.6931471805599453
44186,Wrestling Revolution 3D,Indie|Simulator|Sport|Strategy,70.0,5,2017,2,multi,1.791759469228055
44187,The Initial,Adventure|Indie|Role-playing (RPG),50.0,2,2017,2,multi,1.0986122886681098
44202,Strangers in a Strange Land,Adventure|Indie|Role-playing (RPG),50.0,1,2017,1,single,0.6931471805599453
44222,ElectricScribe,Indie|Strategy,60.0,1,2017,1,single,0.6931471805599453
44246,Shadow Bug,Adventure|Indie|Platform|Puzzle,70.0,1,2017,2,multi,0.6931471805599453
44252,Dark Mystery,Adventure|Indie|Platform|Puzzle|Strategy,60.0,1,2017,2,multi,0.6931471805599453
44277,Bannerman,Adventure|Indie,60.0,1,2017,1,single,0.6931471805599453
44280,Little Red Lie,Adventure|Indie,70.0,2,2017,2,multi,1.0986122886681098
44284,World Basketball Manager 2,Simulator|Sport|Strategy,60.0,1,2017,2,multi,0.6931471805599453
44516,West of Loathing,Adventure|Indie|Role-playing (RPG)|Turn-based strategy (TBS),80.25619855438356,46,2017,3,multi,3.8501476017100584
44529,Million Arthur: Arcana Blood,Fighting,60.0,2,2017,1,single,1.0986122886681098
44574,Firewood,Adventure|Indie,70.0,1,2017,1,single,0.6931471805599453
45111,Fantasy Strike,Fighting|Indie,51.25237723914409,7,2017,2,multi,2.0794415416798357
45981,Five Nights at Candy's 3,Adventure|Point-and-click|Strategy,54.7194945797409,5,2017,1,single,1.791759469228055
46461,Soulslayer,Adventure|Indie|Puzzle,70.0,2,2017,3,multi,1.0986122886681098
46754,Virtua Tennis Challenge,Sport,79.7870078432483,5,2017,1,single,1.791759469228055
47128,VTOL VR,Indie|Simulator,84.33313034141607,8,2017,1,single,2.1972245773362196
47158,DanMachi: Memoria Freese,Adventure|Role-playing (RPG)|Turn-based strategy (TBS),33.947887,1,2017,2,multi,0.6931471805599453
47983,Omegaland,Indie|Platform,70.0,1,2017,1,single,0.6931471805599453
47991,Burn It Down,Adventure|Indie,70.0,1,2017,1,single,0.6931471805599453
47995,Swim Out,Indie|Puzzle|Sport|Strategy|Turn-based strategy (TBS),60.0,2,2017,2,multi,1.0986122886681098
50506,This Strange Realm of Mine,Adventure|Indie|Shooter,64.51248013461719,7,2017,2,multi,2.0794415416798357
50521,The Monster Inside,Indie|Music,58.18018301245948,7,2017,3,multi,2.0794415416798357
50534,Alien Splatter Redux,Adventure|Indie,70.0,1,2017,1,single,0.6931471805599453
50543,Tauronos,Adventure|Arcade|Indie|Puzzle|Simulator,70.0,2,2017,1,single,1.0986122886681098
50747,Mortal Blitz,Arcade|Shooter,70.0,1,2017,1,single,0.6931471805599453
50891,Tragedy of Prince Rupert,Indie,70.0,1,2017,1,single,0.6931471805599453
51382,Chroma Lab,Indie|Simulator,80.0,1,2017,1,single,0.6931471805599453
51407,Levels+: Addictive Puzzle Game,Card & Board Game|Puzzle|Role-playing (RPG),71.0,1,2017,1,single,0.6931471805599453
51413,Gods of the Fallen Land,Indie|Role-playing (RPG)|Strategy,70.0,1,2017,1,single,0.6931471805599453
51424,Amaze Zer0,Adventure|Indie|Simulator|Strategy,70.0,1,2017,1,single,0.6931471805599453
51435,Red Wake Carnage,Indie|Shooter,30.0,1,2017,3,multi,0.6931471805599453
51443,CarX Drift Racing Online,Arcade|Racing|Simulator|Sport,80.28837504139425,9,2017,1,single,2.302585092994046
51467,Suicide Guy,Adventure|Indie|Puzzle,69.54548268582396,10,2017,3,multi,2.3978952727983707
51485,Super Fancy Pants Adventure,Adventure|Arcade|Indie|Platform,80.80993031783224,23,2017,2,multi,3.1780538303479458
51504,The Automatician,Adventure|Indie|Puzzle,50.0,1,2017,1,single,0.6931471805599453
51525,Batman: The Enemy Within,Adventure|Point-and-click,77.45825202420644,178,2017,4,multi,5.187385805840755
51550,Age of Fear 3: The Legend,Indie|Role-playing (RPG)|Strategy|Tactical|Turn-based strategy (TBS),70.0,2,2017,3,multi,1.0986122886681098
51558,Solar Gun,Indie|Platform|Puzzle,70.0,3,2017,3,multi,1.3862943611198906
51570,Dark Elf,Adventure|Indie|Role-playing (RPG),60.04107359758255,6,2017,1,single,1.9459101490553132
51579,Close Me,Adventure|Indie,70.0,1,2017,3,multi,0.6931471805599453
51730,36 Fragments of Midnight,Adventure|Arcade|Indie|Platform|Puzzle,62.53455536298836,11,2017,3,multi,2.4849066497880004
51937,Alien Arena: Warriors of Mars,Indie,70.0,3,2017,2,multi,1.3862943611198906
51944,A Robot Named Fight,Adventure|Indie|Platform|Shooter,81.79775280898878,6,2017,3,multi,1.9459101490553132
51945,Ratty Catty,Adventure|Indie|Simulator|Strategy,72.91666666666667,23,2017,1,single,3.1780538303479458
51951,Dysfunctional Systems: Orientation,Indie,70.0,1,2017,3,multi,0.6931471805599453
51975,Dinosaur Hunt First Blood,Indie,40.0,1,2017,3,multi,0.6931471805599453
51987,Stickman Wars,Fighting|Indie,40.0,1,2017,1,single,0.6931471805599453
51991,Delude - Succubus Prison,Adventure|Indie|Role-playing (RPG)|Simulator,60.0,1,2017,2,multi,0.6931471805599453
52028,Hobo: Tough Life,Adventure|Indie|Role-playing (RPG)|Simulator,68.62790255085181,13,2017,1,single,2.6390573296152584
52059,Spears 'n' Spades,Adventure|Indie,70.0,1,2017,1,single,0.6931471805599453
52077,The Rodinia Project,Indie,60.0,1,2017,1,single,0.6931471805599453
52085,Pepper's Puzzles,Indie|Puzzle,70.0,2,2017,1,single,1.0986122886681098
52095,ICY: Frostbite Edition,Role-playing (RPG),70.0,1,2017,3,multi,0.6931471805599453
52190,The LEGO Ninjago Movie Video Game,Adventure|Hack and slash/Beat 'em up|Shooter,69.43039813877195,39,2017,4,multi,3.6888794541139363
52207,MagiCat,Adventure|Indie|Platform|Puzzle,70.0,3,2017,2,multi,1.3862943611198906
52249,GravNewton,Indie,70.0,1,2017,1,single,0.6931471805599453
52260,Mindnight,Indie|Role-playing (RPG)|Strategy,70.0,3,2017,3,multi,1.3862943611198906
52279,LeftWay,Adventure|Indie,60.0,1,2017,3,multi,0.6931471805599453
52282,Onirim: Solitaire Card Game,Strategy,74.14726753565611,6,2017,2,multi,1.9459101490553132
52298,Logistical: British Isles,Indie|Strategy,50.0,1,2017,1,single,0.6931471805599453
52524,Airport CEO,Indie|Simulator|Strategy,67.8156225731963,6,2017,1,single,1.9459101490553132
53092,Bouncy Bob,Arcade|Indie|Platform,27.0,3,2017,1,single,1.3862943611198906
53313,WestSlingers,Indie|Strategy,70.0,1,2017,1,single,0.6931471805599453
54443,Morph Girl,Adventure|Indie|Point-and-click|Simulator|Visual Novel,50.0,3,2017,1,single,1.3862943611198906
54447,Head Goal: Soccer Online,Indie|Simulator|Sport,50.0,1,2017,2,multi,0.6931471805599453
54467,Weable,Indie,70.0,1,2017,1,single,0.6931471805599453
54496,Zeran's Folly,Adventure|Indie|Platform,60.0,2,2017,1,single,1.0986122886681098
54524,Real Farm,Racing|Simulator|Strategy,40.0,1,2017,3,multi,0.6931471805599453
54580,Megaton Rainfall,Indie|Shooter|Simulator,69.83193519853911,7,2017,2,multi,2.0794415416798357
54581,Gal*Gun VR,Adventure|Indie|Shooter|Simulator,80.0,1,2017,1,single,0.6931471805599453
54634,Purrfect Date,Adventure|Indie|Role-playing (RPG)|Simulator,80.0,1,2017,1,single,0.6931471805599453
54660,Last Man Standing,Adventure|Indie|Shooter|Strategy,43.53395514681885,7,2017,1,single,2.0794415416798357
54662,Football Manager 2018,Simulator|Sport,88.38472370309728,45,2017,3,multi,3.828641396489095
54699,Black Mirror,Adventure|Point-and-click,52.3556074369705,13,2017,5,multi,2.6390573296152584
54700,Shooty Fruity,Arcade|Shooter|Simulator,70.0,2,2017,1,single,1.0986122886681098
54709,Planet of the Apes: Last Frontier,Adventure|Indie,69.96125532739248,6,2017,2,multi,1.9459101490553132
54774,Astro Bears Party,Arcade|Fighting,57.0,3,2017,1,single,1.3862943611198906
54780,Subsurface Circular,Adventure|Indie|Puzzle,71.29278115766812,23,2017,2,multi,3.1780538303479458
54789,MudRunner,Racing|Simulator|Strategy,77.25182409814911,59,2017,3,multi,4.0943445622221
54810,Zup! 6,Indie,49.12642130430635,7,2017,1,single,2.0794415416798357
54848,XXZ: Strip Club,Indie|Role-playing (RPG),70.0,1,2017,1,single,0.6931471805599453
54963,Galencia,Shooter,70.0,1,2017,1,single,0.6931471805599453
54979,No Heroes Here,Adventure|Indie|Platform|Simulator|Strategy,70.0,4,2017,2,multi,1.6094379124341003
54999,Kill the Emoji,Adventure|Arcade|Indie|Shooter|Simulator,80.0,2,2017,2,multi,1.0986122886681098
55048,Another Lost Phone: Laura's Story,Adventure|Card & Board Game|Indie|Puzzle|Simulator,71.99107504916108,14,2017,5,multi,2.70805020110221
55106,Reigns: Her Majesty,Adventure|Card & Board Game|Indie|Role-playing (RPG)|Simulator|Strategy,69.41530202662734,21,2017,5,multi,3.091042453358316
55179,CATS: Crash Arena Turbo Stars,Arcade|Fighting|Simulator,69.91149976086027,16,2017,2,multi,2.833213344056216
55192,Gear.Club Unlimited,Racing,57.10830218010882,7,2017,1,single,2.0794415416798357
55196,Floor Kids,Indie|Music|Sport,77.0,2,2017,1,single,1.0986122886681098
55197,Yono and the Celestial Elephants,Adventure|Indie|Puzzle|Role-playing (RPG),69.5549462893148,7,2017,2,multi,2.0794415416798357
55215,Earth Atlantis,Adventure|Indie|Shooter,80.0,1,2017,1,single,0.6931471805599453
55264,Molten Armor,Indie|Strategy,60.0,1,2017,3,multi,0.6931471805599453
55285,Amaze Dark Times,Indie,50.0,1,2017,1,single,0.6931471805599453
55291,The Art of Knuckle Sandwich,Adventure|Role-playing (RPG),30.0,1,2017,1,single,0.6931471805599453
55315,Darkarta: A Broken Heart's Quest,Adventure|Indie,50.0,1,2017,3,multi,0.6931471805599453
55327,Books,Indie|Puzzle,50.0,2,2017,1,single,1.0986122886681098
55330,The Dropping of the Dead,Indie,40.0,1,2017,1,single,0.6931471805599453
55360,Yandere School,Indie,50.0,1,2017,1,single,0.6931471805599453
55361,Transparent Black,Adventure|Indie|Role-playing (RPG),70.0,1,2017,1,single,0.6931471805599453
55380,Freedom Defender,Indie|Strategy,70.0,1,2017,1,single,0.6931471805599453
55390,Silicon Zeroes,Indie|Puzzle|Simulator,80.0,1,2017,3,multi,0.6931471805599453
55408,MarZ: Tactical Base Defense,Indie|Strategy,70.0,2,2017,1,single,1.0986122886681098
55422,Headliner,Adventure|Indie|Visual Novel,68.651427580809,7,2017,3,multi,2.0794415416798357
55451,Sinkr,Indie|Puzzle|Strategy|Turn-based strategy (TBS),80.0,1,2017,3,multi,0.6931471805599453
55458,Questr,Indie|Role-playing (RPG),70.0,1,2017,2,multi,0.6931471805599453
55474,Prison Boss VR,Arcade|Indie|Simulator,70.0,1,2017,1,single,0.6931471805599453
55476,Call of War,Simulator|Strategy,60.53846153846153,8,2017,3,multi,2.1972245773362196
55483,Brickochet,Indie,70.0,1,2017,1,single,0.6931471805599453
55519,The Myth Seekers: The Legacy of Vulcan,Adventure|Puzzle,80.0,4,2017,2,multi,1.6094379124341003
55536,Mirror,Adventure|Indie|Puzzle|Role-playing (RPG),69.98537524048088,20,2017,2,multi,3.044522437723423
55538,Fashioning Little Miss Lonesome,Adventure|Visual Novel,80.0,3,2017,1,single,1.3862943611198906
55546,The Legacy: Forgotten Gates,Adventure|Puzzle,70.0,1,2017,2,multi,0.6931471805599453
55573,Stellatum,Arcade|Indie|Role-playing (RPG)|Shooter|Simulator,50.0,1,2017,1,single,0.6931471805599453
55595,Triple Otakus Puzzle,Indie,40.0,1,2017,1,single,0.6931471805599453
55596,Pixel Traffic: Risky Bridge,Indie|Racing,70.0,1,2017,3,multi,0.6931471805599453
55628,Bomber Crew,Indie|Simulator|Strategy,75.1309682133641,23,2017,3,multi,3.1780538303479458
55631,Destination Dungeon: Crypts of Warthallow,Adventure|Indie|Role-playing (RPG),50.0,1,2017,1,single,0.6931471805599453
55634,Glitch Simulator 2018,Adventure|Indie|Simulator,30.0,1,2017,1,single,0.6931471805599453
55688,Neofeud,Adventure|Indie|Point-and-click|Visual Novel,50.0,3,2017,1,single,1.3862943611198906
55695,Holy Potatoes! What the Hell?!,Arcade|Indie|Simulator|Strategy,50.0,2,2017,3,multi,1.0986122886681098
55697,The Secret Order 6: Bloodline,Adventure,90.0,4,2017,3,multi,1.6094379124341003
55700,Senalux,Indie,70.0,1,2017,3,multi,0.6931471805599453
55701,Status: Insane,Adventure|Indie|Strategy,70.0,1,2017,1,single,0.6931471805599453
55707,Toy Clash,Indie|Strategy,70.0,1,2017,1,single,0.6931471805599453
55717,Wooden Battles,Indie|Simulator|Strategy,70.0,1,2017,1,single,0.6931471805599453
55728,Bouncing Duck Simulator,Indie|Simulator,60.0,2,2017,1,single,1.0986122886681098
55729,Fear of Nightmares: Madness Descent,Adventure|Indie|Strategy,50.0,1,2017,1,single,0.6931471805599453
55741,American Patriots: Boston Tea Party,Strategy,70.0,1,2017,3,multi,0.6931471805599453
55764,The Witch's Isle,Adventure|Indie|Point-and-click|Role-playing (RPG),70.0,2,2017,1,single,1.0986122886681098
55799,Push,Indie|Puzzle,80.0,2,2017,5,multi,1.0986122886681098
55801,Floor Plan: Hands-On Edition,Adventure|Indie,70.0,2,2017,1,single,1.0986122886681098
55803,Tricolour Lovestory,Adventure|Indie|Visual Novel,80.0,3,2017,1,single,1.3862943611198906
55805,Tales from Candlekeep: Tomb of Annihilation,Adventure|Role-playing (RPG)|Strategy|Turn-based strategy (TBS),60.0,3,2017,2,multi,1.3862943611198906
55935,Doki Doki Literature Club!,Adventure|Indie|Visual Novel,81.87188564494043,531,2017,3,multi,6.2766434893416445
56003,Fastlane: Road to Revenge,Arcade,90.0,1,2017,2,multi,0.6931471805599453
56014,Kingdoms of Heckfire,Real Time Strategy (RTS)|Role-playing (RPG)|Strategy,80.0,1,2017,2,multi,0.6931471805599453
56018,Arkanoid vs. Space Invaders,Arcade,90.0,2,2017,3,multi,1.0986122886681098
56030,Astro Duel Deluxe,Arcade|Shooter,77.0,1,2017,1,single,0.6931471805599453
56035,The Hanged Man,Adventure|Indie,70.0,2,2017,1,single,1.0986122886681098
56168,Wiz Khalifa's Weed Farm,Music|Simulator|Strategy,90.0,2,2017,1,single,1.0986122886681098
56288,Family Guy: Another Freakin' Mobile Game,Adventure|Puzzle,90.0,1,2017,1,single,0.6931471805599453
56435,Dujanah,Adventure|Indie|Role-playing (RPG),70.0,4,2017,3,multi,1.6094379124341003
56581,High Hell,Indie|Shooter,50.90917273731047,11,2017,2,multi,2.4849066497880004
56585,Radiation City,Adventure|Shooter,50.0,1,2017,2,multi,0.6931471805599453
56586,Toon Blast,Arcade|Puzzle,90.0,1,2017,1,single,0.6931471805599453
56613,Mad Age and This Guy,Adventure|Arcade|Indie|Puzzle,70.0,2,2017,1,single,1.0986122886681098
56653,Sense of the Devil,Indie,30.0,1,2017,3,multi,0.6931471805599453
56660,Hoo-Boy,Adventure|Indie,70.0,1,2017,1,single,0.6931471805599453
56687,Crossroad Mysteries: The Broken Deal,Adventure|Indie,50.0,1,2017,3,multi,0.6931471805599453
56697,Coffee Crisis,Arcade|Fighting|Hack and slash/Beat 'em up|Indie,70.0,5,2017,1,single,1.791759469228055
56827,Merge Dragons,Puzzle,90.0,3,2017,2,multi,1.3862943611198906
56831,WitchWay,Indie|Platform|Puzzle,78.39895013123359,5,2017,1,single,1.791759469228055
56873,Duck Season,Adventure|Indie|Shooter,60.24925142481052,13,2017,2,multi,2.6390573296152584
56890,Purple Heart,Adventure|Indie,50.0,1,2017,1,single,0.6931471805599453
56891,Adventure Pop,Arcade|Puzzle,50.0,4,2017,2,multi,1.6094379124341003
56902,Golf Clash,Simulator|Sport,90.0,2,2017,2,multi,1.0986122886681098
56967,Game of Thrones: Conquest,Strategy,90.0,3,2017,2,multi,1.3862943611198906
56969,Vaporum,Adventure|Indie|Role-playing (RPG)|Strategy,79.38987302828636,8,2017,3,multi,2.1972245773362196
56972,Sonny,Adventure|Indie|Point-and-click|Racing|Role-playing (RPG)|Simulator|Sport|Strategy|Turn-based strategy (TBS),50.0,4,2017,1,single,1.6094379124341003
57032,Sakura Gamer,Adventure|Simulator,70.0,2,2017,3,multi,1.0986122886681098
57038,Dungeons of Kremlin: Remastered,Adventure|Indie|Shooter,50.0,1,2017,1,single,0.6931471805599453
57841,Urban Trial Freestyle 2,Arcade|Racing|Sport,73.0,1,2017,1,single,0.6931471805599453
58630,Animal Crossing: Pocket Camp,Simulator,60.08741009167912,71,2017,2,multi,4.276666119016055
58717,80's Overdrive,Arcade|Indie|Racing,86.91403955715214,5,2017,1,single,1.791759469228055
59130,Trivia Vault: Mini Mixed Trivia 4,Indie|Simulator|Strategy,60.0,1,2017,1,single,0.6931471805599453
59138,Bloody Glimpse,Indie|Simulator,40.0,1,2017,3,multi,0.6931471805599453
59143,The Thing: Space X,Adventure|Indie,50.0,1,2017,1,single,0.6931471805599453
59252,Darkestville Castle,Adventure|Indie|Puzzle,73.53486191341881,9,2017,3,multi,2.302585092994046
59260,Sidewords,Indie|Puzzle,70.0,1,2017,1,single,0.6931471805599453
59525,The Operational Art of War IV,Simulator|Strategy,50.0,1,2017,1,single,0.6931471805599453
59573,Fight'N Rage,Arcade|Fighting|Hack and slash/Beat 'em up|Indie,78.83299411209362,14,2017,1,single,2.70805020110221
59587,L.A. Noire: The VR Case Files,Adventure|Puzzle,60.0,1,2017,2,multi,0.6931471805599453
61602,HellTown,Adventure|Indie,70.0,4,2017,1,single,1.6094379124341003
61612,Far from Noise,Adventure|Indie|Visual Novel,70.0,2,2017,3,multi,1.0986122886681098
61648,Keyboard Killers,Indie|Simulator,60.0,4,2017,1,single,1.6094379124341003
61651,Ocean Rift,Adventure|Indie,70.0,1,2017,1,single,0.6931471805599453
61889,The Caribbean Sail,Adventure|Indie|Role-playing (RPG)|Simulator|Strategy,70.35208149361372,5,2017,3,multi,1.791759469228055
63715,King Exit,Adventure|Indie|Role-playing (RPG),60.0,2,2017,1,single,1.0986122886681098
63734,Elisa: Seduce the Innkeeper,Adventure|Indie,70.0,1,2017,1,single,0.6931471805599453
64204,Atomega,Indie|Shooter,60.0,2,2017,1,single,1.0986122886681098
64205,Robonauts,Adventure|Arcade|Indie|Platform|Shooter,54.98537212632917,5,2017,2,multi,1.791759469228055
65581,"Sorry, James",Adventure|Indie|Puzzle|Simulator|Strategy,81.28346477461557,5,2017,1,single,1.791759469228055
65786,After Death,Adventure|Indie,70.0,3,2017,1,single,1.3862943611198906
65827,Bronze Age,Indie|Simulator|Strategy,47.32871637177762,13,2017,3,multi,2.6390573296152584
65832,Stick Fight: The Game,Fighting|Indie|Shooter|Simulator|Strategy,72.49678848103245,125,2017,2,multi,4.836281906951478
65835,Field of Glory II,Simulator|Strategy|Tactical|Turn-based strategy (TBS),80.0,1,2017,1,single,0.6931471805599453
65838,Odysseus Kosmos and his Robot Quest,Adventure|Indie|Puzzle,70.0,1,2017,1,single,0.6931471805599453
65840,Caligo,Adventure|Indie|Puzzle,50.0,2,2017,1,single,1.0986122886681098
66788,Kirby Battle Royale,Fighting,56.20270805144096,8,2017,1,single,2.1972245773362196
66812,Mario Party: The Top 100,Card & Board Game|Puzzle,63.73245622304673,13,2017,1,single,2.6390573296152584
67202,Style Savvy: Styling Star,Simulator,85.90082071420399,9,2017,1,single,2.302585092994046
67904,Armored Kitten,Indie|Role-playing (RPG)|Shooter,70.0,1,2017,1,single,0.6931471805599453
67912,Ablepsia,Indie|Point-and-click,50.0,1,2017,1,single,0.6931471805599453
67914,Grand Academy for Future Villains,Adventure|Indie|Role-playing (RPG),70.0,1,2017,3,multi,0.6931471805599453
68184,Where They Cremate the Roadkill,Indie|Role-playing (RPG),70.0,2,2017,1,single,1.0986122886681098
68281,Freeways,Indie|Puzzle|Simulator,60.0,4,2017,4,multi,1.6094379124341003
68282,Ashes Cricket,Indie|Sport,60.0,2,2017,3,multi,1.0986122886681098
68297,Dead or Alive Xtreme: Venus Vacation,Simulator|Sport,77.01703365184878,7,2017,1,single,2.0794415416798357
68316,Homescapes,Puzzle|Simulator,58.25688073394495,8,2017,3,multi,2.1972245773362196
68320,Thy Sword,Adventure|Indie|Platform,70.0,2,2017,1,single,1.0986122886681098
68334,Picross S,Puzzle,81.27685000270299,9,2017,1,single,2.302585092994046
68369,The Norwood Suite,Adventure|Indie,79.40802307942253,13,2017,2,multi,2.6390573296152584
68391,Shadow Fight 3,Fighting|Role-playing (RPG),60.87055103525503,19,2017,2,multi,2.995732273553991
68442,Metropolis: Lux Obscura,Arcade|Fighting|Indie|Puzzle,59.79657782914761,5,2017,3,multi,1.791759469228055
68465,Legend of Hand,Adventure|Role-playing (RPG),70.0,1,2017,1,single,0.6931471805599453
68468,Campfire Cooking,Indie|Puzzle,70.0,1,2017,2,multi,0.6931471805599453
68490,Cinderella Escape 2 Revenge,Hack and slash/Beat 'em up|Indie,70.0,1,2017,1,single,0.6931471805599453
68495,Disparity,Indie|Strategy,70.0,2,2017,1,single,1.0986122886681098
68506,Rainbow Snake,Arcade,60.0,2,2017,1,single,1.0986122886681098
68515,Starblast,Arcade|Indie|Shooter,60.0,1,2017,3,multi,0.6931471805599453
68572,2MD VR Football,Arcade|Indie|Sport,70.0,1,2017,1,single,0.6931471805599453
68581,Cubic,Indie,70.0,2,2017,3,multi,1.0986122886681098
68614,Choice of the Cat,Adventure|Indie|Role-playing (RPG),70.0,1,2017,3,multi,0.6931471805599453
68682,The Painscreek Killings,Adventure|Indie|Puzzle|Simulator,71.67415282016505,29,2017,1,single,3.4011973816621555
68709,Cybercube,Indie|Music|Platform|Puzzle,70.0,1,2017,3,multi,0.6931471805599453
68713,Eventide 3: Legacy of Legends,Adventure|Puzzle,90.0,4,2017,3,multi,1.6094379124341003
68762,Fallen Times,Adventure|Indie,60.0,1,2017,3,multi,0.6931471805599453
68769,Shark Simulator,Indie|Simulator,70.0,2,2017,1,single,1.0986122886681098
68810,Boom Island,Indie|Shooter,60.0,1,2017,1,single,0.6931471805599453
68890,Rebons,Adventure|Indie|Racing|Role-playing (RPG)|Simulator|Sport|Strategy,40.0,1,2017,3,multi,0.6931471805599453
69382,Jettomero: Hero of the Universe,Adventure|Indie,70.0,3,2017,4,multi,1.3862943611198906
69392,Sonic Forces: Speed Battle,Adventure|Arcade|Platform|Racing,67.48316373296316,14,2017,2,multi,2.70805020110221
69414,Butterfly Soup,Adventure|Indie|Sport|Visual Novel,75.25080513814922,12,2017,3,multi,2.5649493574615367
69422,Franchise Hockey Manager 4,Indie|Simulator|Sport|Strategy,60.0,1,2017,2,multi,0.6931471805599453
69515,2000:1 - A Space Felony: Or How I Came to Value My Life and Murder Mercilessly,Adventure,78.57069309479374,6,2017,1,single,1.9459101490553132
69549,The Big Journey,Adventure|Indie|Platform|Puzzle,70.0,1,2017,1,single,0.6931471805599453
69654,Ticket to Ride: First Journey,Strategy,40.0,2,2017,3,multi,1.0986122886681098
70385,SCP: Secret Laboratory,Indie|Role-playing (RPG)|Shooter|Strategy,72.97239343658595,53,2017,1,single,3.9889840465642745
70706,Direct,Indie,50.0,1,2017,1,single,0.6931471805599453
70708,Azur Lane,Adventure|Role-playing (RPG)|Shooter|Simulator|Strategy|Tactical|Visual Novel,79.25815902820672,44,2017,2,multi,3.8066624897703196
70833,Knowledge is Power,Quiz/Trivia,73.3048788868898,27,2017,1,single,3.332204510175204
71030,Mini World,Adventure|Simulator,50.0,3,2017,2,multi,1.3862943611198906
71455,Ben 10,Fighting|Hack and slash/Beat 'em up,30.59557036413648,8,2017,4,multi,2.1972245773362196
71583,Totally Accurate Battle Zombielator,Adventure|Indie|Shooter|Simulator,62.32215939267081,5,2017,1,single,1.791759469228055
71910,Modern Combat Versus,Adventure|Role-playing (RPG)|Shooter,67.56507966709896,7,2017,1,single,2.0794415416798357
72337,Nihilist Simulator,Adventure|Indie|Simulator,70.0,1,2017,1,single,0.6931471805599453
72361,Within a Rose,Simulator,70.0,1,2017,3,multi,0.6931471805599453
72372,FoxyLand,Adventure|Arcade|Indie|Platform,50.0,4,2017,7,multi,1.6094379124341003
72373,Getting Over It with Bennett Foddy,Adventure|Indie|Platform|Simulator,81.4666314726913,149,2017,4,multi,5.0106352940962555
72405,Clash Force,Arcade|Indie|Platform|Shooter,70.0,2,2017,1,single,1.0986122886681098
72420,The Exorcist: Legion VR,Adventure|Simulator,80.0,4,2017,1,single,1.6094379124341003
72423,Tametsi,Indie,70.0,1,2017,1,single,0.6931471805599453
72492,Shikhondo: Soul Eater,Arcade|Indie|Shooter,70.0,3,2017,1,single,1.3862943611198906
72765,Stranger Things: 1984,Adventure|Role-playing (RPG),77.61480499537659,13,2017,2,multi,2.6390573296152584
74152,Modern Tales: Age of Invention,Adventure|Card & Board Game|Puzzle,70.0,3,2017,3,multi,1.3862943611198906
74162,Rekt!,Arcade|Indie|Racing|Sport,90.0,1,2017,1,single,0.6931471805599453
74163,Star Traders: Frontiers,Indie|Role-playing (RPG)|Strategy,80.0,4,2017,3,multi,1.6094379124341003
74178,Girl Blonde,Adventure|Indie,70.0,1,2017,1,single,0.6931471805599453
74210,unWorded,Adventure|Indie|Puzzle,50.0,1,2017,2,multi,0.6931471805599453
74231,Gaia's Melody: Echoed Melodies,Adventure|Indie|Role-playing (RPG)|Turn-based strategy (TBS),70.0,1,2017,1,single,0.6931471805599453
74238,The Mind of Marlo,Adventure|Indie,70.0,2,2017,2,multi,1.0986122886681098
74247,The Girl on the Train,Indie|Visual Novel,50.0,1,2017,3,multi,0.6931471805599453
74339,Trivia Vault: Video Game Trivia Deluxe,Simulator|Strategy,50.0,1,2017,1,single,0.6931471805599453
74345,Make Border Great Again!,Indie|Strategy,50.0,1,2017,1,single,0.6931471805599453
74360,Arcade Moonlander,Indie|Racing|Real Time Strategy (RTS),50.0,5,2017,1,single,1.791759469228055
74368,Meltys Quest,Role-playing (RPG)|Turn-based strategy (TBS),70.08935219657484,9,2017,3,multi,2.302585092994046
74373,Bang Bang Fruit 2,Indie,40.0,1,2017,1,single,0.6931471805599453
74377,Brayan Odleys Numbers,Indie,50.0,1,2017,1,single,0.6931471805599453
74378,Simulacra,Adventure|Indie|Role-playing (RPG)|Simulator|Visual Novel,71.48435864022105,48,2017,4,multi,3.8918202981106265
74449,Alchemist's Castle,Adventure|Indie|Platform|Puzzle,70.0,1,2017,1,single,0.6931471805599453
74452,Succubus Rem,Indie|Role-playing (RPG),70.0,1,2017,1,single,0.6931471805599453
74492,Shin Megami Tensei: Synchronicity Prologue,Adventure|Platform,79.70582460549691,10,2017,1,single,2.3978952727983707
74497,Cross Set Infinity,Indie|Puzzle,70.0,1,2017,3,multi,0.6931471805599453
74514,Geostorm,Puzzle|Strategy,70.0,2,2017,2,multi,1.0986122886681098
74516,Gun Club VR,Arcade|Indie|Shooter|Simulator,70.0,4,2017,1,single,1.6094379124341003
74529,Puzzledom,Puzzle,90.0,2,2017,1,single,1.0986122886681098
74545,Opus Magnum,Indie|Puzzle|Simulator,86.37750075021722,35,2017,3,multi,3.58351893845611
74546,Knight Terrors,Arcade|Indie|Platform,74.0,3,2017,3,multi,1.3862943611198906
74550,Dune!,Arcade|Platform|Strategy,90.0,2,2017,2,multi,1.0986122886681098
74584,Rumu,Adventure|Indie,53.68555140225949,5,2017,1,single,1.791759469228055
74587,Don't Make Love,Indie|Simulator,70.0,1,2017,1,single,0.6931471805599453
74595,Hammer 2,Adventure|Indie,50.0,1,2017,1,single,0.6931471805599453
74638,Bottle: Pilgrim,Adventure|Simulator,60.0,1,2017,1,single,0.6931471805599453
74639,Emergency 20,Simulator|Strategy,50.0,4,2017,2,multi,1.6094379124341003
74688,These nights in Cairo,Indie,70.0,1,2017,3,multi,0.6931471805599453
74779,Yi and the Thousand Moons,Adventure|Indie|Music,70.0,1,2017,2,multi,0.6931471805599453
74828,Into the Dead 2,Adventure|Racing|Shooter,69.95470911975788,5,2017,1,single,1.791759469228055
74837,Universal Paperclips,Indie|Simulator|Strategy,74.76602061182493,19,2017,2,multi,2.995732273553991
74865,Power Rangers: Legacy Wars,Adventure|Fighting,70.0,4,2017,2,multi,1.6094379124341003
74866,Star Wars: Force Arena,Real Time Strategy (RTS)|Strategy,85.36370046729219,6,2017,2,multi,1.9459101490553132
74875,Super Skelemania,Adventure|Arcade|Indie|Platform,70.0,3,2017,1,single,1.3862943611198906
74909,Snake: Road to apple,Arcade,50.0,1,2017,1,single,0.6931471805599453
74935,Around the World in 80 days,Adventure|Indie,70.0,2,2017,2,multi,1.0986122886681098
74959,"Bury me, my Love",Adventure|Indie|Simulator,50.0,3,2017,2,multi,1.3862943611198906
74960,Fire Rides,Arcade,90.0,2,2017,1,single,1.0986122886681098
74985,The Ghosts of Hackney Mills,Adventure|Indie|Simulator,50.0,1,2017,1,single,0.6931471805599453
74993,"Yeah Jam Fury: U, Me, Everybody!",Indie|Platform|Puzzle|Strategy,70.0,2,2017,3,multi,1.0986122886681098
75006,Zomborg,Adventure|Arcade|Indie|Shooter|Strategy,50.0,1,2017,1,single,0.6931471805599453
75007,Distant Space 2,Adventure|Indie,50.0,2,2017,1,single,1.0986122886681098
75046,Epic Battle Simulator 2,Adventure|Indie|Simulator|Strategy,50.0,1,2017,2,multi,0.6931471805599453
75066,Sigi: A Fart for Melusina,Adventure|Arcade|Indie|Platform,63.8395975733517,6,2017,1,single,1.9459101490553132
75074,Emily Wants to Play Too,Adventure|Indie|Puzzle|Simulator|Strategy,70.0,2,2017,3,multi,1.0986122886681098
75079,Darkness and Flame: Missing Memories,Adventure|Point-and-click|Puzzle,70.0,1,2017,2,multi,0.6931471805599453
75131,Cube Escape: The Cave,Adventure|Puzzle,70.96604619892105,27,2017,3,multi,3.332204510175204
75153,Midnight Scenes: The Highway,Adventure|Point-and-click,74.85321265955739,5,2017,2,multi,1.791759469228055
75184,Superflight,Indie|Racing|Simulator|Sport,70.61748931723275,25,2017,1,single,3.258096538021482
75203,Heart of the House,Adventure|Indie|Role-playing (RPG),70.0,1,2017,4,multi,0.6931471805599453
75227,It's Quiz Time,Indie|Strategy,70.0,1,2017,3,multi,0.6931471805599453
75320,Blue Whale,Adventure|Indie,50.0,1,2017,1,single,0.6931471805599453
75322,Neko-Nin ExHeart +Plus Nachi,Indie|Simulator|Visual Novel,70.0,2,2017,1,single,1.0986122886681098
75364,Haque,Indie|Role-playing (RPG)|Strategy,70.0,2,2017,3,multi,1.0986122886681098
75381,Achievement Clicker,Adventure|Indie|Simulator|Strategy,50.0,3,2017,2,multi,1.3862943611198906
75385,Touhou Tenkuushou: Hidden Star in Four Seasons,Adventure|Arcade|Indie|Shooter,79.47068063079149,5,2017,1,single,1.791759469228055
75388,Solar System,Indie,40.0,1,2017,1,single,0.6931471805599453
75403,RUN ROOMS: VR,Adventure|Indie|Simulator,50.0,1,2017,1,single,0.6931471805599453
75496,Unforgiving - A Northern Hymn,Adventure|Indie,77.93891797842201,13,2017,1,single,2.6390573296152584
75518,Nirvana Pilot Yume,Adventure|Indie|Music|Platform|Racing|Sport,70.0,1,2017,1,single,0.6931471805599453
75582,Carcassonne,Card & Board Game|Puzzle|Strategy|Turn-based strategy (TBS),74.56923774544893,19,2017,2,multi,2.995732273553991
75586,Endless Fables 2: Frozen Path,Adventure,79.87918327896581,5,2017,3,multi,1.791759469228055
75635,Super Meat Shooter,Adventure|Indie,40.0,1,2017,1,single,0.6931471805599453
75651,Choice of Rebels: Uprising,Adventure|Indie|Role-playing (RPG),80.0,1,2017,3,multi,0.6931471805599453
75783,Magic Siege,Indie|Simulator|Strategy,40.0,1,2017,2,multi,0.6931471805599453
75797,Karakara 2,Adventure|Indie,70.0,2,2017,1,single,1.0986122886681098
75806,Just Ski,Indie|Simulator|Sport,70.0,1,2017,1,single,0.6931471805599453
75813,First Feudal,Indie|Role-playing (RPG)|Strategy,70.0,2,2017,1,single,1.0986122886681098
75816,Hostil,Adventure|Indie|Point-and-click,50.0,1,2017,3,multi,0.6931471805599453
75861,Everything is Going to be OK,Indie,81.92855359246533,5,2017,2,multi,1.791759469228055
75900,VR Kanojo,Adventure,67.3132278061978,11,2017,1,single,2.4849066497880004
75904,Piggy Poggy Pog,Adventure|Indie|Simulator,70.0,1,2017,1,single,0.6931471805599453
75913,Neko-Nin ExHeart +Plus Saiha,Indie|Simulator|Visual Novel,70.0,2,2017,1,single,1.0986122886681098
75932,Fearful Symmetry & The Cursed Prince,Indie|Puzzle,90.0,1,2017,2,multi,0.6931471805599453
75944,Easy Red,Indie|Simulator|Strategy,80.0,1,2017,3,multi,0.6931471805599453
75951,The Quarter Game,Adventure|Arcade|Hack and slash/Beat 'em up|Indie|Shooter,70.0,1,2017,1,single,0.6931471805599453
75957,Part Time UFO,Adventure|Arcade|Puzzle,69.5771659379344,6,2017,2,multi,1.9459101490553132
75968,Tower Fortress,Adventure|Arcade|Indie|Platform,70.0,1,2017,4,multi,0.6931471805599453
75977,Lineage 2: Revolution,Adventure|Role-playing (RPG),71.26279863481228,8,2017,2,multi,2.1972245773362196
76023,Ghoulboy,Adventure|Arcade|Indie|Platform|Role-playing (RPG),70.0,2,2017,1,single,1.0986122886681098
76041,Miles & Kilo,Adventure|Arcade|Indie|Platform,80.0,3,2017,2,multi,1.3862943611198906
76057,Tenta Shooter,Arcade|Indie|Shooter,70.0,1,2017,1,single,0.6931471805599453
76074,Dominions 5,Indie|Strategy,80.0,3,2017,3,multi,1.3862943611198906
76077,Archamon,Indie|Real Time Strategy (RTS)|Strategy,70.0,1,2017,1,single,0.6931471805599453
76098,Wo Yao Da,Adventure|Indie|Role-playing (RPG),60.0,1,2017,1,single,0.6931471805599453
76107,Christmas Race,Indie,60.0,2,2017,1,single,1.0986122886681098
76114,Choice of the Ninja,Adventure|Indie|Role-playing (RPG),60.0,1,2017,3,multi,0.6931471805599453
76121,Zup! 7,Indie,50.74328203784791,6,2017,1,single,1.9459101490553132
76299,Broadway: 1849,Adventure|Indie|Role-playing (RPG),70.0,2,2017,3,multi,1.0986122886681098
76321,Lawnmower Game 2: Drifter,Indie|Racing,60.0,1,2017,1,single,0.6931471805599453
76360,Frosty Nights,Adventure|Indie|Strategy,70.0,2,2017,1,single,1.0986122886681098
76379,Qop 2,Indie|Puzzle,70.0,1,2017,1,single,0.6931471805599453
76438,Conduct Deluxe!,Indie|Simulator,70.0,1,2017,2,multi,0.6931471805599453
76484,Let's not stay friends,Indie,70.0,1,2017,3,multi,0.6931471805599453
76489,I want cookies,Indie|Simulator,30.0,1,2017,1,single,0.6931471805599453
76499,Loot Box Quest,Indie|Point-and-click|Simulator,80.0,4,2017,1,single,1.6094379124341003
76509,Black Jewel,Adventure|Indie|Platform,70.0,1,2017,1,single,0.6931471805599453
76585,Mad Digger,Indie|Simulator,70.0,1,2017,1,single,0.6931471805599453
76616,Autobahn Police Simulator 2,Adventure|Racing|Simulator,30.0,1,2017,1,single,0.6931471805599453
76655,Song of Memories,Adventure|Music|Role-playing (RPG)|Simulator|Visual Novel,50.0,1,2017,1,single,0.6931471805599453
76664,Insane Cold: Back to the Ice Age,Indie,50.0,2,2017,1,single,1.0986122886681098
76725,Freddy Fazbear's Pizzeria Simulator,Indie|Simulator|Strategy,79.53495155537338,53,2017,1,single,3.9889840465642745
76738,Captain Tsubasa: Dream Team,Role-playing (RPG)|Simulator|Sport,60.08075207906472,7,2017,2,multi,2.0794415416798357
76770,Bridge Constructor Portal,Puzzle|Simulator|Strategy,72.22357829413208,40,2017,5,multi,3.713572066704308
76785,My Coloring Book: Food and Beverage,Indie,70.0,1,2017,3,multi,0.6931471805599453
76819,Justice League VR: The Complete Experience,Adventure,40.0,1,2017,4,multi,0.6931471805599453
76829,Touhou Hyouibana: Antinomy of Common Flowers,Fighting|Indie,80.0,1,2017,1,single,0.6931471805599453
76844,Sonic Runners Adventure,Adventure|Platform|Racing,90.0,2,2017,1,single,1.0986122886681098
76858,Battle Bay,Strategy,90.0,4,2017,2,multi,1.6094379124341003
76881,Accounting+,Adventure|Indie|Simulator,74.96764084527672,11,2017,1,single,2.4849066497880004
76932,RollerCoaster Legends,Adventure,60.0,1,2017,1,single,0.6931471805599453
76939,Lost Grimoires 3: The Forgotten Well,Adventure|Point-and-click|Puzzle,50.0,3,2017,3,multi,1.3862943611198906
76940,Snake Eyes Dungeon,Strategy,60.0,1,2017,1,single,0.6931471805599453
77054,Strategic Command Classic: WWI,Simulator|Strategy,60.0,1,2017,1,single,0.6931471805599453
77412,Surviv.io,Shooter|Strategy,70.07771713522003,12,2017,1,single,2.5649493574615367
77435,Rules of Survival,Shooter|Simulator|Strategy,61.6201025818272,11,2017,2,multi,2.4849066497880004
77471,Lapse: A Forgotten Future,Simulator|Strategy,56.0,5,2017,1,single,1.791759469228055
77550,Death Coming,Adventure|Indie|Puzzle|Strategy,69.57124476688205,18,2017,1,single,2.9444389791664403
77569,Opus: Rocket of Whispers,Adventure|Indie|Puzzle|Role-playing (RPG)|Simulator|Visual Novel,60.27274710794213,9,2017,2,multi,2.302585092994046
77734,Miracle Merchant,Card & Board Game|Turn-based strategy (TBS),74.0,5,2017,2,multi,1.791759469228055
77750,Gloom,Adventure|Indie,63.2732277817944,5,2017,3,multi,1.791759469228055
77776,Knives Out,Adventure|Shooter|Strategy,80.0,1,2017,1,single,0.6931471805599453
77956,Gods of Boom,Shooter,90.0,4,2017,1,single,1.6094379124341003
78150,Word Crush,Puzzle,48.075833,1,2017,1,single,0.6931471805599453
78386,Bubble Witch 3 Saga,Puzzle,90.0,2,2017,2,multi,1.0986122886681098
80138,BanG Dream! Girls Band Party!,Adventure|Music|Visual Novel,70.85835491800188,28,2017,2,multi,3.367295829986474
80456,Soccer Online: Ball 3D,Simulator|Sport,72.2925337636966,6,2017,2,multi,1.9459101490553132
80881,Skies of Fury DX,Adventure|Arcade|Shooter|Simulator,67.0,1,2017,2,multi,0.6931471805599453
81094,Banyu Lintar Angin: Little Storm,Indie|Visual Novel,60.62925037138228,5,2017,1,single,1.791759469228055
81171,Psi Project,Adventure|Indie|Simulator,50.0,1,2017,1,single,0.6931471805599453
81211,Cally's Caves 4,Indie|Platform,70.0,2,2017,2,multi,1.0986122886681098
81688,Riddlord: The Consequence,Adventure|Indie|Puzzle,80.0,1,2017,1,single,0.6931471805599453
81695,Tally Ho,Adventure|Indie|Role-playing (RPG),70.0,4,2017,3,multi,1.6094379124341003
81732,Kenshō,Adventure|Indie|Puzzle,90.0,3,2017,2,multi,1.3862943611198906
82502,Data Wing,Arcade|Indie|Racing,84.0598296406921,19,2017,2,multi,2.995732273553991
82726,Motorsport Manager Mobile 2,Racing|Simulator|Sport,47.21043,3,2017,1,single,1.3862943611198906
82804,Steam Prison,Adventure|Visual Novel,70.0,3,2017,1,single,1.3862943611198906
82952,Vignettes,Adventure|Indie|Puzzle,70.0,3,2017,2,multi,1.3862943611198906
83089,Words with Friends 2,Puzzle,60.0,3,2017,1,single,1.3862943611198906
83153,Underhand,Card & Board Game|Strategy|Turn-based strategy (TBS),79.77264041172435,5,2017,1,single,1.791759469228055
83218,WWE Mayhem,Simulator|Sport,90.0,2,2017,1,single,1.0986122886681098
83319,Gangstar New Orleans,Adventure|Simulator,90.0,3,2017,3,multi,1.3862943611198906
83368,Mindustry,Indie|Puzzle|Strategy,79.6729688219392,22,2017,1,single,3.1354942159291497
83717,Yellow,Indie|Puzzle,71.44136604930682,6,2017,2,multi,1.9459101490553132
83823,Mutiny!!,Indie|Visual Novel,70.0,2,2017,3,multi,1.0986122886681098
83858,AudioBeats,Indie|Music|Sport,70.0,1,2017,2,multi,0.6931471805599453
83877,Shiver,Adventure|Indie|Point-and-click|Puzzle,60.0,1,2017,3,multi,0.6931471805599453
84047,Miraclr: Divine Dating Sim,Indie|Simulator,70.0,1,2017,2,multi,0.6931471805599453
84103,Void,Indie|Visual Novel,60.0,1,2017,3,multi,0.6931471805599453
84130,Sudoku Universe,Indie|Strategy,70.0,1,2017,1,single,0.6931471805599453
84197,Faith,Adventure|Indie,93.17432112606227,28,2017,1,single,3.367295829986474
84731,Aces of the Luftwaffe: Squadron,Arcade|Fighting|Indie|Shooter|Simulator,80.0,1,2017,1,single,0.6931471805599453
86494,RollerCoaster Tycoon Touch,Simulator|Strategy,90.0,2,2017,2,multi,1.0986122886681098
86804,Survival on Raft,Adventure|Indie|Simulator,60.0,1,2017,1,single,0.6931471805599453
86821,Pixel Neighbor: Welcome Home,Adventure,20.0,1,2017,1,single,0.6931471805599453
86872,World Conqueror 4,Simulator|Strategy,80.0,3,2017,1,single,1.3862943611198906
86919,Papa's Pizzeria HD,Simulator|Strategy,90.0,3,2017,1,single,1.3862943611198906
86929,June's Journey,Adventure|Point-and-click|Puzzle,58.5309189378214,5,2017,2,multi,1.791759469228055
86956,My Hospital: Build and Manage,Role-playing (RPG),80.0,1,2017,1,single,0.6931471805599453
86957,Afterpulse: Elite Army,Adventure|Shooter,90.0,1,2017,1,single,0.6931471805599453
86968,Space Frontier,Arcade,80.0,2,2017,2,multi,1.0986122886681098
86970,World of Warships: Blitz,Arcade|Shooter|Tactical,90.0,3,2017,1,single,1.3862943611198906
86979,Toy Wars,Simulator|Strategy,80.0,1,2017,1,single,0.6931471805599453
86980,Dunk Hoop,Arcade|Sport,90.0,1,2017,1,single,0.6931471805599453
86994,CodyCross: Crossword Puzzles,Puzzle,90.0,4,2017,2,multi,1.6094379124341003
87011,Mini Golf King - Multiplayer,Sport,90.0,1,2017,1,single,0.6931471805599453
87023,Geometry Dash SubZero,Arcade|Music|Platform|Racing,79.98006578390493,12,2017,2,multi,2.5649493574615367
87053,Flappy Dunk,Arcade|Sport,90.0,1,2017,1,single,0.6931471805599453
87056,Wordscapes,Puzzle,60.05649692301135,9,2017,2,multi,2.302585092994046
87280,Hustle Castle,Role-playing (RPG)|Simulator,90.0,3,2017,2,multi,1.3862943611198906
87330,Dig Out!,Arcade|Puzzle,90.0,1,2017,1,single,0.6931471805599453
87338,Construction Simulator 2,Simulator,90.0,1,2017,1,single,0.6931471805599453
87347,Merge Town!,Puzzle|Simulator,90.0,1,2017,1,single,0.6931471805599453
87354,Mafia City: War of Underworld,Strategy,44.841313,3,2017,1,single,1.3862943611198906
87356,Jeopardy! World Tour,Quiz/Trivia,90.0,1,2017,1,single,0.6931471805599453
87360,Dunk Hit,Arcade|Sport,90.0,1,2017,1,single,0.6931471805599453
87362,Tappy Shots,Arcade|Sport,90.0,1,2017,1,single,0.6931471805599453
87363,Ballz,Arcade,90.0,2,2017,1,single,1.0986122886681098
87365,Offroad Outlaws,Racing|Simulator|Sport,90.0,3,2017,1,single,1.3862943611198906
87373,My Bakery Empire,Adventure|Role-playing (RPG)|Simulator,90.0,1,2017,1,single,0.6931471805599453
87479,WarFriends: PvP Army Shooter,Strategy,90.0,1,2017,1,single,0.6931471805599453
87498,Sky Dancer: Free Falling,Arcade,70.0,1,2017,1,single,0.6931471805599453
87513,Snipers vs Thieves: FPS Clash,Arcade,90.0,1,2017,1,single,0.6931471805599453
87514,Granny,Adventure|Arcade|Indie,60.50483371368857,35,2017,2,multi,3.58351893845611
87584,Darts of Fury,Sport,90.0,2,2017,2,multi,1.0986122886681098
87622,Free Fire,Shooter|Strategy,64.25343469483352,75,2017,2,multi,4.330733340286331
87651,Rider,Arcade,66.5048675342113,10,2017,2,multi,2.3978952727983707
87657,Stack Jump,Arcade|Platform,90.0,1,2017,1,single,0.6931471805599453
87661,Run Sausage Run!,Arcade|Platform|Racing,90.0,2,2017,2,multi,1.0986122886681098
87726,Through the Ages,Indie|Strategy|Turn-based strategy (TBS),70.0,4,2017,2,multi,1.6094379124341003
88035,Returner 77,Adventure|Indie|Puzzle,60.0,1,2017,1,single,0.6931471805599453
88061,Starman,Adventure|Indie|Puzzle,70.0,1,2017,1,single,0.6931471805599453
88130,Nexomon,Adventure|Indie|Role-playing (RPG)|Simulator|Strategy,69.63060839879834,9,2017,2,multi,2.302585092994046
88227,Hexa Turn,Indie|Puzzle|Strategy,70.0,2,2017,2,multi,1.0986122886681098
88310,Daily Themed Crossword Puzzle,Puzzle,80.0,1,2017,1,single,0.6931471805599453
88387,Empires & Puzzles: RPG Quest,Puzzle|Role-playing (RPG),47.522984,3,2017,2,multi,1.3862943611198906
88770,Cooking Craze,Arcade|Simulator|Strategy,80.0,1,2017,1,single,0.6931471805599453
88773,Scale,Arcade|Puzzle,90.0,2,2017,1,single,1.0986122886681098
88777,Yahtzee With Buddies,Card & Board Game,90.0,1,2017,1,single,0.6931471805599453
88874,Car Merger,Simulator|Strategy,90.0,2,2017,1,single,1.0986122886681098
88875,My Talking Hank,Simulator,90.0,2,2017,2,multi,1.0986122886681098
88881,Pocket Build,Simulator,90.0,1,2017,1,single,0.6931471805599453
88891,Papa's Pancakeria HD,Simulator|Strategy,90.0,1,2017,1,single,0.6931471805599453
88892,Papa's Hot Doggeria HD,Simulator|Strategy,90.0,1,2017,2,multi,0.6931471805599453
88928,Clue: Classic Mystery Game,Strategy,90.0,1,2017,1,single,0.6931471805599453
88937,Ben 10: Up to Speed,Arcade,90.0,1,2017,1,single,0.6931471805599453
88947,Truck Simulator PRO 2,Racing|Simulator,80.0,1,2017,2,multi,0.6931471805599453
89128,7 Wonders,Card & Board Game|Strategy|Tactical,80.0,1,2017,1,single,0.6931471805599453
89139,Bounzy!,Arcade,70.0,2,2017,1,single,1.0986122886681098
89146,Monster High: Beauty Shop,Simulator,90.0,1,2017,2,multi,0.6931471805599453
89492,Sniper Strike: Special Ops,Arcade,90.0,1,2017,2,multi,0.6931471805599453
89754,Last Shelter: Survival,Role-playing (RPG)|Strategy,70.0,1,2017,1,single,0.6931471805599453
90464,The Adventures of Fei Duanmu,Adventure|Indie,70.0,2,2017,3,multi,1.0986122886681098
90487,Upside Down,Adventure|Indie,80.0,1,2017,3,multi,0.6931471805599453
90635,MXGP3: The Official Motocross Videogame,Racing|Simulator|Sport,60.0,1,2017,3,multi,0.6931471805599453
90973,Lotus Digital,Strategy,90.0,1,2017,1,single,0.6931471805599453
91231,Stickman Dismounting,Simulator,90.0,2,2017,2,multi,1.0986122886681098
91409,Ukrainian ball in search of gas,Adventure|Indie|Simulator,50.0,1,2017,1,single,0.6931471805599453
93739,Colorzzle,Indie|Puzzle,70.0,2,2017,2,multi,1.0986122886681098
95094,Voxel - 3D Color by Number,Puzzle,90.0,1,2017,1,single,0.6931471805599453
96155,Super Cat Tales,Indie|Platform,69.95699183738486,5,2017,2,multi,1.791759469228055
96698,Virtual Virtual Reality,Adventure|Indie|Simulator,70.0,4,2017,3,multi,1.6094379124341003
96810,Stickman Legends: Shadow Wars,Hack and slash/Beat 'em up|Role-playing (RPG),43.215833,1,2017,1,single,0.6931471805599453
97361,Father and Son,Adventure,66.15090967504612,5,2017,2,multi,1.791759469228055
97931,Hyperspace Dogfights,Arcade|Indie|Shooter,60.0,1,2017,1,single,0.6931471805599453
99248,Dark Hill Museum of Death,Adventure|Indie|Puzzle,70.0,1,2017,2,multi,0.6931471805599453
99301,Clue/Cluedo: Classic,Card & Board Game|Strategy,60.0,4,2017,1,single,1.6094379124341003
100896,Questland: Swords & Spirits,Role-playing (RPG)|Strategy,46.4412,2,2017,2,multi,1.0986122886681098
101512,Pool Slide Story,Arcade|Indie|Puzzle|Simulator|Sport|Strategy,46.87365,1,2017,2,multi,0.6931471805599453
103845,"Walden, a game",Adventure|Indie|Role-playing (RPG)|Simulator,70.0,1,2017,2,multi,0.6931471805599453
104096,Night of Full Moon,Adventure|Card & Board Game|Indie|Role-playing (RPG)|Strategy|Turn-based strategy (TBS),82.8742808921265,12,2017,2,multi,2.5649493574615367
104164,Aground,Adventure|Indie|Role-playing (RPG),70.00387134738374,9,2017,1,single,2.302585092994046
104884,Celestial Hacker Girl Jessica,Indie|Platform,70.0,1,2017,2,multi,0.6931471805599453
105107,Lynne,Indie|Simulator|Visual Novel,67.29529846804014,5,2017,3,multi,1.791759469228055
105624,Rento Fortune Monolit,Card & Board Game|Indie|Strategy,92.0,2,2017,1,single,1.0986122886681098
105733,Orna,Adventure|Indie|Role-playing (RPG)|Turn-based strategy (TBS),89.52380952380952,5,2017,1,single,1.791759469228055
106400,Touhou Makuka Sai: Fantastic Danmaku Festival,Adventure|Arcade|Indie,70.0,2,2017,1,single,1.0986122886681098
110553,Eroico,Indie|Platform,70.0,3,2017,1,single,1.3862943611198906
110594,Magic Piano Tiles 2018 - Music Game,Music,66.60069370202042,6,2017,1,single,1.9459101490553132
111890,Shell Shockers,Shooter,77.7757685352622,18,2017,1,single,2.9444389791664403
112185,Fury Unleashed,Adventure|Indie|Platform|Role-playing (RPG)|Shooter,69.96993530076725,9,2017,1,single,2.302585092994046
112232,Timing Hero,Indie|Role-playing (RPG),67.19101123595506,4,2017,1,single,1.6094379124341003
113253,Algotica Iterations,Adventure|Indie|Puzzle,40.0,1,2017,3,multi,0.6931471805599453
114063,Dealer's Life,Indie|Simulator|Strategy,60.48657503355513,4,2017,1,single,1.6094379124341003
114220,AlienAfterlife,Adventure,70.0,1,2017,1,single,0.6931471805599453
114814,9-nine-: Episode 1,Simulator|Visual Novel,69.97971151837811,5,2017,1,single,1.791759469228055
117957,Not Not: A Brain Buster,Puzzle,57.0,1,2017,2,multi,0.6931471805599453
119255,Wheel of Fortune,Card & Board Game|Puzzle|Quiz/Trivia,50.87331816193552,5,2017,2,multi,1.791759469228055
119580,The Expression Amrilato,Adventure|Indie|Quiz/Trivia|Simulator|Visual Novel,70.0,2,2017,1,single,1.0986122886681098
122346,Soul Knight,Arcade|Indie|Role-playing (RPG)|Shooter,75.85167441968112,12,2017,2,multi,2.5649493574615367
124353,Witch's Heart,Adventure|Indie|Role-playing (RPG),87.16598456684056,7,2017,1,single,2.0794415416798357
126055,Standoff 2,Shooter,71.74348014334012,22,2017,2,multi,3.1354942159291497
138560,Slendytubbies III,Adventure|Point-and-click|Puzzle|Shooter,82.85714285714286,7,2017,2,multi,2.0794415416798357
139057,Dinner with an Owl,Adventure|Indie|Point-and-click,57.93814432989691,5,2017,1,single,1.791759469228055
142131,Hungry Hearts Diner: A Tale of Star-Crossed Souls,Simulator,81.92939515761657,5,2017,2,multi,1.791759469228055
144291,Hello Charlotte: Delirium,Adventure|Indie|Role-playing (RPG),70.05925368365223,10,2017,1,single,2.3978952727983707
145183,Purgatory,Adventure|Indie|Puzzle,67.03310504523245,5,2017,1,single,1.791759469228055
146081,The Great Ace Attorney 2: Resolve,Adventure|Point-and-click|Puzzle|Visual Novel,90.2764527677275,19,2017,1,single,2.995732273553991
159148,Alien Quest: Eve,Platform,73.75,9,2017,1,single,2.302585092994046
185905,Brick Hill,Simulator,92.0,5,2017,1,single,1.791759469228055
262420,Star of Providence,Arcade|Indie|Shooter,70.1246912127985,6,2017,2,multi,1.9459101490553132
1365,AirMech,Indie|MOBA|Real Time Strategy (RTS)|Strategy|Tactical,36.09392637622853,13,2018,1,single,2.6390573296152584
1902,Dirty Bomb,Shooter,59.68377822759247,38,2018,1,single,3.6635616461296463
2117,DayZ,Adventure|Indie|Role-playing (RPG)|Shooter|Simulator|Tactical,51.43098049291297,184,2018,1,single,5.220355825078324
2274,Return of the Tentacle,Adventure|Indie|Point-and-click,88.48336790323386,12,2018,3,multi,2.5649493574615367
3187,Shroud of the Avatar: Forsaken Virtues,Adventure|Indie|Role-playing (RPG),45.23809523809524,6,2018,3,multi,1.9459101490553132
3222,Chasm,Adventure|Indie|Platform|Role-playing (RPG),68.57591086791497,51,2018,5,multi,3.9512437185814275
3226,Heroes of Umbra,Hack and slash/Beat 'em up|Indie|Platform|Role-playing (RPG),70.0,1,2018,3,multi,0.6931471805599453
3231,Below,Adventure|Indie|Role-playing (RPG),72.48736012841624,22,2018,2,multi,3.1354942159291497
3277,Rust,Adventure|Indie|Role-playing (RPG)|Shooter,68.82706266887438,272,2018,2,multi,5.60947179518496
3772,Wreckfest,Indie|Racing|Sport,73.06507842277338,136,2018,1,single,4.919980925828125
4843,Kingdom Come: Deliverance,Adventure|Role-playing (RPG),78.75770041179534,462,2018,3,multi,6.137727054086234
7504,The Forest,Adventure|Indie|Puzzle|Simulator,70.00579997261391,385,2018,2,multi,5.955837369464831
7631,Overkill's The Walking Dead,Shooter,49.90423277613929,7,2018,1,single,2.0794415416798357
7684,Ghost of a Tale,Adventure|Indie|Puzzle|Role-playing (RPG),83.24981228783693,45,2018,1,single,3.828641396489095
7937,La-Mulana 2,Adventure|Indie|Platform|Puzzle,80.0,2,2018,2,multi,1.0986122886681098
8364,InSomnia: The Ark,Adventure|Indie|Point-and-click|Real Time Strategy (RTS)|Role-playing (RPG)|Shooter|Strategy,40.0,4,2018,1,single,1.6094379124341003
8729,Vampyr,Adventure|Role-playing (RPG),72.73467376499954,279,2018,3,multi,5.634789603169249
9176,Call of Cthulhu,Adventure|Role-playing (RPG),69.1669613048781,144,2018,3,multi,4.976733742420574
9182,We Happy Few,Adventure|Indie|Shooter,61.41707086089269,91,2018,4,multi,4.5217885770490405
9254,Subnautica,Adventure|Indie,83.00901865227026,598,2018,4,multi,6.395261598115449
9609,Distance,Adventure|Arcade|Indie|Racing,78.35327911382193,31,2018,3,multi,3.4657359027997265
9643,Return of the Obra Dinn,Adventure|Indie|Puzzle,89.54653178928518,498,2018,2,multi,6.212606095751519
9789,RimWorld,Indie|Real Time Strategy (RTS)|Simulator|Strategy,84.59497399907758,306,2018,3,multi,5.726847747587197
11137,Sea of Thieves,Adventure|Simulator,71.41028867710648,288,2018,2,multi,5.666426688112432
11176,Crossing Souls,Adventure|Arcade|Indie|Role-playing (RPG),77.78792635762508,23,2018,4,multi,3.1780538303479458
11710,60 Parsecs!,Adventure|Indie|Point-and-click|Role-playing (RPG)|Simulator|Strategy,59.58182621288724,18,2018,2,multi,2.9444389791664403
11840,The King's Bird,Adventure|Indie|Platform,70.0,4,2018,1,single,1.6094379124341003
12982,Total War: Arena,Real Time Strategy (RTS)|Strategy,59.58895150188062,10,2018,1,single,2.3978952727983707
14314,TerraTech,Adventure|Indie|Simulator|Strategy,70.28250615004508,18,2018,5,multi,2.9444389791664403
14362,Detroit: Become Human,Adventure,82.42101617020867,1274,2018,1,single,7.150701457592526
14365,Boundless,Adventure|Indie|Role-playing (RPG),60.0,4,2018,3,multi,1.6094379124341003
14693,Disaster Report 4: Summer Memories,Adventure|Simulator,79.32769522971375,10,2018,1,single,2.3978952727983707
14748,Ni no Kuni II: Revenant Kingdom,Adventure|Role-playing (RPG),76.28732933153381,130,2018,2,multi,4.875197323201151
14760,Death's Gambit,Adventure|Indie|Role-playing (RPG),70.33163980879694,38,2018,3,multi,3.6635616461296463
15823,Where the Water Tastes Like Wine,Adventure|Indie|Puzzle|Role-playing (RPG),66.63970355948419,17,2018,3,multi,2.8903717578961645
16999,Conan Exiles,Adventure|Fighting|Role-playing (RPG)|Simulator|Strategy,69.92958655952782,105,2018,3,multi,4.663439094112067
17001,Ashen,Adventure|Indie|Role-playing (RPG),78.69760992042028,55,2018,2,multi,4.02535169073515
17207,Pit People,Adventure|Indie|Role-playing (RPG)|Simulator|Strategy|Turn-based strategy (TBS),54.03767678052003,25,2018,2,multi,3.258096538021482
17379,Miscreated,Adventure|Indie|Role-playing (RPG)|Shooter|Simulator|Strategy,58.32331072289637,25,2018,1,single,3.258096538021482
17432,Call to Arms,Indie|Real Time Strategy (RTS)|Simulator|Strategy,53.89246310427734,5,2018,1,single,1.791759469228055
17469,Elea,Adventure|Indie|Puzzle,70.0,2,2018,2,multi,1.0986122886681098
17479,The Wild Eight,Adventure|Indie|Role-playing (RPG)|Simulator,70.07439790426055,13,2018,1,single,2.6390573296152584
17686,Dig or Die,Adventure|Indie|Role-playing (RPG)|Simulator|Strategy,60.96427679623267,5,2018,1,single,1.791759469228055
18088,Insurgency: Sandstorm,Shooter|Simulator|Strategy,74.08088222105482,46,2018,1,single,3.8501476017100584
18094,Z1: Battle Royale,Adventure|Shooter,74.17959014748561,47,2018,1,single,3.871201010907891
18185,Wartile,Adventure|Card & Board Game|Indie|Role-playing (RPG)|Strategy|Tactical,80.0,2,2018,1,single,1.0986122886681098
18200,Beacon,Indie|Shooter,70.0,3,2018,1,single,1.3862943611198906
18234,Need to Know,Adventure|Indie|Simulator,50.0,4,2018,3,multi,1.6094379124341003
18279,BattleTech,Adventure|Strategy|Turn-based strategy (TBS),80.12227160941367,33,2018,3,multi,3.5263605246161616
18387,Genital Jousting,Indie,62.76551419423676,39,2018,2,multi,3.6888794541139363
18435,Frozen Synapse 2,Indie|Real Time Strategy (RTS)|Strategy|Tactical|Turn-based strategy (TBS),60.0,1,2018,3,multi,0.6931471805599453
18452,Grip,Indie|Racing|Shooter,62.51190574072454,24,2018,5,multi,3.2188758248682006
18656,Bunker Punks,Indie|Shooter,80.0,2,2018,1,single,1.0986122886681098
18871,Parkitect,Indie|Simulator|Strategy,79.53875053382676,15,2018,3,multi,2.772588722239781
18918,Northgard,Indie|Real Time Strategy (RTS)|Role-playing (RPG)|Simulator|Strategy|Turn-based strategy (TBS),71.70437362399521,111,2018,3,multi,4.718498871295094
18970,Budget Cuts,Adventure|Indie|Shooter,75.04311248794671,5,2018,3,multi,1.791759469228055
19088,Objects in Space,Adventure|Indie|Role-playing (RPG)|Simulator|Strategy|Tactical,80.0,1,2018,2,multi,0.6931471805599453
19150,Vagante,Adventure|Indie|Platform|Role-playing (RPG),80.48716768119861,16,2018,3,multi,2.833213344056216
19241,Unravel Two,Adventure|Platform|Puzzle,77.80926236268918,203,2018,3,multi,5.318119993844216
19388,Fable Fortune,Card & Board Game|Strategy|Turn-based strategy (TBS),60.0,3,2018,2,multi,1.3862943611198906
19453,Agony,Adventure|Indie|Shooter,47.48696836742222,32,2018,3,multi,3.4965075614664802
19466,Underworld Ascendant,Adventure|Indie|Role-playing (RPG),40.0,2,2018,1,single,1.0986122886681098
19474,Gwent: The Witcher Card Game,Card & Board Game|Role-playing (RPG)|Strategy,77.79481680983595,188,2018,1,single,5.241747015059643
19520,Far: Lone Sails,Adventure|Indie|Platform|Puzzle|Simulator,75.35914804084946,135,2018,4,multi,4.912654885736052
19525,Fe,Adventure|Platform,70.00080247791556,33,2018,4,multi,3.5263605246161616
19541,State of Decay 2,Role-playing (RPG)|Simulator,73.86830655149976,138,2018,2,multi,4.9344739331306915
19560,God of War,Adventure|Hack and slash/Beat 'em up|Role-playing (RPG),91.95953420498483,3514,2018,1,single,8.164794804244766
19565,Marvel's Spider-Man,Adventure|Hack and slash/Beat 'em up,87.27035858130195,2121,2018,1,single,7.660114319173928
19935,Wizard of Legend,Adventure|Arcade|Hack and slash/Beat 'em up|Indie|Role-playing (RPG),70.64589909108503,68,2018,6,multi,4.23410650459726
20123,State of Mind,Adventure|Indie|Puzzle,69.53659037734973,32,2018,6,multi,3.4965075614664802
20331,For the King,Adventure|Card & Board Game|Indie|Role-playing (RPG)|Strategy|Turn-based strategy (TBS),69.36073542330871,82,2018,3,multi,4.418840607796598
20403,Niffelheim,Adventure|Indie|Platform|Role-playing (RPG)|Simulator|Strategy,69.31542930733909,6,2018,3,multi,1.9459101490553132
20908,Jalopy,Adventure|Indie|Racing|Simulator,61.1780152377456,30,2018,1,single,3.4339872044851463
21961,Fox n Forests,Adventure|Arcade|Indie|Platform|Role-playing (RPG),73.0,2,2018,6,multi,1.0986122886681098
21994,Super Daryl Deluxe,Hack and slash/Beat 'em up|Indie|Platform|Role-playing (RPG),70.0,4,2018,3,multi,1.6094379124341003
22356,Fishing: Barents Sea,Simulator,50.0,1,2018,1,single,0.6931471805599453
22359,The Adventure Pals,Adventure|Indie|Platform|Puzzle|Role-playing (RPG),68.72089724544753,17,2018,5,multi,2.8903717578961645
22375,Strikers Edge,Arcade|Fighting|Indie|Sport,70.0,3,2018,2,multi,1.3862943611198906
22387,Legrand Legacy,Adventure|Indie|Role-playing (RPG)|Tactical,62.14967756890427,12,2018,1,single,2.5649493574615367
22443,Copy Kitty,Adventure|Indie|Platform|Shooter,70.0,3,2018,1,single,1.3862943611198906
22703,Metal Gear Survive,Adventure|Shooter|Strategy,29.92957117731969,25,2018,3,multi,3.258096538021482
22747,Book of Demons,Adventure|Indie|Role-playing (RPG),70.89920422439636,25,2018,2,multi,3.258096538021482
22791,Princess Connect! Re:Dive,Adventure|Role-playing (RPG)|Simulator|Visual Novel,76.37703478371562,8,2018,2,multi,2.1972245773362196
22793,Kursk,Adventure|Indie|Simulator,40.0,4,2018,2,multi,1.6094379124341003
22917,Gris,Adventure|Indie|Platform|Puzzle,80.96913224704426,555,2018,3,multi,6.320768294250582
23248,Frostpunk,Indie|Simulator|Strategy,83.77967078801865,424,2018,2,multi,6.052089168924417
23314,Asphalt Legends,Arcade|Racing|Sport,68.14184565626638,43,2018,3,multi,3.784189633918261
23851,Wandersong,Adventure|Indie|Music|Platform,86.71089847249407,44,2018,3,multi,3.8066624897703196
24426,Forgotton Anne,Adventure|Indie|Platform|Puzzle|Role-playing (RPG),75.559499094416,61,2018,3,multi,4.127134385045092
25076,Red Dead Redemption 2,Adventure|Role-playing (RPG)|Shooter,93.24781266358471,3769,2018,2,multi,8.234830280442056
25260,Dusk,Indie|Shooter,83.43267604142264,107,2018,3,multi,4.68213122712422
25311,Star Control: Origins,Adventure|Indie|Role-playing (RPG)|Simulator|Strategy,67.48439460187144,18,2018,1,single,2.9444389791664403
25314,Unworthy,Adventure|Indie|Platform|Role-playing (RPG),66.46988717231463,7,2018,1,single,2.0794415416798357
25599,Monster Boy and the Cursed Kingdom,Adventure|Indie|Platform|Role-playing (RPG),86.76252388533479,31,2018,3,multi,3.4657359027997265
25640,Octogeddon,Arcade|Indie|Strategy,70.0,1,2018,1,single,0.6931471805599453
25658,Runner3,Arcade|Indie|Music|Platform,79.25320206538541,7,2018,3,multi,2.0794415416798357
25866,The American Dream,Adventure|Indie|Shooter,70.0,2,2018,3,multi,1.0986122886681098
26128,Lost Ark,Adventure|Hack and slash/Beat 'em up|Role-playing (RPG),72.279744344289,122,2018,1,single,4.812184355372417
26226,Celeste,Adventure|Indie|Platform,86.71579726982591,1445,2018,6,multi,7.27655640271871
26428,Alto's Odyssey,Racing|Sport,66.97990509029596,34,2018,3,multi,3.5553480614894135
26546,Dynasty Warriors 9,Adventure|Hack and slash/Beat 'em up|Role-playing (RPG),50.56779035711483,13,2018,3,multi,2.6390573296152584
26612,Super Mega Baseball 2,Indie|Simulator|Sport,74.46680971843102,8,2018,3,multi,2.1972245773362196
26765,Octopath Traveler,Adventure|Role-playing (RPG),79.94062137672296,157,2018,1,single,5.062595033026967
26855,Dead Cells,Adventure|Indie|Platform,82.90912011437382,634,2018,6,multi,6.453624998892692
26878,Cultist Simulator,Adventure|Card & Board Game|Indie|Role-playing (RPG)|Simulator,69.24591528329655,56,2018,3,multi,4.04305126783455
26940,The Banner Saga 3,Indie|Role-playing (RPG)|Simulator|Strategy|Tactical|Turn-based strategy (TBS),88.7189695115528,60,2018,5,multi,4.110873864173311
26945,Guts and Glory,Arcade|Indie|Puzzle|Racing|Simulator,60.0,6,2018,6,multi,1.9459101490553132
26951,Pillars of Eternity II: Deadfire,Adventure|Role-playing (RPG),82.64138868384904,106,2018,3,multi,4.672828834461906
26970,Minit,Adventure|Indie|Puzzle|Role-playing (RPG),72.27130428911349,125,2018,5,multi,4.836281906951478
26986,The Bard's Tale IV,Role-playing (RPG),69.75854286959994,12,2018,1,single,2.5649493574615367
27042,Wonder Wickets,Arcade|Indie|Puzzle|Sport,70.0,1,2018,1,single,0.6931471805599453
27088,Party Hard 2,Adventure|Indie|Simulator|Strategy|Tactical,62.4742621759312,20,2018,2,multi,3.044522437723423
27117,Into the Breach,Indie|Puzzle|Role-playing (RPG)|Simulator|Strategy|Turn-based strategy (TBS),82.45627391367134,268,2018,2,multi,5.594711379601839
27192,My Memory of Us,Adventure|Indie|Platform|Puzzle,73.26748713046524,20,2018,3,multi,3.044522437723423
27199,Phantom Halls,Adventure|Indie|Role-playing (RPG),60.0,1,2018,1,single,0.6931471805599453
27208,Mothergunship,Indie|Shooter,66.49170020299444,11,2018,3,multi,2.4849066497880004
27324,The Gardens Between,Adventure|Indie|Puzzle,75.65160971449926,93,2018,5,multi,4.543294782270004
27343,Full Metal Furies,Adventure|Hack and slash/Beat 'em up|Indie|Puzzle|Role-playing (RPG),78.40771982713014,14,2018,4,multi,2.70805020110221
27359,Tower of Time,Adventure|Indie|Real Time Strategy (RTS)|Role-playing (RPG)|Strategy|Tactical,53.40618506357595,25,2018,2,multi,3.258096538021482
27367,Yoku's Island Express,Adventure|Arcade|Indie|Pinball|Platform|Puzzle,83.56547320027433,108,2018,4,multi,4.6913478822291435
27376,Battle Princess Madelyn,Adventure|Arcade|Indie|Platform,65.11856040488613,5,2018,4,multi,1.791759469228055
27378,Rise: Race the Future,Arcade|Racing|Simulator,70.0,3,2018,1,single,1.3862943611198906
27384,Graveyard Keeper,Adventure|Indie|Simulator|Strategy,73.34480382079556,101,2018,4,multi,4.624972813284271
27434,Flipping Death,Adventure|Indie|Platform|Puzzle,79.73982150659343,8,2018,5,multi,2.1972245773362196
27435,Dandara,Adventure|Arcade|Indie|Platform,59.80176587752892,23,2018,8,multi,3.1780538303479458
27436,Kingdom Two Crowns,Adventure|Arcade|Indie|Role-playing (RPG)|Simulator|Strategy,82.97633242861586,68,2018,6,multi,4.23410650459726
27487,Dark Quest 2,Adventure|Card & Board Game|Indie|Role-playing (RPG)|Strategy|Turn-based strategy (TBS),70.0,2,2018,2,multi,1.0986122886681098
27497,MachiaVillain,Indie|Simulator|Strategy,50.0,3,2018,3,multi,1.3862943611198906
27499,Distraint 2,Adventure|Indie|Puzzle,84.14866876184968,20,2018,1,single,3.044522437723423
27506,Sprint Vector,Indie|Platform|Racing|Sport,70.0,4,2018,2,multi,1.6094379124341003
27514,Gravel,Arcade|Racing|Simulator|Sport,74.15998167128689,20,2018,3,multi,3.044522437723423
27694,Empires Apart,Real Time Strategy (RTS)|Strategy,59.35637763801529,6,2018,1,single,1.9459101490553132
27725,The Room 4: Old Sins,Adventure|Point-and-click|Puzzle,78.881714485129,64,2018,1,single,4.174387269895637
27726,Furwind,Adventure|Arcade|Indie|Platform|Puzzle,70.0,1,2018,1,single,0.6931471805599453
27744,House Flipper,Indie|Simulator,69.03210708486634,104,2018,2,multi,4.653960350157523
27771,Moonlighter,Adventure|Hack and slash/Beat 'em up|Indie|Role-playing (RPG)|Simulator,70.57923407140413,151,2018,5,multi,5.0238805208462765
27793,All Walls Must Fall,Arcade|Indie|Real Time Strategy (RTS)|Role-playing (RPG)|Simulator|Strategy|Tactical,70.0,2,2018,3,multi,1.0986122886681098
27867,Unavowed,Adventure|Indie|Point-and-click|Puzzle|Role-playing (RPG),87.8517995824671,48,2018,2,multi,3.8918202981106265
27873,Anamorphine,Adventure|Indie,70.0,2,2018,2,multi,1.0986122886681098
27880,Bomb Chicken,Adventure|Indie|Platform|Puzzle,83.0,3,2018,1,single,1.3862943611198906
27943,Lake Ridden,Adventure|Indie|Puzzle,70.0,2,2018,1,single,1.0986122886681098
28006,Ash of Gods: Redemption,Adventure|Card & Board Game|Indie|Role-playing (RPG)|Strategy|Tactical|Turn-based strategy (TBS),65.73340760540391,20,2018,3,multi,3.044522437723423
28010,God Eater 3,Adventure|Role-playing (RPG),60.06875597389105,17,2018,1,single,2.8903717578961645
28050,Hellion,Indie|Simulator,50.0,1,2018,1,single,0.6931471805599453
28067,The Fall Part 2: Unbound,Adventure|Indie|Puzzle|Role-playing (RPG),70.16932356578594,14,2018,7,multi,2.70805020110221
28070,Planet Alpha,Adventure|Indie|Platform|Puzzle,68.92868308206724,30,2018,4,multi,3.4339872044851463
28072,Megaquarium,Indie|Simulator|Strategy,60.0,4,2018,3,multi,1.6094379124341003
28086,Railway Empire,Simulator|Strategy,78.38304971761146,27,2018,4,multi,3.332204510175204
28160,Atom RPG,Adventure|Indie|Role-playing (RPG)|Strategy,82.69496881439,35,2018,3,multi,3.58351893845611
28175,Naruto to Boruto: Shinobi Striker,Fighting,52.1233263679138,44,2018,3,multi,3.8066624897703196
28245,Zanki Zero: Last Beginning,Adventure|Role-playing (RPG),69.59220856841263,7,2018,2,multi,2.0794415416798357
28282,A Case of Distrust,Adventure|Indie|Point-and-click|Puzzle,69.07978982043166,15,2018,2,multi,2.772588722239781
28286,Masters of Anima,Adventure|Real Time Strategy (RTS)|Role-playing (RPG)|Simulator|Strategy,69.38894046513842,6,2018,4,multi,1.9459101490553132
28309,Tanzia,Adventure|Indie|Role-playing (RPG),70.0,4,2018,1,single,1.6094379124341003
28315,Solo,Adventure|Indie|Platform|Puzzle|Role-playing (RPG),50.03105590062112,5,2018,1,single,1.791759469228055
28318,Little Bug,Adventure|Indie|Platform|Puzzle,70.0,1,2018,3,multi,0.6931471805599453
28319,Apocalipsis,Adventure|Indie|Point-and-click|Puzzle,60.0,5,2018,2,multi,1.791759469228055
28380,Darksiders III,Adventure|Hack and slash/Beat 'em up|Role-playing (RPG),71.67733020468843,135,2018,3,multi,4.912654885736052
28548,Remothered: Tormented Fathers,Adventure|Indie,70.88927994978172,28,2018,1,single,3.367295829986474
28552,Far Cry 5,Adventure|Shooter,75.80834572710458,857,2018,3,multi,6.754604099487962
28558,The Sims Mobile,Role-playing (RPG)|Simulator|Strategy,53.53156930452122,19,2018,2,multi,2.995732273553991
28574,Surviving Mars,Simulator|Strategy,70.52871638256886,96,2018,5,multi,4.574710978503383
28592,Tesla vs Lovecraft,Arcade|Indie|Role-playing (RPG)|Shooter,79.91212087973318,13,2018,3,multi,2.6390573296152584
28692,Mulaka,Adventure|Indie|Platform,66.63707035812892,8,2018,5,multi,2.1972245773362196
28730,Claybook,Arcade|Indie|Platform|Puzzle,50.0,2,2018,3,multi,1.0986122886681098
28794,Ancestors Legacy,Real Time Strategy (RTS)|Strategy|Tactical,70.89356634884899,15,2018,1,single,2.772588722239781
28801,Fatal Twelve,Adventure|Indie|Visual Novel,81.82663393668798,5,2018,3,multi,1.791759469228055
28856,The Crew 2,Racing,73.97256086581247,116,2018,3,multi,4.762173934797756
28952,Timespinner,Adventure|Indie|Platform|Role-playing (RPG),74.08650826322331,46,2018,5,multi,3.8501476017100584
29075,Kaiju Big Battel: Fighto Fantasy,Adventure|Indie|Role-playing (RPG),70.0,1,2018,3,multi,0.6931471805599453
29380,Healer's Quest,Adventure|Fighting|Indie|Role-playing (RPG)|Strategy,70.0,2,2018,1,single,1.0986122886681098
29520,Remnants of Naezith,Adventure|Arcade|Indie|Platform|Racing,70.47619047619048,5,2018,3,multi,1.791759469228055
29578,The Wizards,Adventure|Arcade|Shooter,71.453857200254,5,2018,1,single,1.791759469228055
29839,Pixel Ripped 1989,Adventure|Indie,70.0,2,2018,3,multi,1.0986122886681098
29965,"Dude, Stop",Adventure|Indie|Point-and-click|Puzzle,66.08964498256897,12,2018,3,multi,2.5649493574615367
30002,Lobotomy Corporation,Indie|Simulator,77.80360786607586,23,2018,1,single,3.1780538303479458
30056,Sky Noon,Indie,80.0,1,2018,1,single,0.6931471805599453
30225,Kenshi,Adventure|Indie|Real Time Strategy (RTS)|Role-playing (RPG)|Strategy,83.38919745644674,77,2018,1,single,4.356708826689592
30264,The Station,Adventure|Indie|Puzzle|Simulator,49.39865276046903,9,2018,5,multi,2.302585092994046
30332,Warstone TD,Indie|Strategy,80.0,3,2018,2,multi,1.3862943611198906
30514,Detective Gallo,Adventure|Point-and-click|Puzzle,70.0,2,2018,1,single,1.0986122886681098
30522,Sairento VR,Indie|Role-playing (RPG)|Shooter|Strategy,79.89119814436624,5,2018,2,multi,1.791759469228055
30847,Fear Effect Sedna,Adventure|Puzzle|Role-playing (RPG)|Shooter|Strategy|Tactical,60.0,1,2018,4,multi,0.6931471805599453
30988,Symmetry,Adventure|Indie|Simulator|Strategy,59.2055207486894,6,2018,4,multi,1.9459101490553132
31194,Just Shapes & Beats,Arcade|Indie|Music,76.18058805567041,36,2018,3,multi,3.6109179126442243
31198,Eternal Card Game,Card & Board Game|Puzzle|Role-playing (RPG)|Strategy|Turn-based strategy (TBS),63.89291844787644,25,2018,5,multi,3.258096538021482
31229,Soulblight,Indie|Role-playing (RPG),50.0,1,2018,1,single,0.6931471805599453
31302,Drunkn Bar Fight,Arcade|Fighting|Hack and slash/Beat 'em up|Indie|Simulator,80.0,3,2018,1,single,1.3862943611198906
31448,The Works of Mercy,Adventure|Indie|Simulator,50.0,3,2018,1,single,1.3862943611198906
31647,Insane Robots,Adventure|Card & Board Game|Indie|Role-playing (RPG)|Strategy,50.0,1,2018,2,multi,0.6931471805599453
31819,The Hex,Indie,81.0748673559282,30,2018,3,multi,3.4339872044851463
32115,Ben and Ed: Blood Party,Indie,60.0,4,2018,1,single,1.6094379124341003
32125,39 Days to Mars,Adventure|Indie|Platform|Puzzle,70.22207745706588,6,2018,3,multi,1.9459101490553132
32349,Haimrik,Adventure|Indie|Platform|Puzzle,70.0,3,2018,3,multi,1.3862943611198906
32640,BallisticNG,Indie|Racing,89.84067712223052,5,2018,1,single,1.791759469228055
32642,Quantum Replica,Indie|Strategy,70.0,1,2018,1,single,0.6931471805599453
32705,Zero G Arena,Indie|Shooter,80.0,1,2018,3,multi,0.6931471805599453
32870,QuiVr,Indie|Shooter|Simulator,80.0,2,2018,1,single,1.0986122886681098
33055,Varenje,Adventure|Indie|Point-and-click|Puzzle,50.0,4,2018,3,multi,1.6094379124341003
33153,Judgment: Apocalypse Survival Simulation,Indie|Role-playing (RPG)|Simulator|Strategy,80.0,2,2018,1,single,1.0986122886681098
33225,Love is Dead,Adventure|Indie|Puzzle,70.0,1,2018,2,multi,0.6931471805599453
33363,Overload,Shooter|Simulator,70.50598150094365,5,2018,4,multi,1.791759469228055
33812,Kabounce,Indie|Racing|Sport,70.0,2,2018,2,multi,1.0986122886681098
33913,Racket: Nx,Arcade|Indie|Sport,80.0,1,2018,1,single,0.6931471805599453
34665,Rise of Insanity,Adventure|Indie|Simulator,80.0,4,2018,5,multi,1.6094379124341003
34700,Tsioque,Adventure|Indie|Point-and-click|Puzzle,70.0442081143797,12,2018,2,multi,2.5649493574615367
34705,Iconoclasts,Adventure|Indie|Platform|Puzzle,75.66192428065725,89,2018,5,multi,4.499809670330265
34767,Blast-off,Arcade|Indie|Shooter,70.0,1,2018,1,single,0.6931471805599453
34919,Nimbatus: The Space Drone Constructor,Indie|Simulator,60.0,3,2018,1,single,1.3862943611198906
35091,"Football, Tactics & Glory",Indie|Simulator|Sport|Strategy,68.38795870870334,12,2018,1,single,2.5649493574615367
35181,Colina: Legacy,Adventure|Indie|Puzzle,70.0,3,2018,3,multi,1.3862943611198906
35210,Aegis Defenders,Adventure|Indie|Platform|Role-playing (RPG)|Strategy,65.35223617368959,11,2018,4,multi,2.4849066497880004
35282,CrossCode,Adventure|Indie|Puzzle|Role-playing (RPG)|Shooter,89.0311525873006,106,2018,3,multi,4.672828834461906
35844,InnerSpace,Adventure|Indie|Simulator,50.93892334824137,9,2018,6,multi,2.302585092994046
35934,Airships: Conquer the Skies,Indie|Simulator|Strategy,53.7901758641601,5,2018,3,multi,1.791759469228055
36022,Pig Eat Ball,Adventure|Arcade|Indie|Puzzle,70.0,1,2018,3,multi,0.6931471805599453
36171,Heavy Metal Machines,Indie|Racing|Real Time Strategy (RTS)|Sport,42.69513952519293,5,2018,1,single,1.791759469228055
36485,Chuusotsu! 1st Graduation: Time After Time,Adventure|Indie,70.0,2,2018,1,single,1.0986122886681098
36515,Sword Art Online: Fatal Bullet,Role-playing (RPG)|Shooter,69.2316904358536,30,2018,3,multi,3.4339872044851463
36524,Warlocks 2: God Slayers,Adventure|Indie|Role-playing (RPG),67.0,4,2018,3,multi,1.6094379124341003
36544,Tennis World Tour,Simulator|Sport,70.04049017334425,7,2018,4,multi,2.0794415416798357
36620,Light Fall,Adventure|Indie|Platform,93.0,4,2018,3,multi,1.6094379124341003
36651,Extinction,Adventure|Hack and slash/Beat 'em up,32.01959856749829,5,2018,3,multi,1.791759469228055
36652,Underhero,Adventure|Indie|Platform|Role-playing (RPG),83.90836482169446,5,2018,3,multi,1.791759469228055
36766,Q.U.B.E. 2,Adventure|Indie|Platform|Puzzle,74.72076326896334,54,2018,3,multi,4.007333185232471
36780,Way of the Passive Fist,Arcade|Fighting|Hack and slash/Beat 'em up|Indie,70.0,1,2018,5,multi,0.6931471805599453
36798,The Swords of Ditto,Adventure|Arcade|Hack and slash/Beat 'em up|Indie|Role-playing (RPG),68.30812495942058,16,2018,4,multi,2.833213344056216
36815,Lust for Darkness,Adventure|Indie|Puzzle|Role-playing (RPG),59.11981168949755,27,2018,2,multi,3.332204510175204
36831,Dissidia Final Fantasy NT,Arcade|Fighting|Role-playing (RPG),55.17205109509792,15,2018,1,single,2.772588722239781
36832,Strange Brigade,Adventure|Puzzle|Shooter,69.92774542259255,40,2018,3,multi,3.713572066704308
36897,A Way Out,Adventure,77.28976610929658,655,2018,3,multi,6.486160788944089
36911,Dragon Ball FighterZ,Fighting,83.56044559928107,227,2018,3,multi,5.429345628954441
36912,Laser League,Indie|Sport|Strategy,60.29363651296198,19,2018,3,multi,2.995732273553991
36926,Monster Hunter: World,Adventure|Role-playing (RPG),83.76856093838444,570,2018,2,multi,6.3473892096560105
36929,Pathfinder: Kingmaker,Adventure|Role-playing (RPG)|Tactical,85.41100616203734,91,2018,5,multi,4.5217885770490405
36972,Attack of the Earthlings,Indie|Strategy|Turn-based strategy (TBS),70.0,4,2018,3,multi,1.6094379124341003
37032,Blade Strangers,Arcade|Fighting,60.0,1,2018,3,multi,0.6931471805599453
37064,Transference,Adventure|Indie|Puzzle,66.3389325136007,16,2018,6,multi,2.833213344056216
37066,Starlink: Battle for Atlas,Adventure|Arcade|Real Time Strategy (RTS)|Role-playing (RPG)|Shooter|Simulator|Strategy,76.86494580809382,14,2018,2,multi,2.70805020110221
37089,The Inpatient,Adventure,69.92810166103291,6,2018,1,single,1.9459101490553132
37095,Moss,Adventure|Platform|Puzzle,79.18499076338453,42,2018,3,multi,3.7612001156935624
37137,Kirby Star Allies,Adventure|Hack and slash/Beat 'em up|Platform,70.88406871743473,78,2018,1,single,4.3694478524670215
37179,Sushi Striker: The Way of Sushido,Puzzle|Role-playing (RPG),54.98300088827492,5,2018,2,multi,1.791759469228055
37282,The Persistence,Adventure|Indie,79.7240835448926,6,2018,1,single,1.9459101490553132
37386,Super Kinky,Arcade|Indie|Shooter,50.0,2,2018,1,single,1.0986122886681098
37777,Shadow of the Tomb Raider,Adventure|Puzzle|Shooter,77.6498420739951,672,2018,5,multi,6.511745329644728
37852,Milanoir,Adventure|Arcade|Indie|Role-playing (RPG)|Shooter,60.0,1,2018,4,multi,0.6931471805599453
38754,Tangledeep,Adventure|Indie|Role-playing (RPG)|Strategy|Turn-based strategy (TBS),62.0562105864967,9,2018,3,multi,2.302585092994046
38973,Beast Quest,Adventure|Role-playing (RPG),90.0,4,2018,3,multi,1.6094379124341003
39108,Cosa Nostra,Indie|Strategy,60.0,1,2018,1,single,0.6931471805599453
39724,Minefield,Arcade|Card & Board Game|Puzzle|Simulator|Sport|Strategy,69.86361800615117,5,2018,1,single,1.791759469228055
40868,Die for Valhalla!,Adventure|Arcade|Fighting|Hack and slash/Beat 'em up|Indie|Role-playing (RPG),70.0,2,2018,6,multi,1.0986122886681098
41030,Assassin's Creed: Rebellion,Simulator,59.72187623236526,13,2018,2,multi,2.6390573296152584
41047,Gorn,Fighting|Hack and slash/Beat 'em up|Indie|Simulator,79.85095352800457,22,2018,1,single,3.1354942159291497
41061,Death End Re;Quest,Adventure|Role-playing (RPG),50.0,4,2018,1,single,1.6094379124341003
41621,Football Manager 2019,Simulator|Sport,87.53244148684894,61,2018,4,multi,4.127134385045092
41812,The Long Reach,Adventure|Indie|Puzzle|Role-playing (RPG),69.93704480928281,12,2018,6,multi,2.5649493574615367
41828,Fighting EX Layer,Arcade|Fighting,59.43904714106115,8,2018,1,single,2.1972245773362196
43178,Idle Champions of the Forgotten Realms,Adventure|Indie|Strategy,70.59048242340009,17,2018,2,multi,2.8903717578961645
44102,Total War Saga: Thrones of Britannia,Real Time Strategy (RTS)|Strategy|Turn-based strategy (TBS),70.1496059105139,14,2018,3,multi,2.70805020110221
44116,Past Cure,Indie|Shooter,50.0,4,2018,3,multi,1.6094379124341003
44122,City of Brass,Adventure|Indie|Shooter,40.15808878275859,16,2018,3,multi,2.833213344056216
44219,Escape Doodland,Adventure|Arcade|Indie|Platform,70.0,4,2018,2,multi,1.6094379124341003
45026,Next Up Hero,Adventure|Hack and slash/Beat 'em up|Role-playing (RPG),50.0,2,2018,4,multi,1.0986122886681098
45363,Pogo,Indie|Platform,70.0,1,2018,3,multi,0.6931471805599453
46989,The Crooked Man,Adventure|Indie|Role-playing (RPG),69.8999594279061,17,2018,1,single,2.8903717578961645
50745,Mana Spark,Adventure|Indie|Role-playing (RPG),60.16987955977945,8,2018,3,multi,2.1972245773362196
51408,Old School Musical,Adventure|Arcade|Fighting|Indie|Music,70.0,1,2018,2,multi,0.6931471805599453
51446,The Crown of Leaves,Adventure|Indie,70.0,2,2018,2,multi,1.0986122886681098
51448,BlazBlue: Cross Tag Battle,Adventure|Arcade|Fighting,82.54284889884056,33,2018,3,multi,3.5263605246161616
51524,The Walking Dead: The Final Season,Adventure|Point-and-click,78.79475716743994,273,2018,4,multi,5.6131281063880705
51679,Shaq Fu: A Legend Reborn,Arcade|Fighting|Hack and slash/Beat 'em up|Indie|Sport,62.21647812515861,6,2018,4,multi,1.9459101490553132
51952,EarthWorms,Adventure|Indie|Point-and-click|Puzzle,70.0,3,2018,1,single,1.3862943611198906
52014,Do Not Feed the Monkeys,Adventure|Indie|Puzzle|Simulator|Strategy,70.31396365629062,50,2018,3,multi,3.9318256327243257
52062,Shining Song Starnova,Simulator|Visual Novel,70.0,2,2018,3,multi,1.0986122886681098
52067,Eselmir and the five magical gifts,Adventure|Indie,60.0,2,2018,2,multi,1.0986122886681098
52263,All-Star Fruit Racing,Indie|Racing|Sport,60.0,4,2018,4,multi,1.6094379124341003
52271,Witchkin,Indie,70.0,1,2018,1,single,0.6931471805599453
54217,Persona 3: Dancing in Moonlight,Music,74.85818426629257,29,2018,2,multi,3.4011973816621555
54218,Persona 5: Dancing in Starlight,Music,70.8097728483893,37,2018,2,multi,3.6375861597263857
54220,Persona Q2: New Cinema Labyrinth,Adventure|Role-playing (RPG)|Strategy,96.61923096786794,20,2018,1,single,3.044522437723423
54486,We Were Here Too,Adventure|Indie|Puzzle,69.7009951184641,69,2018,3,multi,4.248495242049359
54521,Senran Kagura Peach Ball,Arcade|Pinball|Visual Novel,60.0,4,2018,1,single,1.6094379124341003
54548,Dragon Quest Builders 2,Adventure|Role-playing (RPG),77.70080169675482,44,2018,2,multi,3.8066624897703196
54565,Tempest 4000,Arcade|Music|Puzzle|Shooter,50.0,2,2018,3,multi,1.0986122886681098
54572,Artifact,Card & Board Game|Strategy|Turn-based strategy (TBS),65.44701602177278,27,2018,3,multi,3.332204510175204
54574,Orwell: Ignorance is Strength,Adventure|Indie|Point-and-click|Puzzle|Simulator|Visual Novel,75.80832279734221,39,2018,3,multi,3.6888794541139363
54613,Shape of the World,Adventure|Indie|Music|Simulator,70.0,4,2018,4,multi,1.6094379124341003
54678,Rusty Lake Paradise,Adventure|Indie|Point-and-click|Puzzle,71.11797264578432,67,2018,4,multi,4.219507705176107
54752,Sinner: Sacrifice for Redemption,Adventure|Fighting|Indie|Role-playing (RPG),59.99602852018939,9,2018,4,multi,2.302585092994046
54775,Shadows: Awakening,Hack and slash/Beat 'em up|Role-playing (RPG),69.80823982067176,20,2018,3,multi,3.044522437723423
54783,Tekken Mobile,Arcade|Fighting,74.39176059279914,6,2018,2,multi,1.9459101490553132
54785,Treadnauts,Fighting|Indie|Platform,76.83576550487874,7,2018,5,multi,2.0794415416798357
54793,Deep Sky Derelicts,Adventure|Card & Board Game|Indie|Role-playing (RPG)|Strategy,61.95868570049251,9,2018,3,multi,2.302585092994046
54814,Apocryph,Adventure|Indie|Shooter,50.0,1,2018,2,multi,0.6931471805599453
54816,AirMech: Wastelands,Indie|Role-playing (RPG)|Strategy,70.0,1,2018,1,single,0.6931471805599453
54820,Dead In Vinland,Adventure|Indie|Role-playing (RPG)|Simulator|Strategy,70.00280040139087,8,2018,2,multi,2.1972245773362196
54996,Jurassic World Evolution,Simulator|Strategy,68.50739664171061,113,2018,3,multi,4.736198448394496
55028,Attack on Titan 2,Hack and slash/Beat 'em up,83.06921180851924,17,2018,5,multi,2.8903717578961645
55038,Immortal: Unchained,Adventure|Role-playing (RPG)|Shooter,51.53832196217806,23,2018,3,multi,3.1780538303479458
55080,Donut County,Adventure|Indie|Puzzle,71.15066579762286,216,2018,4,multi,5.37989735354046
55112,Fist of the North Star: Lost Paradise,Adventure|Hack and slash/Beat 'em up|Role-playing (RPG),89.58809963372406,12,2018,1,single,2.5649493574615367
55121,Phantom Doctrine,Adventure|Role-playing (RPG)|Simulator|Strategy|Tactical|Turn-based strategy (TBS),59.97364921047472,10,2018,3,multi,2.3978952727983707
55123,X4: Foundations,Simulator|Strategy,79.794268027655,20,2018,2,multi,3.044522437723423
55137,Fate/Extella Link,Hack and slash/Beat 'em up,56.66666666666667,5,2018,2,multi,1.791759469228055
55173,Semblance,Adventure|Indie|Platform|Puzzle,69.78062974982518,13,2018,3,multi,2.6390573296152584
55189,Warhammer: Vermintide 2,Adventure|Indie|Role-playing (RPG)|Shooter,76.33122697184965,154,2018,1,single,5.043425116919247
55247,Chessaria: The Tactical Adventure,Adventure|Card & Board Game|Indie|Puzzle|Simulator|Strategy|Tactical|Turn-based strategy (TBS),60.0,1,2018,3,multi,0.6931471805599453
55282,Infliction,Adventure|Indie,59.81821769626808,12,2018,1,single,2.5649493574615367
55308,Farm Manager 2018,Indie|Simulator|Strategy,60.0,1,2018,1,single,0.6931471805599453
55486,0°N 0°W,Adventure|Indie,70.0,4,2018,1,single,1.6094379124341003
55494,Dead Maze,Role-playing (RPG),59.37534857780257,6,2018,3,multi,1.9459101490553132
55580,Robothorium,Adventure|Indie|Role-playing (RPG)|Simulator|Strategy|Tactical|Turn-based strategy (TBS),70.0,1,2018,3,multi,0.6931471805599453
55678,Door Kickers: Action Squad,Indie|Platform|Real Time Strategy (RTS)|Shooter|Simulator|Strategy|Tactical,77.33220833761015,19,2018,1,single,2.995732273553991
55945,Brawl Stars,MOBA|Shooter|Strategy,75.15990042522178,106,2018,2,multi,4.672828834461906
56033,Dream Alone,Adventure|Arcade|Indie|Platform|Puzzle,82.0,3,2018,2,multi,1.3862943611198906
56060,Shadowgun Legends,Adventure|Role-playing (RPG)|Shooter,85.92395888656314,5,2018,2,multi,1.791759469228055
56208,Amberskull,Indie,70.0,1,2018,1,single,0.6931471805599453
56592,In-Vert,Adventure|Indie|Platform|Puzzle,70.0,1,2018,2,multi,0.6931471805599453
56622,Noisz,Indie|Music|Shooter|Visual Novel,70.0,1,2018,1,single,0.6931471805599453
56782,Pizza Titan Ultra,Arcade|Indie|Platform|Racing,70.0,1,2018,1,single,0.6931471805599453
56870,"Guns, Gore and Cannoli 2",Adventure|Arcade|Indie|Platform|Shooter,75.01796720577369,25,2018,2,multi,3.258096538021482
56997,One Hour One Life,Adventure|Indie|Role-playing (RPG)|Simulator,70.0,4,2018,2,multi,1.6094379124341003
57012,Etrian Odyssey Nexus,Adventure|Role-playing (RPG),80.0,3,2018,1,single,1.3862943611198906
57019,Shin Megami Tensei: Liberation Dx2,Role-playing (RPG)|Turn-based strategy (TBS),59.86540056817086,11,2018,2,multi,2.4849066497880004
57021,Bullet Girls Phantasia,Shooter,60.0,3,2018,2,multi,1.3862943611198906
57142,Gal Metal,Adventure|Arcade|Music|Role-playing (RPG)|Simulator,73.0,2,2018,1,single,1.0986122886681098
57192,Nairi: Tower of Shirin,Adventure|Indie|Platform|Point-and-click|Puzzle,83.99071110434961,9,2018,2,multi,2.302585092994046
57263,Chuchel,Adventure|Indie|Point-and-click|Puzzle,73.44293056529933,61,2018,2,multi,4.127134385045092
57337,Isoland,Adventure|Indie|Point-and-click|Puzzle|Simulator,70.0,2,2018,2,multi,1.0986122886681098
58047,Slay.one,Shooter,70.0,1,2018,3,multi,0.6931471805599453
58066,Pure Farming 2018,Simulator|Strategy,50.0,2,2018,3,multi,1.0986122886681098
58243,Treasure Adventure World,Adventure|Indie|Platform|Puzzle,88.04426950110967,5,2018,1,single,1.791759469228055
58407,Regular Human Basketball,Indie|Sport,70.0,1,2018,3,multi,0.6931471805599453
58409,Verdant Skies,Adventure|Role-playing (RPG)|Simulator|Visual Novel,70.0,1,2018,3,multi,0.6931471805599453
58612,Tube Tycoon,Indie|Simulator|Strategy,50.0,2,2018,2,multi,1.0986122886681098
59227,Jimmy and the Pulsating Mass,Indie|Role-playing (RPG),70.0,4,2018,2,multi,1.6094379124341003
59737,ZeroRanger,Arcade|Indie|Shooter,89.89523341066567,8,2018,1,single,2.1972245773362196
59833,The Miskatonic,Adventure|Indie,70.0,1,2018,2,multi,0.6931471805599453
59858,Lethal League Blaze,Arcade|Fighting|Indie|Sport,90.12610005127445,32,2018,3,multi,3.4965075614664802
60230,Joggernauts,Arcade|Indie|Platform|Puzzle|Strategy,70.0,1,2018,3,multi,0.6931471805599453
60534,Ninjin: Clash of Carrots,Adventure|Arcade|Hack and slash/Beat 'em up|Indie|Role-playing (RPG)|Shooter,77.93433866527774,6,2018,4,multi,1.9459101490553132
61616,Thief Simulator,Adventure|Indie|Simulator|Strategy,61.95470682313803,40,2018,2,multi,3.713572066704308
61714,To Leave,Adventure|Indie|Music|Platform|Puzzle|Role-playing (RPG),70.0,1,2018,1,single,0.6931471805599453
61859,Dark Deception,Adventure|Arcade|Indie|Role-playing (RPG),63.61087687332088,13,2018,1,single,2.6390573296152584
61884,Regions of Ruin,Adventure|Hack and slash/Beat 'em up|Indie|Platform|Role-playing (RPG)|Strategy,60.46371020506835,14,2018,3,multi,2.70805020110221
62151,Life Is Strange 2,Adventure,76.67931245044875,316,2018,5,multi,5.75890177387728
64359,Hero-U: Rogue to Redemption,Adventure|Indie|Puzzle|Role-playing (RPG),70.0,2,2018,3,multi,1.0986122886681098
65837,Hand of the Gods,Strategy,70.0,4,2018,3,multi,1.6094379124341003
67203,Indie Pogo,Hack and slash/Beat 'em up|Indie|Platform,70.0,2,2018,1,single,1.0986122886681098
67625,MX vs. ATV: All Out,Racing|Simulator|Sport,59.87175360884937,7,2018,3,multi,2.0794415416798357
68106,Switchblade,Adventure|MOBA|Shooter|Sport|Strategy,70.0,2,2018,1,single,1.0986122886681098
68169,Mechanism,Adventure|Indie,60.0,2,2018,1,single,1.0986122886681098
68216,All Our Asias,Adventure|Indie|Role-playing (RPG),61.86926134825733,7,2018,3,multi,2.0794415416798357
68279,Gal*Gun 2,Adventure|Arcade|Shooter,55.52619987405689,10,2018,2,multi,2.3978952727983707
68285,Mobile Suit Gundam Battle Operation 2,Shooter,76.71688893003635,9,2018,1,single,2.302585092994046
68364,Mugsters,Adventure|Indie|Platform|Puzzle,70.0,3,2018,5,multi,1.3862943611198906
68383,Hellmut: The Badass from Hell,Arcade|Fighting|Indie|Shooter,70.0,2,2018,1,single,1.0986122886681098
68441,Sword Art Online: Integral Factor,Adventure|Role-playing (RPG),55.22935779816514,6,2018,2,multi,1.9459101490553132
68450,Path to Mnemosyne,Adventure|Indie|Puzzle|Simulator,70.0,2,2018,3,multi,1.0986122886681098
68576,Welcome to the Game II,Indie|Puzzle|Simulator|Strategy,78.2796090426735,12,2018,2,multi,2.5649493574615367
68702,Deru: The Art of Cooperation,Arcade|Indie|Puzzle,70.0,1,2018,4,multi,0.6931471805599453
68843,I Hate Running Backwards,Arcade|Indie|Shooter,70.0,1,2018,4,multi,0.6931471805599453
69014,Castle of Heart,Adventure|Platform,80.0,3,2018,1,single,1.3862943611198906
69348,Frantics,Arcade|Fighting|Racing|Tactical,78.86900503553564,9,2018,1,single,2.302585092994046
69482,Heaven Will Be Mine,Adventure|Indie|Role-playing (RPG)|Visual Novel,80.0,2,2018,3,multi,1.0986122886681098
69483,Monster Prom,Adventure|Indie|Simulator|Visual Novel,70.11152378101451,39,2018,3,multi,3.6888794541139363
69498,Shalnor Legends: Sacred Lands,Adventure|Indie|Puzzle|Role-playing (RPG),60.0,2,2018,1,single,1.0986122886681098
71019,Volantia: Kingdom in the Sky,Indie|Strategy,50.0,1,2018,2,multi,0.6931471805599453
71628,The Messenger,Adventure|Arcade|Indie|Platform,79.34420991111622,192,2018,2,multi,5.262690188904886
72519,Pipe Push Paradise,Indie|Puzzle,70.0,1,2018,3,multi,0.6931471805599453
74250,My Lovely Daughter,Adventure|Indie|Puzzle|Role-playing (RPG)|Simulator|Strategy|Visual Novel,70.0,1,2018,3,multi,0.6931471805599453
74285,Membrane,Adventure|Platform|Puzzle,87.0,2,2018,1,single,1.0986122886681098
74436,Horns of Fear,Adventure|Indie,70.0,1,2018,1,single,0.6931471805599453
74500,Monster Energy Supercross: The Official Videogame,Arcade|Racing|Simulator|Sport,69.87781571340591,12,2018,5,multi,2.5649493574615367
74524,Football Game,Adventure|Indie|Point-and-click,70.0,4,2018,1,single,1.6094379124341003
74528,Forged Battalion,Indie|Real Time Strategy (RTS)|Simulator|Strategy,80.0,2,2018,1,single,1.0986122886681098
74598,Animal Super Squad,Adventure|Indie|Platform|Simulator,39.36624884815208,6,2018,4,multi,1.9459101490553132
74686,Catmaze,Adventure|Indie|Platform|Role-playing (RPG),70.0,2,2018,3,multi,1.0986122886681098
74734,Sword Legacy: Omen,Adventure|Indie|Role-playing (RPG)|Strategy,60.0,2,2018,1,single,1.0986122886681098
74881,Steel Rats,Arcade|Platform|Racing,60.28419915083069,11,2018,5,multi,2.4849066497880004
74946,World End Syndrome,Adventure|Role-playing (RPG)|Visual Novel,90.0,4,2018,3,multi,1.6094379124341003
75056,Despotism 3k,Indie|Simulator|Strategy,73.93325992422314,8,2018,3,multi,2.1972245773362196
75065,The Colonists,Indie|Simulator|Strategy,60.0,4,2018,3,multi,1.6094379124341003
75076,Party Crashers,Arcade|Indie|Racing|Sport,70.0,2,2018,3,multi,1.0986122886681098
75096,Slipstream,Arcade|Indie|Racing,51.50748980007957,12,2018,3,multi,2.5649493574615367
75100,Heroes of Hammerwatch,Adventure|Indie|Role-playing (RPG),69.94778083184627,23,2018,2,multi,3.1780538303479458
75173,Don't Sink,Adventure|Indie|Role-playing (RPG),70.0,1,2018,3,multi,0.6931471805599453
75182,Silent Descent,Adventure|Indie,70.0,2,2018,1,single,1.0986122886681098
75230,Egypt: Old Kingdom,Indie|Simulator|Strategy|Turn-based strategy (TBS),77.9471982656128,6,2018,5,multi,1.9459101490553132
75234,Guacamelee! 2,Adventure|Fighting|Hack and slash/Beat 'em up|Indie|Platform,80.88182940291604,92,2018,2,multi,4.532599493153256
75244,Onrush,Racing,65.37908615610328,38,2018,2,multi,3.6635616461296463
75247,The Red Strings Club,Adventure|Indie|Puzzle|Simulator|Visual Novel,78.8852425435414,83,2018,3,multi,4.430816798843313
75263,Juicy Realm,Adventure|Arcade|Indie|Role-playing (RPG)|Shooter,50.0,1,2018,2,multi,0.6931471805599453
75297,EA Sports UFC 3,Fighting|Sport,63.16413194830304,34,2018,2,multi,3.5553480614894135
75300,One Piece: Bounty Rush,Adventure|Fighting|Role-playing (RPG),85.60000000000001,7,2018,2,multi,2.0794415416798357
75540,The Free Ones,Adventure,67.84830475070653,10,2018,3,multi,2.3978952727983707
75546,MLB The Show 18,Sport,79.93038452415041,11,2018,1,single,2.4849066497880004
75760,Ascendant Hearts,Adventure|Indie|Visual Novel,70.0,2,2018,1,single,1.0986122886681098
75763,Mike was Cursed,Adventure|Indie,50.0,1,2018,1,single,0.6931471805599453
75799,Speed Dating for Ghosts,Indie|Role-playing (RPG)|Simulator|Visual Novel,80.0,7,2018,2,multi,2.0794415416798357
75809,AntVentor,Adventure|Indie|Platform|Point-and-click|Puzzle|Simulator,70.0,2,2018,3,multi,1.0986122886681098
75848,Valkyria Chronicles 4,Role-playing (RPG)|Simulator|Strategy|Tactical|Turn-based strategy (TBS),80.04547925740428,29,2018,1,single,3.4011973816621555
75855,Project Hospital,Indie|Simulator|Strategy,73.13870495965168,17,2018,3,multi,2.8903717578961645
76039,Infectonator 3: Apocalypse,Indie|Simulator|Strategy,62.41995762584709,6,2018,3,multi,1.9459101490553132
76127,Dustwind,Indie|Real Time Strategy (RTS)|Strategy|Tactical,70.0,1,2018,1,single,0.6931471805599453
76164,Marvel Strike Force,Role-playing (RPG)|Turn-based strategy (TBS),76.03415130611783,19,2018,2,multi,2.995732273553991
76234,My Tamagotchi Forever,Role-playing (RPG)|Simulator,90.0,1,2018,1,single,0.6931471805599453
76350,Season's Beatings,Indie|Shooter,70.0,1,2018,3,multi,0.6931471805599453
76397,Super Seducer,Adventure|Role-playing (RPG)|Simulator|Strategy,56.31473442824924,12,2018,2,multi,2.5649493574615367
76404,Robbie Swifthand and the Orb of Mysteries,Adventure|Indie|Platform|Puzzle,70.0,1,2018,3,multi,0.6931471805599453
76410,"Warhammer 40,000: Gladius - Relics of War",Strategy|Turn-based strategy (TBS),71.96131918216629,12,2018,1,single,2.5649493574615367
76428,My Hero One's Justice,Fighting,69.8787789306962,23,2018,2,multi,3.1780538303479458
76538,Meanders,Adventure|Indie|Platform|Puzzle,70.0,1,2018,1,single,0.6931471805599453
76560,Legendary Gary,Adventure|Indie|Strategy,70.0,3,2018,1,single,1.3862943611198906
76581,Tunnels of Despair,Adventure|Indie,70.0,1,2018,1,single,0.6931471805599453
76587,The Pirate's Fate,Adventure|Indie|Role-playing (RPG)|Visual Novel,70.0,2,2018,3,multi,1.0986122886681098
76641,Samsara,Indie|Strategy,90.0,1,2018,3,multi,0.6931471805599453
76723,Mega Man 11,Platform|Shooter,77.30972557692927,68,2018,4,multi,4.23410650459726
76726,AO Tennis,Sport,60.42596454301547,5,2018,4,multi,1.791759469228055
76736,Black Clover: Quartet Knights,Adventure|Fighting|Role-playing (RPG)|Shooter,70.0,3,2018,2,multi,1.3862943611198906
76802,Hello Charlotte Ep.3: Childhood's End,Adventure|Indie|Role-playing (RPG),70.86681779342666,19,2018,1,single,2.995732273553991
76813,Cycle 28,Arcade|Indie|Shooter|Simulator,70.0,1,2018,3,multi,0.6931471805599453
76816,Dungreed,Adventure|Indie|Platform,50.76393181851428,6,2018,3,multi,1.9459101490553132
76885,SoulCalibur VI,Fighting,79.4892602151197,122,2018,3,multi,4.812184355372417
76887,Fade to Silence,Adventure|Role-playing (RPG),59.87785186398873,5,2018,3,multi,1.791759469228055
76921,Retimed,Fighting|Indie|Shooter,70.85745351552512,5,2018,1,single,1.791759469228055
76930,Broken Reality,Adventure|Indie|Puzzle,64.30564925971653,11,2018,1,single,2.4849066497880004
76966,Firewall Zero Hour,Shooter|Tactical,61.71863520843647,6,2018,1,single,1.9459101490553132
77157,My Big Sister,Adventure|Indie|Role-playing (RPG),70.0,4,2018,1,single,1.6094379124341003
77176,The Lord of the Rings: Adventure Card Game,Adventure|Card & Board Game|Role-playing (RPG)|Strategy|Turn-based strategy (TBS),68.84345202803183,6,2018,2,multi,1.9459101490553132
77187,Bud Spencer & Terence Hill: Slaps and Beans,Adventure|Arcade|Fighting|Hack and slash/Beat 'em up|Indie,70.71618958378997,12,2018,3,multi,2.5649493574615367
77535,Basingstoke,Adventure|Indie,80.0,3,2018,3,multi,1.3862943611198906
77631,Harry Potter: Hogwarts Mystery,Adventure|Point-and-click|Role-playing (RPG)|Simulator,36.62133358421603,26,2018,2,multi,3.295836866004329
77657,Destination Primus Vita,Adventure|Indie|Puzzle,70.0,1,2018,2,multi,0.6931471805599453
78115,The Legend of Heroes: Trails of Cold Steel IV,Role-playing (RPG),88.74839930005035,19,2018,1,single,2.995732273553991
78128,Fallen Legion: Rise to Glory,Role-playing (RPG)|Strategy|Tactical,77.0,1,2018,1,single,0.6931471805599453
78149,Adventure Time: Pirates of the Enchiridion,Adventure|Fighting|Role-playing (RPG),65.03286323483161,18,2018,4,multi,2.9444389791664403
78155,Mount Your Friends 3D: A Hard Man is Good to Climb,Indie|Simulator|Sport,70.0,2,2018,2,multi,1.0986122886681098
78536,Beholder 2,Adventure|Indie|Simulator|Strategy,77.31199376577939,32,2018,1,single,3.4965075614664802
78538,Freeman: Guerrilla Warfare,Indie|Role-playing (RPG)|Shooter|Strategy|Tactical,69.96506580830592,6,2018,1,single,1.9459101490553132
78547,The Council,Adventure|Role-playing (RPG),77.67218189872663,74,2018,3,multi,4.31748811353631
78550,Bad North,Adventure|Indie|Puzzle|Real Time Strategy (RTS)|Simulator|Strategy,74.52381918589127,76,2018,3,multi,4.343805421853684
78754,Scribblenauts Showdown,Music|Puzzle|Sport,50.0,4,2018,3,multi,1.6094379124341003
79996,Pocket City,Indie|Simulator|Strategy,78.91902036353233,6,2018,2,multi,1.9459101490553132
79999,Lamplight City,Adventure|Indie|Point-and-click|Puzzle,80.73075977922785,13,2018,3,multi,2.6390573296152584
80009,Starbo,Adventure|Indie,50.0,2,2018,3,multi,1.0986122886681098
80012,OK K.O.! Let's Play Heroes,Adventure|Arcade|Fighting|Hack and slash/Beat 'em up|Role-playing (RPG),70.0,1,2018,3,multi,0.6931471805599453
80916,Omensight,Adventure|Indie|Role-playing (RPG),79.63308338290189,31,2018,2,multi,3.4657359027997265
80935,Cursed Lands,Role-playing (RPG),60.0,1,2018,3,multi,0.6931471805599453
80960,Nantucket,Adventure|Indie|Role-playing (RPG)|Simulator|Strategy,60.0,2,2018,1,single,1.0986122886681098
80985,Deployment,Adventure|Indie|Racing|Shooter|Sport|Strategy,80.0,2,2018,1,single,1.0986122886681098
81009,Mhakna Gramura and Fairy Bell,Adventure|Indie|Visual Novel,70.0,4,2018,3,multi,1.6094379124341003
81036,12 Labours of Hercules VII: Fleecing the Fleece,Adventure|Arcade|Indie|Puzzle|Strategy,70.0,1,2018,2,multi,0.6931471805599453
81091,Kebab it Up!,Adventure|Indie|Strategy,70.0,1,2018,2,multi,0.6931471805599453
81092,A Raven Monologue,Indie|Visual Novel,60.48623964214507,12,2018,1,single,2.5649493574615367
81124,Scythe: Digital Edition,Card & Board Game|Strategy|Turn-based strategy (TBS),70.0,4,2018,2,multi,1.6094379124341003
81128,Puss!,Adventure|Arcade|Indie|Puzzle,65.93067834593307,15,2018,3,multi,2.772588722239781
81141,Squad 44,Indie|Shooter|Simulator|Strategy,84.95271939715647,13,2018,1,single,2.6390573296152584
81145,Mario Tennis Aces,Adventure|Sport,70.85254824705115,89,2018,1,single,4.499809670330265
81146,SNK Heroines: Tag Team Frenzy,Arcade|Fighting,59.90805768644638,9,2018,2,multi,2.302585092994046
81173,Marie's Room,Adventure|Indie,69.88446412990689,33,2018,1,single,3.5263605246161616
81194,ShadowSide,Adventure|Indie|Simulator,50.0,2,2018,1,single,1.0986122886681098
81220,TT Isle of Man: Ride on the Edge,Racing|Simulator|Sport,56.55705996131527,6,2018,3,multi,1.9459101490553132
81230,TheNightfall,Adventure|Indie,50.0,3,2018,1,single,1.3862943611198906
81256,Dakar 18,Adventure|Racing|Simulator|Sport|Strategy,60.69644443753846,8,2018,3,multi,2.1972245773362196
81275,Unforeseen Incidents,Adventure|Indie|Point-and-click|Puzzle,73.79596330572825,25,2018,3,multi,3.258096538021482
81350,Yume Nikki: Dream Diary,Adventure|Indie|Puzzle,60.78134187010362,7,2018,1,single,2.0794415416798357
81443,Algo Bot,Indie,70.0,1,2018,3,multi,0.6931471805599453
81604,Ganbare! Super Strikers,Arcade|Role-playing (RPG)|Sport|Strategy,70.0,1,2018,3,multi,0.6931471805599453
81618,Containment,Indie|Puzzle|Simulator|Strategy|Turn-based strategy (TBS),70.0,1,2018,3,multi,0.6931471805599453
81621,Sumetrick,Indie,70.0,1,2018,2,multi,0.6931471805599453
81705,Shadow of Loot Box,Adventure|Indie|Shooter,60.0,4,2018,1,single,1.6094379124341003
81776,The Warrior of Treasures,Adventure|Indie,70.0,1,2018,1,single,0.6931471805599453
81814,Bad Dream: Fever,Adventure|Indie|Point-and-click,60.0,3,2018,2,multi,1.3862943611198906
81824,Hangover,Adventure|Indie,70.0,2,2018,1,single,1.0986122886681098
81847,Achievement Clicker 2018,Indie|Simulator|Strategy,70.0,1,2018,1,single,0.6931471805599453
81869,Foto Flash,Adventure|Indie,70.0,3,2018,1,single,1.3862943611198906
81884,Unstoppable Hamster,Adventure|Indie|Simulator,70.0,1,2018,1,single,0.6931471805599453
81888,Mortal Manor,Adventure|Indie,70.0,1,2018,1,single,0.6931471805599453
81893,Hero of the Kingdom III,Adventure|Indie|Role-playing (RPG),55.05248344374571,14,2018,1,single,2.70805020110221
81901,Q-YO Blaster,Adventure|Arcade|Indie|Shooter,70.0,4,2018,1,single,1.6094379124341003
81918,Delete,Indie|Puzzle|Strategy,80.00781762199554,6,2018,2,multi,1.9459101490553132
81935,Puzzlement,Adventure|Indie|Platform|Puzzle|Simulator,70.0,1,2018,3,multi,0.6931471805599453
81961,Yuzi Lims: anime runner,Adventure|Indie|Sport,50.0,1,2018,1,single,0.6931471805599453
81962,Abasralsa,Adventure|Fighting|Simulator,50.0,1,2018,1,single,0.6931471805599453
81967,Clicker: Mining Simulator,Indie|Simulator,40.0,1,2018,1,single,0.6931471805599453
81968,Mouse (Sneaking),Adventure|Indie,50.0,1,2018,1,single,0.6931471805599453
81972,Toxic Plumbing,Adventure|Indie,50.0,1,2018,1,single,0.6931471805599453
81985,Dead Ground,Arcade|Indie|Role-playing (RPG)|Shooter|Strategy,64.0,4,2018,2,multi,1.6094379124341003
82090,Forza Horizon 4,Adventure|Racing|Sport,82.15398519626424,427,2018,2,multi,6.059123195581797
82116,New Gundam Breaker,Fighting|Hack and slash/Beat 'em up|Shooter,50.0,1,2018,1,single,0.6931471805599453
82117,Two Point Hospital,Indie|Simulator|Strategy,75.75213995956545,141,2018,3,multi,4.955827057601261
82343,Crossroad,Adventure|Indie|Visual Novel,60.0,1,2018,1,single,0.6931471805599453
82370,The Liar Princess and the Blind Prince,Adventure|Indie|Platform|Puzzle,73.00352696177316,12,2018,3,multi,2.5649493574615367
82534,FeArea,Indie|Simulator,60.0,1,2018,1,single,0.6931471805599453
82578,The Adventures of Elena Temple,Adventure|Arcade|Indie|Platform|Puzzle,63.0,1,2018,2,multi,0.6931471805599453
82844,Treasure Hunter Claire,Adventure|Indie|Role-playing (RPG),70.0,1,2018,1,single,0.6931471805599453
83495,Forbidden Clicker Party,Adventure|Indie|Role-playing (RPG)|Strategy,70.0,3,2018,2,multi,1.3862943611198906
83525,Not Without My Poop,Indie,70.0,1,2018,1,single,0.6931471805599453
83535,Neonwall,Arcade|Indie|Puzzle|Shooter|Strategy,95.0,1,2018,1,single,0.6931471805599453
83539,Viki Spotter: The Farm,Arcade|Indie|Platform|Puzzle,70.0,1,2018,3,multi,0.6931471805599453
83593,Property,Indie,60.0,1,2018,1,single,0.6931471805599453
83606,Noir Chronicles: City of Crime,Adventure|Puzzle,50.0,2,2018,3,multi,1.0986122886681098
83607,AtmaSphere,Adventure|Indie,52.07987114196067,5,2018,1,single,1.791759469228055
83615,Stay,Adventure|Indie|Puzzle|Role-playing (RPG)|Simulator|Strategy,60.0,4,2018,3,multi,1.6094379124341003
83727,Call of Duty: Black Ops 4,Shooter,66.78060578378927,193,2018,3,multi,5.267858159063328
83728,Battlefield V,Shooter,70.70442037821844,413,2018,3,multi,6.025865973825314
83730,Super One More Jump,Adventure|Arcade|Music|Platform,90.0,2,2018,1,single,1.0986122886681098
83731,Beat Saber,Arcade|Indie|Music|Sport,84.9224997444501,191,2018,2,multi,5.2574953720277815
83847,7 Billion Humans,Indie|Puzzle|Simulator|Strategy,70.01862831936887,19,2018,3,multi,2.995732273553991
83852,My Child: Lebensborn,Indie|Role-playing (RPG)|Simulator,60.32828455364628,5,2018,2,multi,1.791759469228055
83891,Friday the 13th: Killer Puzzle,Indie|Puzzle|Strategy,72.90854434335466,19,2018,1,single,2.995732273553991
83893,Out of the Park Baseball 19,Indie|Simulator|Sport|Strategy,70.0,1,2018,3,multi,0.6931471805599453
83933,Paradox Soul,Adventure|Indie|Role-playing (RPG),60.0,4,2018,1,single,1.6094379124341003
83936,Dyo,Indie|Platform|Puzzle,76.71916010498688,6,2018,1,single,1.9459101490553132
83969,Indecision.,Adventure|Indie|Platform,70.0,4,2018,1,single,1.6094379124341003
83974,Sakura Cupid,Adventure|Simulator,70.0,1,2018,3,multi,0.6931471805599453
83984,Radical Dungeon Sweeper,Indie|Role-playing (RPG)|Strategy,70.0,1,2018,1,single,0.6931471805599453
83988,Your Royal Gayness,Adventure|Indie|Simulator|Visual Novel,60.0,1,2018,3,multi,0.6931471805599453
83998,Montecrypto: The Bitcoin Enigma,Adventure|Indie|Simulator,50.0,1,2018,1,single,0.6931471805599453
84003,Citystate,Indie|Simulator|Strategy,50.0,3,2018,1,single,1.3862943611198906
84017,Evie,Adventure|Indie|Puzzle,50.0,2,2018,1,single,1.0986122886681098
84020,Lake of Voices,Indie|Visual Novel,53.76160011844716,6,2018,3,multi,1.9459101490553132
84084,President Trump the Way in Uganda,Adventure|Indie,70.0,1,2018,1,single,0.6931471805599453
84486,This Is the Police 2,Adventure|Indie|Simulator|Strategy|Tactical|Turn-based strategy (TBS)|Visual Novel,73.91121921510856,29,2018,3,multi,3.4011973816621555
84535,The Bonfire: Forsaken Lands,Adventure|Arcade|Indie|Role-playing (RPG)|Simulator|Strategy,60.0,1,2018,3,multi,0.6931471805599453
84848,Rogue Aces,Arcade|Shooter,69.91259558807573,8,2018,3,multi,2.1972245773362196
85154,Frederic 2: Evil Strikes Back,Arcade|Music,53.0,1,2018,1,single,0.6931471805599453
85191,Hyper Sentinel,Arcade|Indie|Shooter,74.33587014326005,5,2018,6,multi,1.791759469228055
85307,Nintendo Labo: Toy-Con 02 - Robot Kit,Arcade|Simulator,60.0,1,2018,1,single,0.6931471805599453
85308,Nintendo Labo: Toy-Con 01 - Variety Kit,Simulator,50.48992020696123,5,2018,1,single,1.791759469228055
85526,Murderous Pursuits,Adventure|Indie|Role-playing (RPG)|Simulator|Strategy,59.50694655175031,6,2018,1,single,1.9459101490553132
85769,Raging Justice,Arcade|Fighting|Hack and slash/Beat 'em up|Indie,73.0,3,2018,5,multi,1.3862943611198906
86180,Alone,Adventure|Indie|Platform,50.0,1,2018,1,single,0.6931471805599453
86255,Creepy Road,Adventure|Arcade|Indie|Platform|Shooter,70.0,2,2018,2,multi,1.0986122886681098
86269,Space Hulk: Tactics,Card & Board Game|Simulator|Strategy|Turn-based strategy (TBS),57.93032023997881,5,2018,3,multi,1.791759469228055
86299,Fallen ~Makina and the City of Ruins~,Adventure|Indie|Role-playing (RPG),70.0,2,2018,1,single,1.0986122886681098
86300,Psychiatrist Simulator,Indie|Simulator,50.0,1,2018,1,single,0.6931471805599453
86304,Super Jigsaw Puzzle,Indie|Simulator|Strategy,70.0,1,2018,1,single,0.6931471805599453
86316,Muse Dash,Indie|Music,73.3709136248267,80,2018,2,multi,4.394449154672439
86323,Hexologic,Indie|Puzzle,69.9695261151575,16,2018,5,multi,2.833213344056216
86328,Gleaner Heights,Adventure|Indie|Role-playing (RPG)|Simulator,60.0,1,2018,2,multi,0.6931471805599453
86338,Lonely in the Winter,Adventure|Indie|Role-playing (RPG),70.0,1,2018,1,single,0.6931471805599453
86344,Seers Isle,Adventure|Indie|Visual Novel,70.0,4,2018,3,multi,1.6094379124341003
86362,Abo Khashem,Adventure|Indie|Role-playing (RPG),60.0,2,2018,3,multi,1.0986122886681098
86376,Guilt Battle Arena,Arcade|Fighting|Indie|Shooter,50.0,1,2018,4,multi,0.6931471805599453
86395,Synthetik: Legion Rising,Indie|Shooter,70.26857655616267,25,2018,1,single,3.258096538021482
86403,Border of her Heart,Indie,60.0,1,2018,1,single,0.6931471805599453
86440,Red Embrace,Indie|Visual Novel,70.0,1,2018,3,multi,0.6931471805599453
86442,Smoke and Sacrifice,Adventure|Indie|Role-playing (RPG),69.89056808082951,9,2018,2,multi,2.302585092994046
86445,Townsmen VR,Simulator|Strategy,70.0,1,2018,1,single,0.6931471805599453
86452,Streets of Red: Devil's Dare Deluxe,Arcade|Fighting|Hack and slash/Beat 'em up|Indie,70.0,1,2018,1,single,0.6931471805599453
86468,Swarmlake,Arcade|Indie|Shooter,70.0,4,2018,1,single,1.6094379124341003
86479,Cypher,Indie|Puzzle,82.25863058606338,6,2018,1,single,1.9459101490553132
86480,Downward Spiral: Horus Station,Adventure|Indie|Shooter,70.0,1,2018,1,single,0.6931471805599453
86514,Assault Spy,Adventure|Hack and slash/Beat 'em up|Indie,70.0,3,2018,1,single,1.3862943611198906
86524,.T.E.S.T: Expected Behaviour,Adventure|Indie|Puzzle|Simulator,70.0,1,2018,2,multi,0.6931471805599453
86526,Bird Watcher,Indie,40.0,1,2018,1,single,0.6931471805599453
86558,Terraforming Mars,Simulator|Strategy,64.7687137188556,14,2018,2,multi,2.70805020110221
86571,Zup! 8,Indie|Puzzle,52.17782182036896,5,2018,1,single,1.791759469228055
86574,Squidlit,Adventure|Indie|Platform,68.77817560912527,9,2018,1,single,2.302585092994046
86581,Terra Feminarum,Indie|Shooter,70.0,1,2018,1,single,0.6931471805599453
86617,Rage In Peace,Adventure|Indie|Platform,70.0,3,2018,3,multi,1.3862943611198906
86619,Azure Saga: Pathfinder,Adventure|Indie|Role-playing (RPG)|Strategy,70.0,1,2018,2,multi,0.6931471805599453
86620,Zen Chess: Mate in One,Puzzle|Strategy,70.0,3,2018,2,multi,1.3862943611198906
86726,Word Puzzle Game,Puzzle,20.0,1,2018,1,single,0.6931471805599453
86737,Farm Together,Indie|Simulator|Strategy,70.03006147709903,13,2018,3,multi,2.6390573296152584
86750,Meteor 60 Seconds!,Indie|Simulator,52.81372477611767,6,2018,2,multi,1.9459101490553132
86753,A Fine Mess,Adventure|Indie,70.0,2,2018,2,multi,1.0986122886681098
86756,Debtor,Adventure|Arcade|Indie|Platform|Puzzle,69.6,6,2018,2,multi,1.9459101490553132
86770,Diabolic,Adventure|Indie|Role-playing (RPG),70.0,1,2018,1,single,0.6931471805599453
86961,Mahjong Solitaire: Classic,Card & Board Game|Puzzle,90.0,1,2018,1,single,0.6931471805599453
86974,Word Cross Puzzle,Puzzle,90.0,1,2018,1,single,0.6931471805599453
87030,Stack & Crack,Indie|Puzzle,90.0,2,2018,1,single,1.0986122886681098
87031,Bring You Home,Adventure|Indie|Puzzle,90.0,2,2018,1,single,1.0986122886681098
87050,Hero Hunters,Role-playing (RPG)|Shooter,43.66912,3,2018,1,single,1.3862943611198906
87058,Knife Hit,Arcade,72.32490952273858,5,2018,2,multi,1.791759469228055
87059,Baseball Boy!,Arcade|Sport,80.0,1,2018,1,single,0.6931471805599453
87134,Snow Jewels Puzzle,Puzzle,70.0,1,2018,1,single,0.6931471805599453
87172,Fluffy Fall,Arcade,90.0,1,2018,1,single,0.6931471805599453
87210,Farming Simulator 19,Simulator|Strategy,79.93646803579216,32,2018,3,multi,3.4965075614664802
87499,The Missing: J.J. Macfield and the Island of Memories,Adventure|Indie|Platform|Puzzle,79.75753185413491,22,2018,4,multi,3.1354942159291497
87530,Biotix: Phage Genesis HD,Indie|Simulator|Strategy,90.0,2,2018,1,single,1.0986122886681098
87672,Florence,Adventure|Indie|Puzzle,74.66036775153177,126,2018,2,multi,4.844187086458591
87673,Nippon Marathon,Indie|Racing|Sport,78.4209238365323,6,2018,5,multi,1.9459101490553132
87678,Dig Dog,Adventure|Arcade|Indie|Platform,70.0,2,2018,4,multi,1.0986122886681098
87682,Summer Pockets,Adventure|Visual Novel,81.19800951387617,5,2018,1,single,1.791759469228055
87686,A Light in the Dark,Adventure|Puzzle|Visual Novel,70.0,4,2018,2,multi,1.6094379124341003
87728,Pigeon Pop,Arcade,60.0,2,2018,1,single,1.0986122886681098
87766,Little Hidden City,Adventure|Indie,50.0,1,2018,1,single,0.6931471805599453
87774,Nonogram - The Greatest Painter,Indie|Puzzle|Strategy,50.0,4,2018,1,single,1.6094379124341003
87812,Fortune-499,Card & Board Game|Indie|Role-playing (RPG)|Strategy,70.0,2,2018,2,multi,1.0986122886681098
87931,Omen Exitio: Plague,Adventure|Indie|Role-playing (RPG),70.0,3,2018,3,multi,1.3862943611198906
87965,God's Basement,Adventure|Indie,70.0,3,2018,1,single,1.3862943611198906
87980,Forgotten Hill Mementoes,Adventure|Indie,70.0,4,2018,2,multi,1.6094379124341003
88000,Demon Hunter 4: Riddles of Light,Adventure|Puzzle,80.0,2,2018,1,single,1.0986122886681098
88006,One Deck Dungeon,Adventure|Card & Board Game|Indie|Puzzle|Role-playing (RPG)|Strategy,60.0,1,2018,3,multi,0.6931471805599453
88028,Orbia,Arcade,75.00582882466949,5,2018,1,single,1.791759469228055
88030,Panzer War: Definitive Edition,Simulator,60.0,1,2018,1,single,0.6931471805599453
88036,Life & Debt: A Real Life Simulator,Simulator|Strategy,70.0,1,2018,3,multi,0.6931471805599453
88043,The Wayhaven Chronicles: Book One,Adventure|Indie|Role-playing (RPG),60.66933114867904,6,2018,5,multi,1.9459101490553132
88044,Fallen Hero: Rebirth,Indie|Role-playing (RPG),64.38202247191012,5,2018,5,multi,1.791759469228055
88082,Seek Etyliv,Indie|Puzzle|Role-playing (RPG)|Turn-based strategy (TBS),70.0,1,2018,3,multi,0.6931471805599453
88119,Picrastination,Indie|Puzzle,70.0,1,2018,1,single,0.6931471805599453
88122,Godly Corp,Indie|Simulator,70.0,1,2018,3,multi,0.6931471805599453
88179,Super Benbo Quest: Turbo Deluxe,Adventure|Indie|Platform,70.0,2,2018,1,single,1.0986122886681098
88223,Meteorfall: Journey,Card & Board Game|Indie|Role-playing (RPG)|Strategy,79.03225806451613,5,2018,2,multi,1.791759469228055
88383,Trailblazers,Arcade|Indie|Racing|Sport,70.0,1,2018,5,multi,0.6931471805599453
88391,Urban Trial Playground,Arcade|Indie|Racing|Simulator|Sport,73.0,2,2018,1,single,1.0986122886681098
88401,"I, Hope",Adventure|Indie,70.0,3,2018,1,single,1.3862943611198906
88461,"Warhammer 40,000: Mechanicus",Role-playing (RPG)|Strategy|Tactical|Turn-based strategy (TBS),79.94911151953255,23,2018,3,multi,3.1780538303479458
88887,Little Dragons Café,Adventure|Role-playing (RPG)|Simulator|Strategy,67.0,1,2018,2,multi,0.6931471805599453
89004,Wormster Dash,Adventure|Indie,44.680853,2,2018,1,single,1.0986122886681098
89025,Helix Jump,Arcade|Platform,60.62971595680663,13,2018,2,multi,2.6390573296152584
89073,Muddledash,Arcade|Indie|Platform|Racing,70.0,3,2018,3,multi,1.3862943611198906
89074,Paw Patrol: On a Roll!,Adventure|Platform|Puzzle,60.0,3,2018,4,multi,1.3862943611198906
89095,Cytus II,Arcade|Music,79.64962042704298,10,2018,1,single,2.3978952727983707
89147,Hunt Down the Freeman,Adventure|Indie|Shooter,36.62727474487838,7,2018,1,single,2.0794415416798357
89252,Squirm,Adventure|Indie,70.0,2,2018,3,multi,1.0986122886681098
89326,Breathedge,Adventure|Indie|Role-playing (RPG)|Simulator,70.69052027400184,52,2018,1,single,3.970291913552122
89376,Lucid Dream Adventure,Adventure|Indie,70.0,3,2018,2,multi,1.3862943611198906
89377,Game Dev Studio,Indie|Simulator|Strategy,70.0,1,2018,2,multi,0.6931471805599453
89438,Silenced: The House,Adventure|Indie,70.0,1,2018,1,single,0.6931471805599453
89479,Youropa,Adventure|Indie|Platform|Puzzle,65.64788817147148,7,2018,1,single,2.0794415416798357
89504,Beckett,Adventure|Indie,70.0,1,2018,2,multi,0.6931471805599453
89560,Mutant Year Zero: Road to Eden,Adventure|Role-playing (RPG)|Strategy|Tactical|Turn-based strategy (TBS),80.74218923738414,98,2018,3,multi,4.59511985013459
89730,Code of War,Role-playing (RPG)|Shooter|Simulator|Sport,90.0,2,2018,1,single,1.0986122886681098
89749,Octahedron,Indie|Platform|Puzzle,73.9140548316754,6,2018,3,multi,1.9459101490553132
89755,Color by Number - Puzzle,Puzzle,90.0,2,2018,1,single,1.0986122886681098
89847,Hatsune Miku VR,Music,50.0,1,2018,1,single,0.6931471805599453
89955,Changed,Adventure|Indie|Role-playing (RPG),80.1280409731114,11,2018,1,single,2.4849066497880004
90060,Secret Little Haven,Adventure|Indie|Visual Novel,70.0,8,2018,3,multi,2.1972245773362196
90074,Super Inefficient Golf,Arcade|Indie|Sport,60.0,1,2018,3,multi,0.6931471805599453
90084,Jurassic World Alive,Adventure|Role-playing (RPG)|Simulator|Strategy,69.99100558390364,10,2018,2,multi,2.3978952727983707
90101,Super Smash Bros. Ultimate,Fighting|Platform,86.54544414066982,937,2018,1,single,6.843749949006225
90102,Demolish & Build 2018,Indie|Simulator|Strategy,50.0,1,2018,1,single,0.6931471805599453
90106,Torn,Adventure|Puzzle,60.0,2,2018,3,multi,1.0986122886681098
90108,WarioWare Gold,Arcade,76.56478220346187,33,2018,1,single,3.5263605246161616
90135,Outbreak: The Nightmare Chronicles,Adventure|Indie|Role-playing (RPG)|Shooter|Strategy,70.0,1,2018,3,multi,0.6931471805599453
90143,Tardy,Adventure|Indie|Point-and-click|Puzzle,70.0,1,2018,1,single,0.6931471805599453
90146,Another Sight,Adventure|Indie|Platform|Puzzle,70.0,1,2018,2,multi,0.6931471805599453
90250,Ostalgie: The Berlin Wall,Indie|Simulator|Strategy,70.0,1,2018,3,multi,0.6931471805599453
90278,Save One More,Adventure|Indie,70.0,1,2018,1,single,0.6931471805599453
90322,Rad Rodgers,Adventure|Arcade|Indie|Platform,70.0,3,2018,2,multi,1.3862943611198906
90395,Simple Story: Alex,Adventure,50.0,1,2018,1,single,0.6931471805599453
90417,The Tower of Beatrice,Adventure|Indie|Puzzle,70.0,1,2018,1,single,0.6931471805599453
90435,Projekt,Indie|Puzzle,90.0,2,2018,4,multi,1.0986122886681098
90624,Dead,Indie,70.0,1,2018,1,single,0.6931471805599453
90687,Dillon's Dead-Heat Breakers,Strategy,73.0,2,2018,1,single,1.0986122886681098
90688,V-Rally 4,Racing|Simulator,60.65172802993409,13,2018,3,multi,2.6390573296152584
90720,Umiro,Adventure|Indie|Puzzle|Strategy,45.789475,1,2018,3,multi,0.6931471805599453
90752,Bigfoot Quest,Adventure|Indie|Puzzle,80.0,1,2018,2,multi,0.6931471805599453
90783,Rival Megagun,Arcade|Fighting|Indie|Shooter,70.0,1,2018,4,multi,0.6931471805599453
91128,The Golf Club 2019 featuring PGA Tour,Indie|Simulator|Sport|Strategy,50.0,3,2018,3,multi,1.3862943611198906
91157,Kingdom Clicker,Indie,50.0,1,2018,1,single,0.6931471805599453
91160,Hidden Paws,Adventure|Indie|Puzzle,70.0,3,2018,1,single,1.3862943611198906
91215,Score! Match,Sport,60.0,1,2018,2,multi,0.6931471805599453
91221,Legend of Himari,Adventure|Arcade|Hack and slash/Beat 'em up|Indie,70.0,1,2018,1,single,0.6931471805599453
91970,Desert Child,Adventure|Arcade|Indie|Racing|Role-playing (RPG)|Shooter|Simulator,47.05153617443013,6,2018,6,multi,1.9459101490553132
92116,Will Hero,Arcade,90.0,4,2018,1,single,1.6094379124341003
93656,Deluded Mind,Adventure|Indie,60.0,1,2018,1,single,0.6931471805599453
93727,Golfing Over It with Alva Majo,Arcade|Indie|Platform|Sport,41.29878446694256,5,2018,5,multi,1.791759469228055
93734,Super Saurio Fly,Adventure|Arcade|Indie|Platform,70.0,2,2018,2,multi,1.0986122886681098
93741,Woodways,Indie|Puzzle,49.444447,1,2018,2,multi,0.6931471805599453
93744,Gothicc Breaker,Indie,80.0,1,2018,1,single,0.6931471805599453
93746,Warriors Orochi 4,Hack and slash/Beat 'em up|Role-playing (RPG)|Tactical,70.09881808974784,8,2018,4,multi,2.1972245773362196
93902,EA Sports FC Online,Simulator|Sport,56.12903225806452,5,2018,1,single,1.791759469228055
94044,BFF or Die,Arcade|Indie|Puzzle,70.0,1,2018,3,multi,0.6931471805599453
94054,Pode,Adventure|Indie|Platform|Puzzle,61.21230591278697,5,2018,1,single,1.791759469228055
94061,Chronicles of Magic: Divided Kingdoms,Adventure|Puzzle,50.0,1,2018,1,single,0.6931471805599453
94079,Goldmine,Indie|Simulator|Strategy,60.0,2,2018,1,single,1.0986122886681098
94876,LEGO The Incredibles,Adventure|Hack and slash/Beat 'em up|Platform|Puzzle,71.69485735164729,34,2018,5,multi,3.5553480614894135
95014,Dragon Ball Legends,Arcade|Fighting|Role-playing (RPG),60.01318467489583,20,2018,2,multi,3.044522437723423
95027,Garage,Adventure|Indie|Role-playing (RPG)|Shooter,90.0,1,2018,1,single,0.6931471805599453
95028,Pool Panic,Adventure|Indie|Puzzle|Sport,59.96776000579312,7,2018,2,multi,2.0794415416798357
95054,Gotcha Racing 2nd,Racing,90.0,2,2018,1,single,1.0986122886681098
95076,Oddmar,Adventure|Platform,75.5568784306613,10,2018,1,single,2.3978952727983707
95092,Crazy Defense Heroes,Adventure|Strategy|Tactical|Turn-based strategy (TBS),80.0,1,2018,1,single,0.6931471805599453
95098,Flip: Surfing Colors,Arcade|Racing|Sport,80.0,1,2018,1,single,0.6931471805599453
95113,Steampunk Tower 2,Adventure|Indie|Strategy,80.0,1,2018,2,multi,0.6931471805599453
95116,Thief of Thieves: Season One,Adventure|Indie,50.0,3,2018,1,single,1.3862943611198906
95127,NASCAR Rush,Racing|Sport,90.0,2,2018,1,single,1.0986122886681098
95131,Rise Up,Adventure|Arcade|Indie,80.0,1,2018,2,multi,0.6931471805599453
95173,Momoiro Closet,Adventure|Visual Novel,70.0,1,2018,1,single,0.6931471805599453
95175,Putin vs. Isis,Indie,70.0,2,2018,1,single,1.0986122886681098
95176,NoReload Heroes,Arcade|Indie|Shooter,50.0,2,2018,1,single,1.0986122886681098
95223,Achievement Clicker 2019,Adventure|Indie|Simulator|Strategy,60.0,1,2018,1,single,0.6931471805599453
95308,Ring of Elysium,Shooter,67.77086810574065,40,2018,1,single,3.713572066704308
95340,PUBG Mobile,Shooter|Strategy,62.476013037573,147,2018,2,multi,4.997212273764115
95386,PixelJunk Monsters 2,Indie|Real Time Strategy (RTS)|Strategy,67.9967159277504,8,2018,3,multi,2.1972245773362196
95526,Flip the Gun - Simulator Game,Arcade|Simulator,90.0,2,2018,1,single,1.0986122886681098
95550,Vandals,Adventure|Indie|Puzzle|Strategy|Turn-based strategy (TBS),60.29120835512815,8,2018,4,multi,2.1972245773362196
95614,Nicky: The Home Alone Golf Ball,Adventure|Arcade|Indie|Puzzle|Strategy,50.0,1,2018,1,single,0.6931471805599453
95641,Stickman: Fidget Spinner Rush,Indie,70.0,1,2018,1,single,0.6931471805599453
95668,Barro,Indie|Racing|Sport,35.1378857595759,15,2018,1,single,2.772588722239781
96064,SuperStar BTS,Music,48.088407999999994,3,2018,2,multi,1.3862943611198906
96065,The Spectrum Retreat,Adventure|Indie|Platform|Puzzle|Strategy,69.86377027938273,16,2018,3,multi,2.833213344056216
96088,Not Tonight,Adventure|Puzzle|Role-playing (RPG)|Simulator,70.10197026773159,19,2018,1,single,2.995732273553991
96090,MotoGP 18,Racing|Simulator|Sport,74.9162346726996,8,2018,4,multi,2.1972245773362196
96095,Sdorica,Role-playing (RPG)|Simulator|Strategy|Turn-based strategy (TBS),45.428147,2,2018,2,multi,1.0986122886681098
96116,Neko-Nin ExHeart 2,Indie|Visual Novel,70.0,1,2018,1,single,0.6931471805599453
96126,Stonewall Penitentiary,Adventure|Indie|Point-and-click|Puzzle|Visual Novel,70.0,2,2018,1,single,1.0986122886681098
96138,Disney Heroes: Battle Mode,Role-playing (RPG)|Strategy,45.954347,1,2018,2,multi,0.6931471805599453
96172,Carly and the Reaperman: Escape from the Underworld,Adventure|Indie|Puzzle,70.0,2,2018,2,multi,1.0986122886681098
96193,The Hero Project: Open Season,Adventure|Indie|Role-playing (RPG),40.0,1,2018,3,multi,0.6931471805599453
96200,The Spiral Scouts,Adventure|Indie|Puzzle,89.60676012367544,7,2018,2,multi,2.0794415416798357
96203,The Librarian,Adventure|Indie|Point-and-click,75.27581125076279,6,2018,2,multi,1.9459101490553132
96209,FIFA 19,Sport,72.95788264721068,218,2018,3,multi,5.389071729816501
96213,The Jackbox Party Pack 5,Indie|Puzzle|Quiz/Trivia|Strategy,76.45168775742307,36,2018,9,multi,3.6109179126442243
96239,Radical Heights,Indie|Shooter,80.0,4,2018,1,single,1.6094379124341003
96250,Bus Simulator 18,Simulator,50.37584986948099,7,2018,1,single,2.0794415416798357
96271,The Aether: Life as a God,Adventure|Indie|Role-playing (RPG),70.0,3,2018,3,multi,1.3862943611198906
96277,Skelly Selest,Arcade|Indie|Shooter,80.0,1,2018,1,single,0.6931471805599453
96278,Inked,Adventure|Indie|Platform|Point-and-click|Puzzle,70.0,4,2018,1,single,1.6094379124341003
96322,Catastronauts,Indie,60.0,1,2018,3,multi,0.6931471805599453
96353,Odium to the Core,Arcade|Indie|Music,70.0,2,2018,4,multi,1.0986122886681098
96384,Holy Potatoes! A Spy Story?!,Indie|Role-playing (RPG)|Simulator|Strategy,70.0,1,2018,3,multi,0.6931471805599453
96487,NBA 2K Playgrounds 2,Arcade|Sport,72.69571093609171,10,2018,4,multi,2.3978952727983707
96488,Psyvariar Delta,Arcade|Shooter,90.0,2,2018,2,multi,1.0986122886681098
96503,Hacker.exe,Adventure|Indie|Puzzle|Real Time Strategy (RTS)|Simulator|Strategy,40.0,1,2018,3,multi,0.6931471805599453
96514,Fantasy Versus,Adventure|Indie|Role-playing (RPG),70.0,2,2018,1,single,1.0986122886681098
96542,Windlands 2,Adventure|Indie,70.0,2,2018,3,multi,1.0986122886681098
96569,Dude Theft Wars,Shooter|Simulator,45.277342999999995,1,2018,2,multi,0.6931471805599453
96583,Brew Town,Simulator,41.30388,1,2018,2,multi,0.6931471805599453
96632,Doodle Date,Indie|Simulator|Visual Novel,94.0,6,2018,1,single,1.9459101490553132
96642,Super Weekend Mode,Arcade|Indie|Shooter,60.31078094075106,5,2018,2,multi,1.791759469228055
96652,Spaghet,Indie|Strategy,80.0,1,2018,1,single,0.6931471805599453
96661,The Road to Canterbury,Adventure|Indie|Role-playing (RPG),60.0,1,2018,6,multi,0.6931471805599453
96690,Bustories,Adventure|Indie|Simulator,60.0,1,2018,1,single,0.6931471805599453
96916,Klondike Adventures,Adventure|Simulator,45.26315699999999,1,2018,2,multi,0.6931471805599453
96946,Magic Scroll Tactics,Indie|Role-playing (RPG)|Simulator|Strategy,60.0,1,2018,1,single,0.6931471805599453
96956,Bing Bong XL,Indie,70.0,1,2018,1,single,0.6931471805599453
97012,Hiveswap Friendsim,Adventure|Indie|Role-playing (RPG)|Simulator|Visual Novel,66.64264864396846,5,2018,4,multi,1.791759469228055
97026,Human-powered spacecraft,Indie,70.0,4,2018,1,single,1.6094379124341003
97027,First Winter,Adventure|Indie,70.0,2,2018,1,single,1.0986122886681098
97029,Run Jump Fail,Indie|Platform,70.0,1,2018,1,single,0.6931471805599453
97040,Diner Bros,Indie,70.0,2,2018,1,single,1.0986122886681098
97109,Queen's Quest 4: Sacred Truce,Adventure|Puzzle,69.95333789585018,5,2018,3,multi,1.791759469228055
97110,30 Seconds to Jail,Indie,50.0,2,2018,2,multi,1.0986122886681098
97221,Adventure of a Lifetime,Visual Novel,70.0,1,2018,1,single,0.6931471805599453
97231,Boxes Inc.,Indie|Puzzle|Role-playing (RPG)|Simulator|Strategy,60.0,1,2018,1,single,0.6931471805599453
97243,Escape First,Adventure|Indie|Puzzle|Role-playing (RPG),50.0,1,2018,1,single,0.6931471805599453
97255,Super Neptunia RPG,Adventure|Platform|Role-playing (RPG),70.0,2,2018,1,single,1.0986122886681098
97269,Project Pastorate,Adventure|Indie|Puzzle|Visual Novel,70.0,1,2018,1,single,0.6931471805599453
97314,Looney Tunes World of Mayhem,Role-playing (RPG),75.55004692229002,5,2018,2,multi,1.791759469228055
97333,Verlet Swing,Indie|Platform|Shooter|Simulator,70.0,4,2018,2,multi,1.6094379124341003
97495,Alone,Adventure|Indie|Simulator|Strategy,70.0,1,2018,1,single,0.6931471805599453
97690,Paratopic,Adventure|Indie,72.11164368226656,26,2018,2,multi,3.295836866004329
98074,Spitkiss,Indie|Platform,70.0,1,2018,3,multi,0.6931471805599453
98698,Merry Glade,Adventure|Indie,70.0,1,2018,1,single,0.6931471805599453
98753,My Grandfather's Farm,Adventure|Indie|Role-playing (RPG)|Simulator|Strategy,94.67228738904788,22,2018,1,single,3.1354942159291497
98898,The friends of Ringo Ishikawa,Adventure|Fighting|Indie|Role-playing (RPG),81.01323966495542,11,2018,2,multi,2.4849066497880004
99007,Rigid Force Alpha,Arcade|Indie|Shooter,70.0,2,2018,1,single,1.0986122886681098
99012,Miazma or the Devil's Stone,Adventure,70.0,2,2018,1,single,1.0986122886681098
99025,Camp W,Adventure|Indie|Visual Novel,70.0,1,2018,2,multi,0.6931471805599453
99026,Last Resort Island,Indie|Strategy,70.0,1,2018,1,single,0.6931471805599453
99046,Never Split the Party,Adventure|Indie|Role-playing (RPG)|Simulator,51.79641579408376,6,2018,1,single,1.9459101490553132
99053,Paper Dolls,Adventure|Indie,50.0,1,2018,3,multi,0.6931471805599453
99060,RetroMaze,Indie,70.0,2,2018,1,single,1.0986122886681098
99082,You're Fired,Adventure|Indie|Simulator,50.0,1,2018,1,single,0.6931471805599453
99085,Crying is not Enough,Adventure|Indie,50.0,4,2018,2,multi,1.6094379124341003
99118,Dragalia Lost,Role-playing (RPG),83.84945253513719,14,2018,2,multi,2.70805020110221
99120,Lucah: Born of a Dream,Adventure|Hack and slash/Beat 'em up|Indie|Role-playing (RPG),69.47066231032542,7,2018,2,multi,2.0794415416798357
99131,Rising Dusk,Adventure|Indie|Platform|Puzzle,70.0,2,2018,2,multi,1.0986122886681098
99141,Head Ball 2,Sport,60.28050735246696,5,2018,2,multi,1.791759469228055
99181,My Singing Monsters Composer,Music,42.941174999999994,1,2018,1,single,0.6931471805599453
99191,VR2: Vacate 2 Rooms,Adventure|Indie,60.0,1,2018,1,single,0.6931471805599453
99289,Timberman VS,Arcade|Indie|Sport,85.60545144501529,6,2018,1,single,1.9459101490553132
99300,Case 2: Animatronics Survival,Adventure|Indie|Puzzle|Simulator,50.0,2,2018,1,single,1.0986122886681098
99425,Märchen Forest: Mylne and the Forest Gift,Adventure|Indie|Role-playing (RPG),70.0,2,2018,1,single,1.0986122886681098
99426,Pivot XL,Indie,70.0,1,2018,3,multi,0.6931471805599453
99521,The Office Quest,Adventure|Indie|Puzzle,73.44850112015976,8,2018,3,multi,2.1972245773362196
99538,Ultimate Racing 2D,Arcade|Indie|Racing|Simulator|Sport,80.0,2,2018,1,single,1.0986122886681098
99590,Aentity,Adventure|Indie|Simulator,70.0,1,2018,1,single,0.6931471805599453
99591,Quest of Vidhuraa,Adventure|Indie,70.0,1,2018,1,single,0.6931471805599453
99593,MOBA GM,Indie|Simulator|Sport|Strategy,40.0,1,2018,3,multi,0.6931471805599453
99603,Typical nightmare,Adventure|Indie|Simulator,60.0,1,2018,1,single,0.6931471805599453
99604,Wolf Tails,Adventure|Indie|Visual Novel,80.0,1,2018,3,multi,0.6931471805599453
99606,Isoland 2: Ashes of Time,Adventure|Indie|Puzzle|Simulator,70.0,1,2018,5,multi,0.6931471805599453
99625,Signal Simulator,Indie|Simulator,50.0,3,2018,2,multi,1.3862943611198906
100156,Blacktea With Moon,Indie|Role-playing (RPG),70.0,1,2018,1,single,0.6931471805599453
100338,Sakura Sadist,Simulator|Visual Novel,70.0,3,2018,3,multi,1.3862943611198906
100359,Pro Evolution Soccer 2019,Simulator|Sport,59.52872993670014,76,2018,3,multi,4.343805421853684
100361,Major Mayhem II,Arcade,44.488726,1,2018,2,multi,0.6931471805599453
100367,Gray Dawn,Adventure|Indie|Puzzle|Simulator,54.50778053591266,13,2018,1,single,2.6390573296152584
100415,Starbear: Taxi,Arcade|Simulator,70.0,1,2018,1,single,0.6931471805599453
100422,Siralim 3,Indie|Role-playing (RPG)|Turn-based strategy (TBS),80.0,2,2018,3,multi,1.0986122886681098
100423,TimeTekker,Indie,70.0,1,2018,1,single,0.6931471805599453
100439,Black Bird,Indie|Role-playing (RPG)|Shooter,70.0,4,2018,3,multi,1.6094379124341003
100445,LEGO Ninjago: Ride Ninja,Arcade,45.625415,1,2018,2,multi,0.6931471805599453
100460,The Road Trip,Adventure|Indie|Racing,50.0,1,2018,1,single,0.6931471805599453
100462,Casual Penalty,Simulator|Sport,50.0,1,2018,1,single,0.6931471805599453
100491,Prime Mover,Indie|Puzzle|Simulator,70.0,2,2018,1,single,1.0986122886681098
100543,Scalak,Indie|Puzzle,80.0,1,2018,3,multi,0.6931471805599453
100545,Airport Simulator 2019,Simulator|Strategy,30.0,1,2018,1,single,0.6931471805599453
100579,Rent-a-Vice,Adventure|Indie|Role-playing (RPG),60.0,1,2018,6,multi,0.6931471805599453
100583,Dark Sasi,Adventure|Indie|Role-playing (RPG)|Simulator|Sport|Strategy,70.0,1,2018,1,single,0.6931471805599453
100599,Hentai Puzzle,Indie|Puzzle,80.0,1,2018,1,single,0.6931471805599453
100600,Nepenthe,Adventure|Indie|Role-playing (RPG),70.0,2,2018,3,multi,1.0986122886681098
100667,Cube Escape: Paradox,Adventure|Indie|Point-and-click|Puzzle,63.89363846424972,53,2018,4,multi,3.9889840465642745
100808,Truck Simulator 2018 : Europe,Racing|Simulator,43.252816,1,2018,2,multi,0.6931471805599453
100812,Love Balls,Puzzle,38.805,1,2018,2,multi,0.6931471805599453
101163,Space Frontier 2,Arcade,46.21689,1,2018,2,multi,0.6931471805599453
101176,Bloodstained: Curse of the Moon,Hack and slash/Beat 'em up|Indie|Platform,77.81910699150825,92,2018,6,multi,4.532599493153256
101244,Exposure,Adventure|Indie,50.0,1,2018,1,single,0.6931471805599453
101399,Drizzlepath: Deja Vu,Adventure|Indie|Simulator,70.0,1,2018,1,single,0.6931471805599453
101439,F1 2018,Racing|Simulator|Sport,78.02156322104327,47,2018,3,multi,3.871201010907891
101458,Bastard,Adventure|Indie|Role-playing (RPG)|Strategy,60.0,1,2018,1,single,0.6931471805599453
101460,Speed Brawl,Adventure|Arcade|Fighting|Hack and slash/Beat 'em up|Indie|Platform|Racing|Real Time Strategy (RTS),70.0,3,2018,4,multi,1.3862943611198906
101497,Live Portrait Maker,Indie|Simulator,47.17333,2,2018,3,multi,1.0986122886681098
101515,Zup! X,Indie|Puzzle,50.77468060854557,6,2018,1,single,1.9459101490553132
101608,Anima: Gate of Memories - The Nameless Chronicles,Adventure|Fighting|Role-playing (RPG),60.0,4,2018,4,multi,1.6094379124341003
101619,Goat Life,Adventure|Indie|Simulator,50.0,1,2018,1,single,0.6931471805599453
101625,Trivia Vault: Food Trivia,Simulator|Strategy,50.0,1,2018,1,single,0.6931471805599453
101633,Ding Dong XL,Arcade|Indie,70.0,1,2018,3,multi,0.6931471805599453
101635,Ok/Normal,Adventure|Indie,61.35135135135135,5,2018,2,multi,1.791759469228055
101659,Splashy Tiles: Bouncing to the Beat,Music,43.57798,1,2018,1,single,0.6931471805599453
101698,Puzlogic,Arcade|Indie|Puzzle,70.0,1,2018,3,multi,0.6931471805599453
101699,Yorg.io,Indie|Real Time Strategy (RTS)|Strategy,70.0,2,2018,1,single,1.0986122886681098
102087,Leisure Suit Larry: Wet Dreams Don't Dry,Adventure|Point-and-click|Puzzle,67.55522211837567,23,2018,2,multi,3.1780538303479458
102095,Sagebrush,Adventure|Indie,79.78104898456786,16,2018,2,multi,2.833213344056216
102119,Quarantine Circular,Adventure|Indie|Puzzle,79.61274547916153,9,2018,2,multi,2.302585092994046
102122,Madden NFL 19,Sport,69.69253994787192,22,2018,3,multi,3.1354942159291497
102129,Astro Bot: Rescue Mission,Adventure|Platform,92.32214709548086,36,2018,1,single,3.6109179126442243
102134,Creed: Rise to Glory,Fighting|Simulator|Sport,70.79910989673006,11,2018,4,multi,2.4849066497880004
102166,Along Together,Adventure|Indie|Puzzle,70.0,1,2018,2,multi,0.6931471805599453
102167,Deep Space Waifu: Fantasy,Indie|Role-playing (RPG),80.0,3,2018,1,single,1.3862943611198906
102226,Tiny Hands Adventure,Adventure|Indie|Platform|Puzzle,70.0,1,2018,2,multi,0.6931471805599453
102246,Voxel Tanks,Indie|Shooter,50.0,1,2018,1,single,0.6931471805599453
102253,Tanks,Indie,70.0,2,2018,1,single,1.0986122886681098
102273,Dungeon Warfare 2,Indie|Strategy,80.0,4,2018,2,multi,1.6094379124341003
102321,LEGO DC Super-Villains,Adventure|Hack and slash/Beat 'em up|Puzzle,76.32140385957432,42,2018,4,multi,3.7612001156935624
102325,Fox Hime Zero,Adventure|Indie|Role-playing (RPG),80.0,2,2018,1,single,1.0986122886681098
102339,Pamali: Indonesian Folklore Horror,Adventure|Indie|Point-and-click,70.0,3,2018,1,single,1.3862943611198906
102404,"150,000 B.C.",Adventure|Indie,40.0,2,2018,1,single,1.0986122886681098
102409,Putin Run Away From Trump,Adventure|Indie,70.0,1,2018,1,single,0.6931471805599453
102449,Newton and the Apple Tree,Visual Novel,70.0,1,2018,1,single,0.6931471805599453
102789,Jumping Joe & Friends,Arcade|Platform,40.0,1,2018,1,single,0.6931471805599453
102805,WWE 2K19,Simulator|Sport,75.13213105505241,44,2018,3,multi,3.8066624897703196
102832,Baldi's Basics in Education and Learning,Indie,79.79491475465785,8,2018,3,multi,2.1972245773362196
102867,Forza Street,Racing|Simulator|Sport|Strategy,59.81188877224465,8,2018,1,single,2.1972245773362196
102874,Pokémon Quest,Adventure|Role-playing (RPG)|Simulator|Strategy,65.8970492095103,55,2018,3,multi,4.02535169073515
102877,Acid Spy,Indie|Shooter,70.0,2,2018,1,single,1.0986122886681098
102885,King's Heir: Rise to the Throne,Adventure|Point-and-click|Puzzle,50.0,2,2018,3,multi,1.0986122886681098
102917,Suicide Guy: Sleepin' Deeply,Adventure|Indie|Platform|Puzzle,70.0,1,2018,1,single,0.6931471805599453
102938,HellCat,Adventure|Indie|Shooter,70.0,1,2018,1,single,0.6931471805599453
103020,Fallout 76,Role-playing (RPG)|Shooter,61.06925929587351,280,2018,3,multi,5.638354669333745
103024,Golem,Adventure|Indie|Puzzle,50.0,1,2018,1,single,0.6931471805599453
103047,Orogenesis,Adventure|Indie|Role-playing (RPG)|Turn-based strategy (TBS),70.0,1,2018,1,single,0.6931471805599453
103054,Assassin's Creed Odyssey,Adventure|Role-playing (RPG),81.03846745880267,962,2018,3,multi,6.870053411798126
103062,Pro Cycling Manager 2018,Simulator|Sport,50.0,1,2018,1,single,0.6931471805599453
103063,Dead Dungeon,Adventure|Arcade|Indie|Platform,70.0,3,2018,3,multi,1.3862943611198906
103188,Neo Neo,Indie,70.0,1,2018,1,single,0.6931471805599453
103189,SharpShooter3D,Adventure|Indie|Shooter,83.40262087663804,7,2018,1,single,2.0794415416798357
103210,Hitman 2,Adventure|Shooter|Tactical,81.07279452394708,311,2018,3,multi,5.7430031878094825
103218,NBA 2K19,Simulator|Sport,55.72092058673307,60,2018,5,multi,4.110873864173311
103221,Tetris Effect,Music|Puzzle,86.66522198671873,85,2018,2,multi,4.454347296253507
103222,Totally Accurate Battlegrounds,Indie|Shooter,60.39456986019373,34,2018,1,single,3.5553480614894135
103232,Super Seducer 2,Adventure|Role-playing (RPG)|Simulator|Strategy,70.35863232293465,7,2018,2,multi,2.0794415416798357
103247,Suzy Cube,Indie|Platform,70.0,2,2018,4,multi,1.0986122886681098
103249,11-11: Memories Retold,Adventure,76.14039398204578,31,2018,3,multi,3.4657359027997265
103256,Escape from Tethys,Adventure|Platform|Puzzle|Shooter,70.0,2,2018,2,multi,1.0986122886681098
103261,Just Cause 4,Adventure|Shooter,66.21151642577533,150,2018,3,multi,5.017279836814924
103275,NBA Live 19,Sport,68.75665842879198,7,2018,2,multi,2.0794415416798357
103313,The Quiet Man,Hack and slash/Beat 'em up,11.78484610986698,10,2018,2,multi,2.3978952727983707
103315,Just Dance 2019,Music,68.41672446313325,18,2018,6,multi,2.9444389791664403
103324,Overwhelm,Indie|Platform|Shooter,60.0,1,2018,2,multi,0.6931471805599453
103339,Super Mario Party,Card & Board Game,67.40805811710952,161,2018,1,single,5.087596335232384
103341,Overcooked! 2,Arcade|Indie|Simulator|Strategy|Tactical,79.42473872105151,299,2018,6,multi,5.703782474656201
103367,The Culling II,Indie|Shooter,20.0,1,2018,3,multi,0.6931471805599453
103371,Fitness Boxing,Music|Sport,83.0,4,2018,1,single,1.6094379124341003
103375,Up Left Out,Indie|Puzzle,60.0,4,2018,3,multi,1.6094379124341003
103380,Bloons TD 6,Strategy|Tactical,73.96839167315518,159,2018,2,multi,5.075173815233827
103402,Knowledge is Power: Decades,Quiz/Trivia,79.83149848652887,7,2018,1,single,2.0794415416798357
103418,Sudoku Jigsaw,Indie|Strategy,60.0,2,2018,3,multi,1.0986122886681098
103457,Door,Adventure|Indie|Puzzle|Simulator,40.0,2,2018,1,single,1.0986122886681098
103475,Need a packet?,Platform|Puzzle|Simulator|Strategy,50.0,1,2018,2,multi,0.6931471805599453
103484,Akane,Arcade|Hack and slash/Beat 'em up|Indie,70.20421366857731,21,2018,3,multi,3.091042453358316
103494,Crystar,Adventure|Role-playing (RPG),82.39307084467339,6,2018,1,single,1.9459101490553132
103497,Ride 3,Racing|Simulator|Sport,71.15450006990136,9,2018,3,multi,2.302585092994046
103500,NHL 19,Sport,76.01527539442151,26,2018,2,multi,3.295836866004329
103517,Aggelos,Adventure|Indie|Platform|Role-playing (RPG),64.97197156941719,11,2018,1,single,2.4849066497880004
103629,Ultimate Custom Night,Indie|Simulator|Strategy,70.01395091749117,38,2018,1,single,3.6635616461296463
103651,Swords & Soldiers II: Shawarmageddon,Arcade|Indie|Real Time Strategy (RTS)|Strategy,60.0,1,2018,2,multi,0.6931471805599453
103939,One Wish,Adventure|Indie,50.0,1,2018,1,single,0.6931471805599453
104060,Mushroom Quest,Arcade|Card & Board Game|Indie|Puzzle|Strategy,70.0,2,2018,1,single,1.0986122886681098
104080,Dere Evil.Exe,Adventure|Indie|Platform|Simulator,70.0,4,2018,2,multi,1.6094379124341003
104100,Hole.io,Arcade,69.96418622836462,7,2018,2,multi,2.0794415416798357
104187,The Legacy: Prisoner,Adventure|Puzzle,70.0,1,2018,1,single,0.6931471805599453
104253,Food Fantasy,Adventure|Role-playing (RPG),69.84665374232445,5,2018,2,multi,1.791759469228055
104265,Istanbul: Digital Edition,Card & Board Game|Indie|Strategy,70.0,1,2018,1,single,0.6931471805599453
104311,Battlelands Royale,Fighting,64.69871597121067,5,2018,2,multi,1.791759469228055
104478,Paperbark,Adventure|Indie,70.0,1,2018,3,multi,0.6931471805599453
104522,My Brother Rabbit,Adventure|Indie|Point-and-click|Puzzle,70.08539983411374,14,2018,6,multi,2.70805020110221
104565,Perfect Heist,Adventure|Indie|Strategy,50.0,2,2018,1,single,1.0986122886681098
104602,Tanglewood,Adventure|Indie|Platform|Puzzle,70.0,4,2018,4,multi,1.6094379124341003
104803,Booty Calls,Indie|Role-playing (RPG)|Simulator|Strategy,54.37758551286371,6,2018,3,multi,1.9459101490553132
104815,The Slater,Indie,70.0,4,2018,1,single,1.6094379124341003
104845,Lily's Night Off,Adventure|Simulator|Visual Novel,70.0,2,2018,2,multi,1.0986122886681098
104849,Bring to Light,Adventure|Indie|Puzzle,60.0,1,2018,1,single,0.6931471805599453
104862,Super Destronaut DX,Arcade|Indie,56.22763946957222,5,2018,5,multi,1.791759469228055
104883,The Basilisk,Adventure|Indie|Simulator,70.0,1,2018,1,single,0.6931471805599453
104895,_Dive,Adventure|Indie,70.0,1,2018,1,single,0.6931471805599453
104899,Fate Seeker,Adventure|Role-playing (RPG),70.0,1,2018,1,single,0.6931471805599453
104937,Circle Empires,Indie|Real Time Strategy (RTS)|Strategy,68.17866953302283,5,2018,3,multi,1.791759469228055
104949,Reveal,Adventure|Indie,50.0,1,2018,1,single,0.6931471805599453
104975,Valthirian Arc: Hero School Story,Adventure|Indie|Role-playing (RPG)|Simulator|Strategy,60.0,2,2018,3,multi,1.0986122886681098
104983,NASCAR Heat 3,Racing,60.0,4,2018,3,multi,1.6094379124341003
104992,Taiko no Tatsujin: Drum 'n' Fun!,Arcade|Music,77.09761372322487,17,2018,1,single,2.8903717578961645
105001,Radiant One,Adventure|Indie|Point-and-click|Role-playing (RPG)|Simulator,69.92681499946588,6,2018,2,multi,1.9459101490553132
105011,Dude Simulator 2,Adventure|Indie|Racing|Simulator,40.0,3,2018,1,single,1.3862943611198906
105085,Endless Fables 3: Dark Moor,Adventure|Point-and-click|Puzzle,73.3307922903382,5,2018,3,multi,1.791759469228055
105099,Lucy Got Problems,Adventure,70.0,1,2018,1,single,0.6931471805599453
105152,Mojo,Indie|Role-playing (RPG),70.0,1,2018,1,single,0.6931471805599453
105196,Don't Notice Me,Adventure|Indie|Point-and-click|Puzzle|Simulator,70.0,4,2018,2,multi,1.6094379124341003
105212,Fugue in Void,Adventure|Indie|Simulator,34.67415177098859,5,2018,3,multi,1.791759469228055
105215,Legion's Crawl,Indie|Role-playing (RPG),70.0,1,2018,1,single,0.6931471805599453
105237,Music Racer,Arcade|Indie|Music|Racing,70.0,4,2018,1,single,1.6094379124341003
105253,tiny & Tall: Gleipnir Episode One,Adventure|Indie|Point-and-click|Puzzle,70.0,1,2018,2,multi,0.6931471805599453
105269,Gene Rain,Adventure|Indie|Role-playing (RPG)|Shooter,50.0,9,2018,2,multi,2.302585092994046
105271,Russia Battlegrounds,Adventure|Indie|Role-playing (RPG),60.0,1,2018,1,single,0.6931471805599453
105274,Super Volley Blast,Arcade|Indie|Sport,70.0,4,2018,3,multi,1.6094379124341003
105285,Lost Lands: Ice Spell,Adventure|Puzzle,70.0,2,2018,2,multi,1.0986122886681098
105315,Garage: Bad Trip,Indie,70.0,3,2018,1,single,1.3862943611198906
105322,Pummel Party,Arcade|Card & Board Game|Indie,68.88209521141204,68,2018,1,single,4.23410650459726
105333,Synth Riders,Arcade|Indie|Music|Sport,89.00268367973119,13,2018,1,single,2.6390573296152584
105337,The Great Geometric Multiverse Tour,Adventure|Indie|Shooter,70.0,1,2018,3,multi,0.6931471805599453
105368,Crimson Gray: Dusk and Dawn,Indie|Simulator|Visual Novel,70.0,2,2018,1,single,1.0986122886681098
105383,Beauty and the Beast,Adventure|Indie,70.0,2,2018,2,multi,1.0986122886681098
105443,Garden Paws,Adventure|Indie|Role-playing (RPG)|Simulator,70.0,4,2018,1,single,1.6094379124341003
105498,The Light Keeps Us Safe,Indie,70.0,3,2018,1,single,1.3862943611198906
105512,Identity V,Role-playing (RPG)|Strategy,86.96266014194313,14,2018,2,multi,2.70805020110221
105629,The Shapeshifting Detective,Adventure|Indie|Puzzle,70.02363209878288,14,2018,5,multi,2.70805020110221
105712,Coloring Pixels,Indie,88.68203253508281,12,2018,3,multi,2.5649493574615367
105738,Project Warlock,Adventure|Indie|Shooter,42.65320120878543,33,2018,1,single,3.5263605246161616
105879,Zup! Zero 2,Indie|Puzzle,70.0,4,2018,1,single,1.6094379124341003
106011,Inch by Inch,Indie|Platform|Puzzle|Strategy|Tactical,70.0,1,2018,3,multi,0.6931471805599453
106027,Golf Club Nostalgia,Adventure|Arcade|Indie|Music|Platform|Puzzle|Sport,57.6249319248554,16,2018,1,single,2.833213344056216
106109,Nickelodeon Kart Racers,Arcade|Racing|Sport,41.83673469387755,5,2018,3,multi,1.791759469228055
106122,Exapunks,Indie|Puzzle|Simulator,81.13713638835817,11,2018,3,multi,2.4849066497880004
106161,Return.,Indie|Platform,70.0,4,2018,1,single,1.6094379124341003
106275,Picross S2,Puzzle,83.0,4,2018,1,single,1.6094379124341003
106288,Nintendo Labo: Toy-Con 03 - Vehicle Kit,Adventure|Simulator,73.0,1,2018,1,single,0.6931471805599453
106326,Library,Indie|Shooter,70.0,1,2018,1,single,0.6931471805599453
106406,Bouncing Over It with friends,Adventure|Indie,50.0,1,2018,1,single,0.6931471805599453
106416,Nekopara Extra,Indie|Visual Novel,68.49357861853525,10,2018,1,single,2.3978952727983707
106530,Tetra's Escape,Adventure|Indie|Platform|Puzzle,73.59831500782339,5,2018,5,multi,1.791759469228055
106556,Bean Battles,Indie,70.0,4,2018,1,single,1.6094379124341003
106562,Achtung! Cthulhu Tactics,Adventure|Card & Board Game|Indie|Role-playing (RPG)|Simulator|Strategy,50.0,2,2018,1,single,1.0986122886681098
106579,Bunny Minesweeper,Indie|Puzzle|Simulator|Strategy,70.0,1,2018,2,multi,0.6931471805599453
106614,President Yukino,Adventure|Indie|Role-playing (RPG),70.0,2,2018,1,single,1.0986122886681098
106616,Seed of Evil,Adventure|Indie|Role-playing (RPG),70.0,1,2018,1,single,0.6931471805599453
106664,Political Puzzle,Indie|Puzzle,50.0,1,2018,1,single,0.6931471805599453
106807,Root Letter: Last Answer,Adventure|Puzzle|Strategy|Visual Novel,41.9181540511369,6,2018,1,single,1.9459101490553132
106824,Duck Life: Battle,Adventure|Indie|Role-playing (RPG)|Sport,50.0,1,2018,4,multi,0.6931471805599453
106972,Dawn of the Breakers,Adventure|Fighting|Role-playing (RPG),80.0,2,2018,1,single,1.0986122886681098
106978,Storm Boy,Adventure|Indie,30.73557495740859,8,2018,7,multi,2.1972245773362196
107022,Battlerite Royale,Fighting,54.78862480278078,10,2018,1,single,2.3978952727983707
107060,Choice of Magics,Adventure|Indie|Role-playing (RPG),70.0,2,2018,3,multi,1.0986122886681098
107138,Jagged Alliance: Rage!,Adventure|Role-playing (RPG)|Simulator|Strategy|Tactical|Turn-based strategy (TBS),50.0,4,2018,3,multi,1.6094379124341003
107189,Stone,Adventure|Indie,60.0,1,2018,2,multi,0.6931471805599453
107191,Evergarden,Adventure|Indie|Puzzle|Strategy,64.2526156267304,5,2018,4,multi,1.791759469228055
107194,Bloons Adventure Time TD,Strategy,51.3070471716894,11,2018,2,multi,2.4849066497880004
107196,Gear.Club Unlimited 2,Racing|Simulator|Sport,63.87803219765495,5,2018,1,single,1.791759469228055
107237,Reigns: Game of Thrones,Adventure|Indie|Role-playing (RPG)|Simulator|Strategy|Tactical,61.03717731189104,17,2018,5,multi,2.8903717578961645
107244,The Other Half,Adventure|Indie|Role-playing (RPG),70.0,1,2018,3,multi,0.6931471805599453
107267,Lucius III,Adventure|Indie,39.60319828152038,9,2018,1,single,2.302585092994046
107302,Marble It Up!,Arcade|Indie|Platform|Puzzle|Racing,81.60556093598674,7,2018,1,single,2.0794415416798357
107327,Heartbeat,Indie|Role-playing (RPG),80.0,1,2018,3,multi,0.6931471805599453
107329,Golf Peaks,Card & Board Game|Indie|Puzzle|Sport|Strategy,72.12570525283616,8,2018,3,multi,2.1972245773362196
107385,Fluffy Horde,Fighting|Indie|Shooter|Strategy,70.0,4,2018,3,multi,1.6094379124341003
107414,Initial 2: New Stage,Adventure|Hack and slash/Beat 'em up|Indie|Role-playing (RPG),60.0,2,2018,1,single,1.0986122886681098
107442,I <3 You!,Adventure|Simulator|Visual Novel,60.0,1,2018,1,single,0.6931471805599453
107449,Hanz!,Indie,50.0,1,2018,1,single,0.6931471805599453
107456,Hidden Animals: Photo Hunt,Adventure|Indie,70.0,1,2018,2,multi,0.6931471805599453
107496,Bolsomito,Hack and slash/Beat 'em up|Indie,70.0,1,2018,1,single,0.6931471805599453
107534,Cute Girls,Adventure|Indie|Racing|Role-playing (RPG)|Simulator|Sport|Strategy,60.0,1,2018,1,single,0.6931471805599453
107596,Headliner: NoviNews,Adventure|Indie|Role-playing (RPG)|Simulator|Visual Novel,79.07686783863745,13,2018,1,single,2.6390573296152584
107614,Hello Neighbor: Hide and Seek,Adventure|Puzzle|Role-playing (RPG),49.21956831047747,5,2018,5,multi,1.791759469228055
107699,Floral Aroma in the Shrine,Indie|Role-playing (RPG),70.0,1,2018,1,single,0.6931471805599453
107724,Viviette,Adventure|Indie|Puzzle,60.0,2,2018,1,single,1.0986122886681098
107734,Path of Sin: Greed,Adventure|Puzzle,70.0,4,2018,3,multi,1.6094379124341003
107768,Hentai Shooter 3D,Shooter,70.0,1,2018,1,single,0.6931471805599453
107774,Duck Souls,Adventure|Indie,70.0,1,2018,1,single,0.6931471805599453
107776,"One Night, Hot Springs",Adventure|Indie|Visual Novel,70.1039917486719,26,2018,1,single,3.295836866004329
107827,Welcome to Bummertown,Adventure|Indie,70.0,1,2018,1,single,0.6931471805599453
107851,Cybarian: The Time Travelling Warrior,Adventure|Arcade|Indie|Platform,50.0,3,2018,1,single,1.3862943611198906
107887,Hentai Girl,Indie|Role-playing (RPG)|Simulator,80.0,3,2018,1,single,1.3862943611198906
107899,Tree,Indie|Simulator,69.51618508998939,6,2018,1,single,1.9459101490553132
107916,Sanguine Sanctum,Adventure|Indie,70.0,1,2018,2,multi,0.6931471805599453
107922,CreativeDestruction,Adventure|Shooter,39.14093959731544,9,2018,1,single,2.302585092994046
107938,Death Fungeon,Adventure|Indie,50.0,1,2018,1,single,0.6931471805599453
107943,Mendel,Indie|Simulator,70.0,1,2018,2,multi,0.6931471805599453
108023,Battle Royale Simulator,Simulator|Strategy,50.0,1,2018,1,single,0.6931471805599453
108159,Paper.io 2,Adventure|Arcade,59.18873555905977,5,2018,1,single,1.791759469228055
108297,Epic Battle Fantasy 5,Adventure|Indie|Role-playing (RPG)|Strategy|Turn-based strategy (TBS),72.99683804027072,9,2018,1,single,2.302585092994046
108300,The Spy Who Shrunk Me,Adventure|Indie,70.0,1,2018,1,single,0.6931471805599453
108321,Galaxy Champions TV,Arcade|Indie|Shooter,70.0,1,2018,3,multi,0.6931471805599453
108366,Awesome Pea,Adventure|Arcade|Indie|Platform,70.0,1,2018,1,single,0.6931471805599453
108374,Jack Is Missing,Adventure|Indie|Simulator|Strategy,50.0,1,2018,3,multi,0.6931471805599453
108385,Keyg,Indie,60.0,2,2018,3,multi,1.0986122886681098
108413,103,Adventure|Indie|Puzzle,70.0,4,2018,3,multi,1.6094379124341003
108661,Escape from the Princess,Adventure|Indie,60.0,1,2018,2,multi,0.6931471805599453
108759,Carnival Games,Arcade,50.0,2,2018,3,multi,1.0986122886681098
108787,Bladed Fury,Adventure|Hack and slash/Beat 'em up|Indie|Platform|Role-playing (RPG)|Strategy,65.47895994355868,8,2018,1,single,2.1972245773362196
109029,Raid: Shadow Legends,Role-playing (RPG)|Strategy|Turn-based strategy (TBS),29.2918546830632,22,2018,2,multi,3.1354942159291497
109035,Armored Brigade,Real Time Strategy (RTS)|Simulator|Strategy|Tactical,70.0,1,2018,1,single,0.6931471805599453
109096,Krunker,Shooter,70.4814000119037,37,2018,1,single,3.6375861597263857
109129,Iris.Fall,Adventure|Indie|Puzzle|Strategy,60.45151510485405,15,2018,1,single,2.772588722239781
109274,Judgment,Adventure|Role-playing (RPG),83.59375256300831,91,2018,1,single,4.5217885770490405
109292,Super Street: The Game,Racing,50.0,3,2018,3,multi,1.3862943611198906
109323,Invaxion,Indie|Music,50.0,1,2018,1,single,0.6931471805599453
109577,Puyo Puyo Champions,Puzzle,43.41684953407861,5,2018,2,multi,1.791759469228055
109628,My Magical Demon Lover,Indie|Simulator,70.0,1,2018,3,multi,0.6931471805599453
109634,New Star Manager,Indie|Role-playing (RPG)|Simulator|Sport|Strategy,70.0,3,2018,3,multi,1.3862943611198906
109646,Cineris Somnia,Adventure|Indie,70.0,3,2018,1,single,1.3862943611198906
109733,LoveChoice,Adventure|Indie|Role-playing (RPG)|Simulator|Visual Novel,75.23777061823247,7,2018,1,single,2.0794415416798357
109759,Love Letter,Card & Board Game|Strategy,70.0,4,2018,3,multi,1.6094379124341003
109770,My Riding Stables: Life with Horses 2,Simulator,30.0,1,2018,1,single,0.6931471805599453
109783,Giraffe Town,Adventure|Indie,70.0,2,2018,1,single,1.0986122886681098
109848,Orion Sandbox Enhanced,Adventure|Indie|Role-playing (RPG),92.0,6,2018,1,single,1.9459101490553132
109867,Great Hero's Beard,Adventure|Indie|Role-playing (RPG),70.0,1,2018,1,single,0.6931471805599453
109901,Pleasure Puzzle: Portrait,Indie|Puzzle|Simulator,38.38709677419355,6,2018,1,single,1.9459101490553132
109907,Red Matter,Adventure|Indie|Puzzle,68.28549207436681,16,2018,1,single,2.833213344056216
110044,Beach Buggy Racing 2,Racing,70.0,1,2018,2,multi,0.6931471805599453
110070,Aborigenus,Adventure|Indie|Platform|Role-playing (RPG),60.0,2,2018,1,single,1.0986122886681098
110143,Mylo uronil,Adventure|Indie|Role-playing (RPG),70.0,2,2018,1,single,1.0986122886681098
110175,Momo.exe 2,Adventure|Indie,70.0,1,2018,3,multi,0.6931471805599453
110185,Grim Nights,Indie|Strategy,70.0,2,2018,1,single,1.0986122886681098
110363,Rogue Bit,Adventure|Indie|Puzzle|Simulator,70.0,1,2018,3,multi,0.6931471805599453
110367,Yet another tower defence,Indie|Simulator|Strategy,50.0,1,2018,2,multi,0.6931471805599453
110417,Grimvalor,Adventure|Hack and slash/Beat 'em up|Platform|Role-playing (RPG),61.12131223644002,8,2018,1,single,2.1972245773362196
110453,Franchise Hockey Manager 5,Indie|Simulator|Sport|Strategy,50.0,1,2018,1,single,0.6931471805599453
110460,A Winter's Daydream,Adventure|Indie|Simulator|Visual Novel,70.0,2,2018,3,multi,1.0986122886681098
110468,September 1999,Indie,69.15389480107977,14,2018,2,multi,2.70805020110221
110509,Wenjia,Adventure|Indie|Platform|Puzzle,50.0,2,2018,2,multi,1.0986122886681098
110538,Tasty Planet Forever,Adventure|Indie,70.0,2,2018,2,multi,1.0986122886681098
110601,Hexanome,Indie|Puzzle|Strategy,70.0,1,2018,2,multi,0.6931471805599453
110627,Nowhere Girl,Adventure|Indie|Visual Novel,70.0,2,2018,1,single,1.0986122886681098
110643,Lovecraft Quest: A Comix Game,Adventure|Indie|Puzzle,60.0,1,2018,3,multi,0.6931471805599453
110651,Hiding Spot,Indie|Puzzle,70.0,3,2018,2,multi,1.3862943611198906
110730,ItazuraVR,Adventure,70.0,1,2018,2,multi,0.6931471805599453
110735,Taekwondo Grand Prix,Sport,70.0,1,2018,1,single,0.6931471805599453
110737,The Watson-Scott Test,Indie,67.63907734056988,46,2018,1,single,3.8501476017100584
110774,Loca-Love My Cute Roommate,Adventure|Visual Novel,70.0,1,2018,1,single,0.6931471805599453
110779,Sakura MMO,Adventure|Simulator|Visual Novel,70.0,1,2018,3,multi,0.6931471805599453
110857,Super Ledgehop: Double Laser,Adventure|Indie|Music|Shooter,70.0,2,2018,1,single,1.0986122886681098
110900,Simulacra: Pipe Dreams,Adventure|Indie|Role-playing (RPG)|Simulator,75.98412302054786,6,2018,3,multi,1.9459101490553132
110915,Dreamwalker: Never Fall Asleep,Adventure|Puzzle,50.0,2,2018,3,multi,1.0986122886681098
110943,Ho Tu Lo Shu: The Books of Dragon,Adventure|Role-playing (RPG)|Simulator|Strategy,60.0,1,2018,1,single,0.6931471805599453
110958,A Front Too Far: Normandy,Adventure|Indie|Role-playing (RPG)|Strategy,70.0,1,2018,3,multi,0.6931471805599453
111000,Forex Trading Master: Simulator,Indie|Simulator|Strategy,50.0,1,2018,1,single,0.6931471805599453
111012,The Endless Empty,Adventure|Indie|Music|Role-playing (RPG),70.0,3,2018,1,single,1.3862943611198906
111034,Umfend,Adventure|Indie,70.0,1,2018,1,single,0.6931471805599453
111117,Frog Detective 1: The Haunted Island,Adventure|Indie,62.6305598920012,45,2018,2,multi,3.828641396489095
111121,Slappy Ass,Indie|Simulator,70.0,2,2018,3,multi,1.0986122886681098
111200,Zup! S,Indie|Puzzle,70.0,4,2018,1,single,1.6094379124341003
111204,MarisaLand Legacy,Adventure|Indie|Platform,70.0,1,2018,1,single,0.6931471805599453
111237,At Home Alone,Adventure|Indie|Role-playing (RPG)|Simulator|Strategy,75.98040476506148,5,2018,1,single,1.791759469228055
111248,Lost in Vivo,Indie|Shooter,70.12408758669982,16,2018,1,single,2.833213344056216
111254,Owl Watch,Adventure|Indie|Platform,60.0,2,2018,1,single,1.0986122886681098
111276,True Fear: Forsaken Souls Part 2,Adventure|Puzzle,70.20436739090796,17,2018,2,multi,2.8903717578961645
111387,Doka 2: Kishki Edition,Adventure|Indie|Role-playing (RPG)|Simulator,70.0,1,2018,1,single,0.6931471805599453
111393,Kingdom Rush Vengeance,Strategy,71.55466385580438,29,2018,2,multi,3.4011973816621555
111415,Steel Vampire,Indie|Shooter,70.0,1,2018,1,single,0.6931471805599453
111436,Simmiland,Card & Board Game|Indie|Simulator,70.0,3,2018,2,multi,1.3862943611198906
111469,Among Us,Indie|Strategy,72.70410881037132,587,2018,2,multi,6.376726947898627
111513,Evil Bank Manager,Indie|Simulator|Strategy,60.0,3,2018,1,single,1.3862943611198906
111533,Sequence Storm,Indie|Music|Racing,70.0,1,2018,1,single,0.6931471805599453
111620,Cheeky Chooks,Indie|Simulator|Strategy,69.98256151908545,6,2018,1,single,1.9459101490553132
111667,Sinkr 2,Indie|Puzzle|Strategy,70.0,1,2018,1,single,0.6931471805599453
111677,Montaro : RE,Indie|Platform,70.0,3,2018,1,single,1.3862943611198906
111695,Equilinox,Indie|Point-and-click|Simulator|Strategy,80.0,3,2018,3,multi,1.3862943611198906
111730,To Trust an Incubus,Simulator|Visual Novel,70.0,1,2018,1,single,0.6931471805599453
111822,Golf Battle,Sport,69.99781747887631,6,2018,2,multi,1.9459101490553132
112055,Kobold: Chapter I,Adventure,60.0,1,2018,2,multi,0.6931471805599453
112129,Coloring Book,Indie|Simulator,47.0,3,2018,2,multi,1.3862943611198906
112191,Epic Seven,Role-playing (RPG)|Simulator|Turn-based strategy (TBS),92.19548322876868,31,2018,3,multi,3.4657359027997265
112433,Oakwood,Adventure|Indie,70.0,1,2018,1,single,0.6931471805599453
112483,The Enigma Machine,Adventure|Indie|Puzzle,79.84554107621742,6,2018,2,multi,1.9459101490553132
112518,Warhammer Age of Sigmar: Champions,Card & Board Game|Strategy,80.0,3,2018,2,multi,1.3862943611198906
112685,Deep Space Waifu: Nekomimi,Arcade|Indie,80.0,3,2018,1,single,1.3862943611198906
112721,Clatter,Indie|Strategy,80.0,1,2018,1,single,0.6931471805599453
112770,Kaori After Story,Adventure|Indie|Role-playing (RPG)|Simulator,80.0,1,2018,1,single,0.6931471805599453
112854,Firework,Adventure|Arcade|Indie|Platform|Shooter,70.0,1,2018,1,single,0.6931471805599453
112925,Cell to Singularity,Simulator,60.32592172307843,22,2018,1,single,3.1354942159291497
112988,The Legacy: The Tree of Might,Adventure|Puzzle,70.0,1,2018,2,multi,0.6931471805599453
113059,Numgeon,Adventure|Indie|Role-playing (RPG),70.0,1,2018,1,single,0.6931471805599453
113063,Hikari! Clover Rescue,Adventure|Indie|Visual Novel,50.0,1,2018,3,multi,0.6931471805599453
113201,Rise of Kingdoms,Strategy,70.25241426519652,15,2018,2,multi,2.772588722239781
113389,Rogue Fable III,Adventure|Indie|Role-playing (RPG)|Strategy,70.0,1,2018,2,multi,0.6931471805599453
113390,12 Labours of Hercules VIII: How I Met Megara,Adventure|Arcade|Puzzle|Strategy,70.0,1,2018,2,multi,0.6931471805599453
113649,Gujian 3,Role-playing (RPG),62.33430317900368,5,2018,1,single,1.791759469228055
113722,Almost There: The Platformer,Arcade|Indie|Platform|Racing|Strategy,54.58057094420731,5,2018,1,single,1.791759469228055
113790,Knights of the Card Table,Card & Board Game|Indie|Role-playing (RPG)|Strategy,70.0,1,2018,1,single,0.6931471805599453
113865,7th Sea: A Pirate's Pact,Adventure|Indie|Role-playing (RPG),70.0,1,2018,3,multi,0.6931471805599453
114110,Fear & Hunger,Adventure|Indie|Role-playing (RPG)|Turn-based strategy (TBS),74.45882047398852,58,2018,2,multi,4.07753744390572
115206,Rebel Inc.,Simulator|Strategy,65.53518787685334,5,2018,1,single,1.791759469228055
115414,Star Trek Fleet Command,Role-playing (RPG)|Strategy,49.02912036031405,12,2018,2,multi,2.5649493574615367
116059,House of 1000 Doors: Evil Inside,Adventure|Indie|Point-and-click|Puzzle,50.0,1,2018,1,single,0.6931471805599453
116475,I'm on Observation Duty,Indie|Puzzle,76.89554419284148,8,2018,1,single,2.1972245773362196
116863,Neko-Nin ExHeart 2 Love +Plus,Visual Novel,60.0,1,2018,1,single,0.6931471805599453
116975,Marbles on Stream,Racing|Simulator,78.91803730460191,78,2018,1,single,4.3694478524670215
117145,Cyber Hunter,Adventure|Fighting|Shooter,51.09635914943511,7,2018,1,single,2.0794415416798357
117263,Mahjong Soul,Card & Board Game|Strategy,95.67605503170222,12,2018,1,single,2.5649493574615367
118284,Unfamiliar,Adventure|Indie|Role-playing (RPG),50.0,1,2018,1,single,0.6931471805599453
119445,Rolling Gunner,Arcade|Indie|Shooter,40.96381047506852,7,2018,1,single,2.0794415416798357
120556,Spirit Hunter: NG,Adventure|Visual Novel,70.24788822956552,7,2018,1,single,2.0794415416798357
121587,9-nine-: Episode 2,Simulator|Visual Novel,70.0,2,2018,1,single,1.0986122886681098
123580,Vampire's Fall: Origins,Adventure|Indie|Role-playing (RPG)|Turn-based strategy (TBS),70.0,4,2018,2,multi,1.6094379124341003
123656,Treasure Hunter Simulator,Adventure|Indie|Simulator,68.99688709713948,8,2018,1,single,2.1972245773362196
125564,Siren Head,Indie,54.64431878534162,5,2018,2,multi,1.791759469228055
126032,KovaaK's Aim Trainer,Indie|Shooter|Simulator,86.13402061855669,11,2018,1,single,2.4849066497880004
127114,Camp Buddy,Visual Novel,70.89834958968204,7,2018,2,multi,2.0794415416798357
127627,Dungeon Cards,Indie|Puzzle|Role-playing (RPG),70.0,1,2018,1,single,0.6931471805599453
129564,Dino Game,Adventure|Indie,70.0,2,2018,2,multi,1.0986122886681098
129839,Cat Lady: The Card Game,Card & Board Game|Strategy,70.0,1,2018,1,single,0.6931471805599453
132717,Alter Ego,Indie|Point-and-click|Quiz/Trivia|Simulator|Visual Novel,71.45118337785229,12,2018,2,multi,2.5649493574615367
134135,There's This Girl,Role-playing (RPG)|Visual Novel,78.0,5,2018,3,multi,1.791759469228055
137713,Away,Adventure|Indie,54.7122306939013,5,2018,3,multi,1.791759469228055
140762,BitLife,Simulator,63.72384430118126,16,2018,2,multi,2.833213344056216
152604,Car Mechanic Simulator 2021,Indie|Racing|Simulator,76.84290763372657,21,2018,1,single,3.091042453358316
178753,Swooning Over Stans,Indie|Simulator|Visual Novel,75.23809523809524,6,2018,3,multi,1.9459101490553132
188228,Age of History II,Simulator|Strategy|Turn-based strategy (TBS),67.18218313985061,20,2018,2,multi,3.044522437723423
309582,Doki Doki Literature Club,Visual Novel,79.9789443956784,13,2018,1,single,2.6390573296152584
2593,Cube World,Adventure|Indie|Role-playing (RPG),62.805862108555,29,2019,1,single,3.4011973816621555
2933,Kingdom Hearts III,Adventure|Hack and slash/Beat 'em up|Role-playing (RPG),75.12058240402146,242,2019,2,multi,5.493061443340548
3239,Space Engineers,Adventure|Indie|Simulator|Strategy,64.93119050004009,59,2019,1,single,4.0943445622221
6414,Kingdom Under Fire II,Real Time Strategy (RTS)|Role-playing (RPG)|Strategy,60.0,3,2019,1,single,1.3862943611198906
6741,Guard Duty,Adventure|Indie|Point-and-click|Puzzle,87.95704775771108,6,2019,3,multi,1.9459101490553132
6749,Snow,Indie|Role-playing (RPG)|Simulator|Sport,54.90091087821925,8,2019,1,single,2.1972245773362196
7291,Hunt: Showdown 1896,Shooter|Simulator,74.36843723026433,163,2019,2,multi,5.099866427824199
7333,Crackdown 3,Shooter,64.47613015785522,43,2019,2,multi,3.784189633918261
8423,Jon Shafer's At the Gates,Indie|Strategy|Turn-based strategy (TBS),50.0,1,2019,3,multi,0.6931471805599453
9563,Supraball,Indie|Sport,50.0,3,2019,1,single,1.3862943611198906
9835,Draugen,Adventure|Indie|Puzzle,66.82398974418192,38,2019,1,single,3.6635616461296463
10032,Ancestors: The Humankind Odyssey,Adventure|Indie|Role-playing (RPG),70.67930594772521,65,2019,1,single,4.189654742026425
10760,Bloodstained: Ritual of the Night,Adventure|Platform|Role-playing (RPG),82.54079884651168,211,2019,4,multi,5.356586274672012
11122,ToeJam & Earl: Back in the Groove,Adventure|Indie|Music,57.2,6,2019,5,multi,1.9459101490553132
11542,Shenmue III,Adventure|Fighting|Hack and slash/Beat 'em up|Role-playing (RPG),64.89919481428147,26,2019,2,multi,3.295836866004329
11668,Dollhouse,Adventure|Indie|Puzzle,51.73438447543966,5,2019,2,multi,1.791759469228055
11669,Vane,Adventure|Indie|Puzzle,54.66838939181784,14,2019,1,single,2.70805020110221
11737,Outer Wilds,Adventure|Indie|Puzzle|Simulator,89.74126613517137,862,2019,2,multi,6.760414691083428
13205,Astroneer,Adventure|Indie|Simulator,73.51152077404355,127,2019,2,multi,4.852030263919617
13555,Indivisible,Adventure|Indie|Platform|Role-playing (RPG),80.82291210134301,31,2019,5,multi,3.4657359027997265
13621,Manifold Garden,Adventure|Indie|Puzzle,80.15410738744391,42,2019,4,multi,3.7612001156935624
14694,Shakedown: Hawaii,Adventure|Arcade|Indie|Racing|Shooter,71.3803347919833,8,2019,5,multi,2.1972245773362196
14758,Ace Combat 7: Skies Unknown,Arcade|Shooter|Simulator,82.74258982979208,103,2019,4,multi,4.6443908991413725
15443,Hurtworld,Adventure|Racing|Shooter|Simulator,50.11440668205651,8,2019,2,multi,2.1972245773362196
15830,Saya no Uta,Visual Novel,83.96479312302165,99,2019,1,single,4.605170185988092
16607,Overland,Indie|Strategy|Tactical|Turn-based strategy (TBS),60.24736021971252,11,2019,7,multi,2.4849066497880004
16969,Naval Action,Adventure|Fighting|Indie|Racing|Role-playing (RPG)|Simulator|Strategy|Tactical,77.66666666666667,8,2019,1,single,2.1972245773362196
17446,Battalion Legacy,Indie|Shooter,56.03629595020371,12,2019,1,single,2.5649493574615367
17480,Eastshade,Adventure|Indie,78.43816047329052,32,2019,1,single,3.4965075614664802
18113,The Church in the Darkness,Adventure|Indie|Strategy,50.0,2,2019,5,multi,1.0986122886681098
18225,The Sinking City,Adventure|Puzzle|Role-playing (RPG)|Shooter,70.41350289644954,123,2019,2,multi,4.820281565605037
18653,A Place for the Unwilling,Adventure|Indie|Role-playing (RPG),70.0,1,2019,1,single,0.6931471805599453
18671,The Legend of Bum-bo,Adventure|Indie|Puzzle|Role-playing (RPG)|Strategy,59.77805803878347,12,2019,1,single,2.5649493574615367
18841,Gibbous: A Cthulhu Adventure,Adventure|Indie|Point-and-click|Puzzle,74.50449455222714,16,2019,3,multi,2.833213344056216
18929,Mosaic,Adventure|Indie|Puzzle,72.14141650454415,16,2019,1,single,2.833213344056216
19164,Borderlands 3,Adventure|Role-playing (RPG)|Shooter,76.40261161914052,580,2019,3,multi,6.364750756851911
19376,Basement,Indie|Simulator|Strategy,70.2390205512019,14,2019,3,multi,2.70805020110221
19542,Oxygen Not Included,Indie|Simulator|Strategy,76.81342720988408,141,2019,3,multi,4.955827057601261
19561,Days Gone,Adventure|Shooter,79.58757440516958,598,2019,1,single,6.395261598115449
19564,Death Stranding,Adventure|Role-playing (RPG)|Shooter,86.14964810599254,887,2019,1,single,6.78897174299217
19934,Riot: Civil Unrest,Indie|Simulator|Strategy,46.83029221341692,7,2019,6,multi,2.0794415416798357
20149,Hot Lava,Adventure|Indie|Platform|Racing,62.10765960315357,17,2019,3,multi,2.8903717578961645
20150,Katana Zero,Adventure|Arcade|Indie|Platform|Strategy,79.72578611073865,338,2019,3,multi,5.82600010738045
20326,Deliver Us the Moon,Adventure|Indie|Puzzle,78.24846603549365,90,2019,1,single,4.51085950651685
20910,World War Z,Adventure|Shooter,71.66499302701979,125,2019,3,multi,4.836281906951478
21344,Jenny LeClue: Detectivu,Adventure|Indie|Platform|Puzzle,79.69463653563781,23,2019,4,multi,3.1780538303479458
21998,Stygian: Reign of the Old Ones,Adventure|Indie|Role-playing (RPG)|Turn-based strategy (TBS),72.12973244686751,10,2019,3,multi,2.3978952727983707
22398,New Retro Arcade: Neon,Adventure|Indie|Racing|Simulator|Sport,80.0,1,2019,2,multi,0.6931471805599453
22778,Outward,Indie|Role-playing (RPG),78.53663270897408,37,2019,3,multi,3.6375861597263857
22800,Oceanhorn 2: Knights of the Lost Realm,Adventure|Indie|Role-playing (RPG),78.62214808829339,7,2019,2,multi,2.0794415416798357
23275,Streets of Rogue,Adventure|Hack and slash/Beat 'em up|Indie|Role-playing (RPG)|Shooter,65.27215198485874,46,2019,6,multi,3.8501476017100584
23891,Daymare: 1998,Adventure|Indie,71.05889093029735,25,2019,1,single,3.258096538021482
24427,Sunless Skies,Adventure|Indie|Role-playing (RPG),84.1888184618942,17,2019,3,multi,2.8903717578961645
24444,Detective Di: The Silk Rose Murders,Adventure|Indie|Point-and-click|Puzzle|Role-playing (RPG)|Simulator,70.0,4,2019,2,multi,1.6094379124341003
25352,Outbuddies DX,Adventure|Indie|Platform|Puzzle,70.0,4,2019,1,single,1.6094379124341003
25580,Forager,Adventure|Indie|Puzzle|Role-playing (RPG)|Simulator|Strategy,74.66760659993929,95,2019,2,multi,4.564348191467836
25584,Knights and Bikes,Adventure|Indie|Puzzle,70.57731785785694,12,2019,4,multi,2.5649493574615367
25812,Lost Ember,Adventure|Indie,79.1110990261343,29,2019,3,multi,3.4011973816621555
25901,My Friend Pedro,Adventure|Arcade|Indie|Platform|Shooter,74.98524925651817,188,2019,2,multi,5.241747015059643
26166,Dauntless,Adventure|Role-playing (RPG),62.41088632926648,85,2019,3,multi,4.454347296253507
26227,MechWarrior 5: Mercenaries,Fighting|Shooter|Simulator|Tactical,80.26339709712518,12,2019,1,single,2.5649493574615367
26298,Sea of Solitude,Adventure|Indie,64.93978463956749,58,2019,2,multi,4.07753744390572
26472,Disco Elysium,Adventure|Indie|Role-playing (RPG),92.66410060873656,1163,2019,1,single,7.059617628291383
26565,Yuppie Psycho,Adventure|Indie,71.20462520019251,39,2019,3,multi,3.6888794541139363
26597,Pathway,Adventure|Indie|Role-playing (RPG)|Strategy|Tactical|Turn-based strategy (TBS),78.28645264207351,19,2019,3,multi,2.995732273553991
26820,Blasphemous,Adventure|Hack and slash/Beat 'em up|Indie|Platform|Role-playing (RPG),80.04316008251324,314,2019,6,multi,5.752572638825633
26845,Fire Emblem: Three Houses,Adventure|Role-playing (RPG)|Strategy|Tactical|Turn-based strategy (TBS),85.86470988065399,323,2019,1,single,5.780743515792329
27069,The Hong Kong Massacre,Arcade|Fighting|Indie|Shooter,66.05997439469414,22,2019,2,multi,3.1354942159291497
27092,GreedFall,Adventure|Role-playing (RPG)|Strategy,73.02172293283387,187,2019,3,multi,5.236441962829949
27150,Minion Masters,Adventure|Card & Board Game|Indie|Real Time Strategy (RTS)|Role-playing (RPG)|Strategy|Turn-based strategy (TBS),66.63054676838296,29,2019,3,multi,3.4011973816621555
27278,Whispers of a Machine,Adventure|Indie|Point-and-click|Puzzle,81.52694352973482,33,2019,4,multi,3.5263605246161616
27316,A Plague Tale: Innocence,Adventure,80.61399416483516,789,2019,3,multi,6.672032945461067
27398,Genesis Alpha One,Adventure|Indie|Role-playing (RPG)|Shooter|Simulator,50.0,2,2019,3,multi,1.0986122886681098
27441,Wargroove,Indie|Strategy|Tactical|Turn-based strategy (TBS),72.66818605689043,46,2019,4,multi,3.8501476017100584
27443,Away: Journey to the Unexpected,Adventure|Hack and slash/Beat 'em up|Indie|Platform|Role-playing (RPG)|Shooter,50.0,3,2019,4,multi,1.3862943611198906
27509,Heaven's Vault,Adventure|Indie|Point-and-click|Puzzle,69.95575049088971,25,2019,2,multi,3.258096538021482
27513,We. The Revolution,Adventure|Indie|Point-and-click|Puzzle|Role-playing (RPG)|Simulator|Strategy,72.09900891781048,12,2019,3,multi,2.5649493574615367
27719,Ape Out,Adventure|Arcade|Fighting|Hack and slash/Beat 'em up|Indie,76.64156543240425,103,2019,3,multi,4.6443908991413725
27729,Mordhau,Fighting|Hack and slash/Beat 'em up|Indie,74.87311213526466,60,2019,1,single,4.110873864173311
27770,Rend,Adventure|Indie|Role-playing (RPG),50.0,1,2019,1,single,0.6931471805599453
27792,PC Building Simulator,Indie|Simulator|Strategy,74.04251674119975,78,2019,1,single,4.3694478524670215
27804,Phoenix Point,Role-playing (RPG)|Simulator|Strategy|Tactical,60.53310703137384,23,2019,1,single,3.1780538303479458
27931,The Occupation,Adventure|Indie|Puzzle,70.25065794364447,7,2019,3,multi,2.0794415416798357
28142,Druidstone: The Secret of the Menhir Forest,Adventure|Indie|Puzzle|Role-playing (RPG)|Strategy|Tactical|Turn-based strategy (TBS),77.91050553534103,11,2019,1,single,2.4849066497880004
28168,Code Vein,Adventure|Role-playing (RPG),72.33310773148867,193,2019,3,multi,5.267858159063328
28225,Police Stories,Arcade|Indie|Shooter|Simulator|Strategy|Tactical,55.88961320008185,15,2019,4,multi,2.772588722239781
28337,13 Sentinels: Aegis Rim,Adventure|Simulator|Strategy|Tactical,91.82462704266356,113,2019,1,single,4.736198448394496
28346,HedgeWars,Strategy|Tactical|Turn-based strategy (TBS),85.4747715351396,4,2019,3,multi,1.6094379124341003
28772,Virgo Versus the Zodiac,Indie|Role-playing (RPG)|Turn-based strategy (TBS),70.0,3,2019,1,single,1.3862943611198906
28774,Eagle Island,Adventure|Indie|Platform,60.0,4,2019,4,multi,1.6094379124341003
28818,Wattam,Adventure|Indie,78.00922702462901,8,2019,1,single,2.1972245773362196
29056,Fight of Gods,Arcade|Fighting|Indie,80.0,2,2019,1,single,1.0986122886681098
29144,Lonely Mountains: Downhill,Arcade|Indie|Racing|Simulator|Sport,69.28454708056002,49,2019,4,multi,3.912023005428146
29242,Shotgun Farmers,Indie|Shooter,60.73578595317726,12,2019,3,multi,2.5649493574615367
29272,Train Valley 2,Indie|Puzzle|Simulator|Strategy,61.83370015796606,7,2019,3,multi,2.0794415416798357
29667,Trailmakers,Adventure|Indie|Racing|Simulator,73.96907010104867,14,2019,2,multi,2.70805020110221
30206,YIIK: A Postmodern RPG,Adventure|Indie|Role-playing (RPG)|Turn-based strategy (TBS),36.05826605826606,8,2019,4,multi,2.1972245773362196
30229,Bannermen,Indie|Real Time Strategy (RTS)|Strategy,50.0,3,2019,2,multi,1.3862943611198906
30515,Hyper Jam,Fighting|Hack and slash/Beat 'em up|Indie|Shooter,70.0,1,2019,3,multi,0.6931471805599453
30647,Abandon Ship,Adventure|Indie|Role-playing (RPG)|Strategy|Tactical,59.98447210996851,6,2019,3,multi,1.9459101490553132
32365,Hell Let Loose,Indie|Shooter|Simulator|Strategy,74.94098587904924,51,2019,1,single,3.9512437185814275
32396,Quest Hunter,Adventure|Indie|Role-playing (RPG),69.95423614062142,7,2019,3,multi,2.0794415416798357
33758,Die Young,Adventure|Indie|Simulator,74.19080339013549,6,2019,1,single,1.9459101490553132
34039,The TakeOver,Arcade|Fighting|Hack and slash/Beat 'em up|Indie,59.90305347467785,5,2019,1,single,1.791759469228055
34735,Warmode,Shooter,50.0,1,2019,1,single,0.6931471805599453
35848,The Cursed Forest,Adventure|Indie,70.1321325154621,6,2019,1,single,1.9459101490553132
36198,Children of Morta,Adventure|Indie|Role-playing (RPG),70.10089129019798,145,2019,3,multi,4.983606621708336
36367,On the Road: Truck Simulator,Simulator,50.0,2,2019,2,multi,1.0986122886681098
36616,They Are Billions,Indie|Real Time Strategy (RTS)|Role-playing (RPG)|Strategy,73.30086663043123,61,2019,3,multi,4.127134385045092
36649,Tropico 6,Real Time Strategy (RTS)|Simulator|Strategy,73.73238549210616,54,2019,3,multi,4.007333185232471
36950,Anthem,Adventure|Role-playing (RPG)|Shooter,63.25391509499215,144,2019,3,multi,4.976733742420574
37016,Metro Exodus,Adventure|Shooter,83.09361091742994,670,2019,3,multi,6.508769136971682
37026,Unruly Heroes,Adventure|Fighting|Indie|Platform|Puzzle,65.69416169740533,12,2019,3,multi,2.5649493574615367
37135,Yoshi's Crafted World,Platform,77.28369398988568,54,2019,1,single,4.007333185232471
37145,Valfaris,Arcade|Indie|Platform|Shooter,76.86211061507366,26,2019,3,multi,3.295836866004329
37382,Pokémon Sword,Adventure|Role-playing (RPG)|Turn-based strategy (TBS),72.23806734112237,308,2019,1,single,5.733341276897746
38967,Cooking Simulator,Arcade|Indie|Simulator,71.24194776894336,56,2019,1,single,4.04305126783455
39748,Tracks: The Train Set Game,Indie|Racing|Simulator,80.0,3,2019,2,multi,1.3862943611198906
40477,Slay the Spire,Adventure|Card & Board Game|Indie|Role-playing (RPG)|Strategy|Turn-based strategy (TBS),84.10625236150966,535,2019,3,multi,6.284134161070802
43165,My Time at Portia,Adventure|Indie|Role-playing (RPG)|Simulator,79.23000519718255,111,2019,2,multi,4.718498871295094
47823,Citadel: Forged With Fire,Adventure|Indie|Role-playing (RPG)|Shooter,59.56217516454484,6,2019,3,multi,1.9459101490553132
51528,Telling Lies,Indie|Point-and-click|Simulator,64.66266835252992,53,2019,3,multi,3.9889840465642745
51577,Rise of Industry,Indie|Simulator|Strategy,57.0191137778444,21,2019,3,multi,3.091042453358316
51578,Desolate,Adventure|Indie|Role-playing (RPG),75.23042135264151,10,2019,1,single,2.3978952727983707
51594,TwinCop,Adventure|Indie|Shooter,70.0,2,2019,2,multi,1.0986122886681098
51736,Nowhere Prophet,Adventure|Arcade|Card & Board Game|Indie|Puzzle|Role-playing (RPG)|Strategy|Turn-based strategy (TBS),77.5240717498215,8,2019,3,multi,2.1972245773362196
52011,The Mystery of Woolley Mountain,Adventure|Arcade|Indie|Point-and-click|Puzzle|Role-playing (RPG)|Strategy,70.0,2,2019,4,multi,1.0986122886681098
52051,Epitasis,Adventure|Indie|Puzzle,70.0,1,2019,2,multi,0.6931471805599453
52200,Descenders,Arcade|Racing|Simulator|Sport,64.68778462406031,47,2019,4,multi,3.871201010907891
53079,Gladiabots,Indie|Simulator|Strategy|Tactical,80.0,3,2019,4,multi,1.3862943611198906
53930,Never Again,Adventure|Indie|Puzzle,70.0,3,2019,2,multi,1.3862943611198906
54538,Magic: The Gathering Arena,Card & Board Game|Strategy|Turn-based strategy (TBS),70.58405201173484,74,2019,1,single,4.31748811353631
54701,Black Desert Mobile,Hack and slash/Beat 'em up|Role-playing (RPG),85.21864189434966,6,2019,2,multi,1.9459101490553132
54736,Autonauts,Indie|Simulator|Strategy,70.95597942637382,8,2019,1,single,2.1972245773362196
54768,Police Simulator 18,Simulator,50.0,1,2019,1,single,0.6931471805599453
54844,Ion Fury,Indie|Shooter,76.13074831323482,49,2019,2,multi,3.912023005428146
54908,Strange Telephone,Adventure|Indie|Puzzle|Role-playing (RPG),70.0,1,2019,1,single,0.6931471805599453
54911,Hardcore Mecha,Adventure|Indie|Platform|Role-playing (RPG)|Shooter,80.0,4,2019,4,multi,1.6094379124341003
54956,Black Survival,Adventure|Indie|Role-playing (RPG)|Strategy,60.18410148614216,5,2019,1,single,1.791759469228055
55027,Close to the Sun,Adventure|Indie,66.58560276966077,53,2019,1,single,3.9889840465642745
55036,Anno 1800,Real Time Strategy (RTS)|Simulator|Strategy,86.66287427910652,140,2019,1,single,4.948759890378168
55039,God's Trigger,Hack and slash/Beat 'em up|Indie|Puzzle|Shooter,62.32451410136794,18,2019,3,multi,2.9444389791664403
55042,Blazing Chrome,Arcade|Indie|Platform|Shooter,79.09773688578566,43,2019,4,multi,3.784189633918261
55047,The Dark Pictures Anthology: Man of Medan,Adventure,67.69463114701162,278,2019,3,multi,5.631211781821365
55190,Pikuniku,Adventure|Indie|Platform|Puzzle,68.70065437400086,145,2019,4,multi,4.983606621708336
55195,Travis Strikes Again: No More Heroes,Adventure|Hack and slash/Beat 'em up,54.91143342326411,20,2019,1,single,3.044522437723423
55199,Dragon: Marked for Death,Adventure|Role-playing (RPG),80.0,8,2019,1,single,2.1972245773362196
55322,Pathologic 2,Adventure|Indie|Role-playing (RPG),90.02364635564226,95,2019,2,multi,4.564348191467836
55771,Fell Seal: Arbiter's Mark,Adventure|Indie|Role-playing (RPG)|Strategy|Tactical|Turn-based strategy (TBS),88.53533939306715,26,2019,5,multi,3.295836866004329
55812,Don't Escape: 4 Days to Survive,Adventure|Indie|Point-and-click|Puzzle,81.12202519377676,5,2019,2,multi,1.791759469228055
55984,Blacksad: Under the Skin,Adventure|Puzzle,75.9730757605504,70,2019,5,multi,4.2626798770413155
56043,Robotics;Notes DaSH,Adventure|Visual Novel,70.0,3,2019,2,multi,1.3862943611198906
56062,Hell is Other Demons,Arcade|Indie|Platform|Shooter,72.6034967007385,6,2019,1,single,1.9459101490553132
56470,Pine,Adventure|Indie|Role-playing (RPG)|Simulator,60.73104300656404,16,2019,3,multi,2.833213344056216
56510,Decay of Logos,Adventure|Indie|Role-playing (RPG),42.85714285714285,5,2019,3,multi,1.791759469228055
57217,Ironsight,Shooter,51.27883515562071,16,2019,1,single,2.833213344056216
57420,Riverbond,Adventure|Arcade|Indie,79.80421199560269,8,2019,3,multi,2.1972245773362196
58544,Rain of Reflections,Adventure|Indie|Strategy,70.0,2,2019,1,single,1.0986122886681098
58994,Elsinore,Adventure|Indie|Simulator,70.0,4,2019,3,multi,1.6094379124341003
59079,Sigma Theory: Global Cold War,Adventure|Indie|Role-playing (RPG)|Simulator|Strategy|Turn-based strategy (TBS),69.83928424299266,11,2019,3,multi,2.4849066497880004
59297,Sydney Hunter and the Curse of the Mayan,Adventure|Indie|Platform,70.0,3,2019,3,multi,1.3862943611198906
64957,Mutazione,Adventure|Indie|Music|Point-and-click|Role-playing (RPG),64.16973054310463,27,2019,3,multi,3.332204510175204
65445,Generation Zero,Adventure|Shooter,64.14033830883017,46,2019,3,multi,3.8501476017100584
65503,Sky: Children of the Light,Adventure|Indie|Puzzle|Role-playing (RPG),69.54571032208938,74,2019,1,single,4.31748811353631
65820,Feudal Alloy,Adventure|Indie|Platform|Role-playing (RPG),78.80609544198657,14,2019,4,multi,2.70805020110221
68271,Darq,Adventure|Indie,79.12378261445463,58,2019,1,single,4.07753744390572
68286,Earth Defense Force: Iron Rain,Shooter,60.37228087309516,6,2019,1,single,1.9459101490553132
68287,Left Alive,Shooter,35.21681902037601,15,2019,2,multi,2.772588722239781
68390,Astrologaster,Adventure|Indie|Strategy|Visual Novel,70.19236127966045,9,2019,3,multi,2.302585092994046
68447,Superliminal,Adventure|Indie|Puzzle,80.33464815184536,277,2019,2,multi,5.627621113690637
68569,Espire 1: VR Operative,Adventure|Shooter,50.0,4,2019,5,multi,1.6094379124341003
68582,Dark Devotion,Adventure|Indie|Platform|Role-playing (RPG),69.83891917242028,9,2019,1,single,2.302585092994046
69455,Driftland: The Magic Revival,Indie|Real Time Strategy (RTS)|Simulator|Strategy,63.33333333333331,6,2019,1,single,1.9459101490553132
70396,Trüberbrook,Adventure|Indie|Point-and-click|Puzzle,69.62576310325205,33,2019,3,multi,3.5263605246161616
70985,Conqueror's Blade,Role-playing (RPG)|Strategy|Tactical,64.48001062085497,28,2019,1,single,3.367295829986474
71446,Maelstrom,Adventure|Indie|Simulator|Strategy,80.0,2,2019,1,single,1.0986122886681098
72813,Untitled Goose Game,Adventure|Indie|Puzzle|Simulator,79.2622857888365,262,2019,3,multi,5.572154032177765
74561,Black Future '88,Adventure|Indie|Shooter,60.0,4,2019,2,multi,1.6094379124341003
74701,Star Wars Jedi: Fallen Order,Adventure,80.88519972908267,1024,2019,3,multi,6.932447891572509
74904,Amid Evil,Indie|Shooter,84.85817464016523,45,2019,1,single,3.828641396489095
74983,Break the Game,Adventure|Indie,70.0,1,2019,1,single,0.6931471805599453
75067,Big Drunk Satanic Massacre,Adventure|Indie|Role-playing (RPG)|Shooter,67.29250466306199,6,2019,3,multi,1.9459101490553132
75077,Rogue Empire,Indie|Role-playing (RPG)|Tactical,60.0,1,2019,3,multi,0.6931471805599453
75102,Farmer's Dynasty,Adventure|Role-playing (RPG)|Simulator|Strategy,49.95865110621058,5,2019,3,multi,1.791759469228055
75103,Bus Driver Simulator 2019,Indie|Racing|Simulator,50.0,1,2019,1,single,0.6931471805599453
75158,Blazing Beaks,Adventure|Indie|Role-playing (RPG)|Shooter,64.19682022367763,10,2019,2,multi,2.3978952727983707
75192,Deadly Days,Arcade|Indie|Role-playing (RPG)|Shooter|Strategy,60.0,4,2019,3,multi,1.6094379124341003
75238,Concrete Genie,Adventure|Platform|Puzzle,71.29079221509193,59,2019,2,multi,4.0943445622221
75240,Erica,Point-and-click,61.33517636509373,77,2019,1,single,4.356708826689592
75242,Blood & Truth,Adventure|Shooter,79.4044843868617,9,2019,1,single,2.302585092994046
75245,Avicii Invector,Arcade|Indie|Music,82.26805652593407,17,2019,3,multi,2.8903717578961645
75563,Harry Potter: Wizards Unite,Role-playing (RPG)|Simulator,62.61269879487991,13,2019,2,multi,2.6390573296152584
76211,Du Lac & Fey: Dance of Death,Adventure|Indie|Point-and-click,50.0,1,2019,1,single,0.6931471805599453
76253,Devil May Cry 5,Adventure|Hack and slash/Beat 'em up,82.30382411730068,545,2019,3,multi,6.302618975744905
76412,Songbird Symphony,Adventure|Indie|Music|Platform,70.0,4,2019,4,multi,1.6094379124341003
76550,Lightseekers,Card & Board Game|Strategy|Tactical,53.0,2,2019,3,multi,1.0986122886681098
76638,Baba Is You,Indie|Puzzle|Strategy,80.55134633334444,192,2019,4,multi,5.262690188904886
76708,Peasant Knight,Arcade|Indie|Platform,66.82605838310968,5,2019,4,multi,1.791759469228055
76742,One Piece: World Seeker,Adventure,45.92192821779744,23,2019,3,multi,3.1780538303479458
76840,while True: learn(),Indie|Puzzle|Simulator,75.0724050409826,23,2019,3,multi,3.1780538303479458
76878,Vacation Simulator,Adventure|Puzzle|Simulator,76.18413682386291,5,2019,3,multi,1.791759469228055
76882,Sekiro: Shadows Die Twice,Adventure,89.58074407314747,1362,2019,3,multi,7.217443431696533
77488,Zombotron,Adventure|Indie|Role-playing (RPG)|Shooter,87.1103232902235,7,2019,2,multi,2.0794415416798357
77494,Wilmot's Warehouse,Adventure|Indie|Puzzle|Simulator,69.50735867066652,26,2019,3,multi,3.295836866004329
77529,Etherborn,Adventure|Indie|Platform|Puzzle,70.24040154259573,9,2019,4,multi,2.302585092994046
77558,CardLife,Adventure|Indie|Role-playing (RPG),50.0,2,2019,1,single,1.0986122886681098
78152,Afterparty,Adventure|Indie,59.204293599708,41,2019,4,multi,3.7376696182833684
78752,Love Esquire,Adventure|Indie|Role-playing (RPG)|Simulator|Visual Novel,76.57214418824992,5,2019,3,multi,1.791759469228055
79994,Night Call,Adventure|Indie|Simulator|Visual Novel,67.35997224825678,25,2019,2,multi,3.258096538021482
80006,Felix the Reaper,Adventure|Indie|Music|Puzzle,69.19528685968838,17,2019,5,multi,2.8903717578961645
80010,Xeno Crisis,Arcade|Shooter,70.2468374687433,10,2019,6,multi,2.3978952727983707
80878,Photographs,Adventure|Indie|Puzzle|Simulator,50.0,2,2019,2,multi,1.0986122886681098
80961,Total War: Three Kingdoms,Real Time Strategy (RTS)|Strategy|Turn-based strategy (TBS),80.1491243664789,45,2019,3,multi,3.828641396489095
81086,Rainswept,Adventure|Indie|Point-and-click|Puzzle,53.12504709059469,7,2019,3,multi,2.0794415416798357
81121,Play With Me: Escape room,Adventure|Indie|Role-playing (RPG)|Strategy,70.0,3,2019,1,single,1.3862943611198906
81183,Never Give Up,Adventure|Arcade|Indie|Platform,70.0,1,2019,4,multi,0.6931471805599453
81352,Re-Legion,Indie|Real Time Strategy (RTS)|Role-playing (RPG)|Strategy,50.0,1,2019,1,single,0.6931471805599453
81634,War Party,Real Time Strategy (RTS)|Strategy,70.0,3,2019,5,multi,1.3862943611198906
81650,Sin Slayers,Indie|Role-playing (RPG)|Strategy|Turn-based strategy (TBS),50.0,3,2019,3,multi,1.3862943611198906
82346,Overlanders,Adventure|Indie|Racing|Shooter|Strategy,50.0,1,2019,1,single,0.6931471805599453
82439,Dogurai,Adventure|Arcade|Hack and slash/Beat 'em up|Indie|Platform,70.0,3,2019,2,multi,1.3862943611198906
82818,Kunoichi Botan,Indie|Role-playing (RPG),70.0,1,2019,1,single,0.6931471805599453
83085,Faulty Apprentice,Adventure|Indie|Role-playing (RPG)|Simulator|Visual Novel,70.0,1,2019,1,single,0.6931471805599453
83844,Battlefleet Gothic: Armada 2,Real Time Strategy (RTS)|Strategy,69.4328462670005,7,2019,1,single,2.0794415416798357
85662,It Lurks Below,Adventure|Indie|Role-playing (RPG),80.0,4,2019,1,single,1.6094379124341003
85663,Mario Kart Tour,Racing,57.53635196312584,54,2019,2,multi,4.007333185232471
86295,Tick Tock: A Tale for Two,Adventure|Indie|Puzzle|Role-playing (RPG),73.1666796480579,27,2019,4,multi,3.332204510175204
86457,The World Next Door,Adventure|Indie|Puzzle|Visual Novel,59.9671245993524,11,2019,3,multi,2.4849066497880004
86477,The Surge 2,Adventure|Role-playing (RPG),74.80365755039041,46,2019,3,multi,3.8501476017100584
86478,Fear the Wolves,Adventure|Shooter,50.0,1,2019,1,single,0.6931471805599453
87776,Dead Frontier 2,Indie|Role-playing (RPG),12.02551544432644,12,2019,1,single,2.5649493574615367
87975,Tech Support: Error Unknown,Adventure|Indie|Simulator,60.0,3,2019,3,multi,1.3862943611198906
87983,What the Golf?,Adventure|Arcade|Indie|Puzzle|Simulator|Sport,73.02234748714844,41,2019,3,multi,3.7376696182833684
88116,The Beast Inside,Adventure|Indie|Role-playing (RPG),78.57999449817147,39,2019,1,single,3.6888794541139363
88250,Undead Horde,Adventure|Indie|Real Time Strategy (RTS)|Role-playing (RPG)|Strategy,76.373429316678,10,2019,5,multi,2.3978952727983707
88844,Angry Zombies,Indie,90.0,1,2019,1,single,0.6931471805599453
89354,Supraland,Adventure|Indie|Platform|Puzzle,85.9879200735204,69,2019,1,single,4.248495242049359
89375,The Executioner,Adventure|Indie|Role-playing (RPG),50.0,1,2019,1,single,0.6931471805599453
89444,Assetto Corsa Competizione,Racing|Simulator|Sport,73.40221534938149,28,2019,1,single,3.367295829986474
89562,The Blackout Club,Indie|Role-playing (RPG)|Simulator,60.55754577643342,7,2019,3,multi,2.0794415416798357
89773,Mable and the Wood,Adventure|Indie|Platform,60.0,4,2019,4,multi,1.6094379124341003
90011,One Finger Death Punch 2,Arcade|Fighting|Hack and slash/Beat 'em up|Indie,79.71220852850618,14,2019,1,single,2.70805020110221
90099,Tom Clancy's The Division 2,Adventure|Role-playing (RPG)|Shooter|Tactical,75.00443637209591,302,2019,3,multi,5.713732805509369
90107,Layers of Fear 2,Adventure|Indie,68.9369382810913,63,2019,3,multi,4.1588830833596715
90270,Death Crown,Adventure|Card & Board Game|Indie|Real Time Strategy (RTS)|Simulator|Strategy,85.00999161355666,5,2019,1,single,1.791759469228055
92919,Eliza,Adventure|Indie|Visual Novel,62.65815633938121,17,2019,3,multi,2.8903717578961645
93851,The White Laboratory,Indie|Strategy,60.0,2,2019,1,single,1.0986122886681098
94147,Breach,Role-playing (RPG),50.0,1,2019,1,single,0.6931471805599453
94772,Swords & Souls: Neverseen,Adventure|Indie|Role-playing (RPG)|Turn-based strategy (TBS),70.13293963717877,11,2019,2,multi,2.4849066497880004
95026,Headsnatchers,Indie|Sport,44.75577311908056,6,2019,2,multi,1.9459101490553132
95032,Crying Suns,Indie|Role-playing (RPG)|Simulator|Strategy|Tactical,59.33891947407616,18,2019,2,multi,2.9444389791664403
95167,Kids,Indie|Point-and-click,66.90688238376688,26,2019,5,multi,3.295836866004329
95623,Ellen,Adventure|Indie|Platform|Puzzle,70.0,1,2019,3,multi,0.6931471805599453
95992,Tales of the Neon Sea,Adventure|Arcade|Indie|Point-and-click|Puzzle|Role-playing (RPG),67.39919312546697,23,2019,1,single,3.1780538303479458
96119,Basketball Classics,Arcade|Indie|Simulator|Sport|Strategy,70.0,2,2019,3,multi,1.0986122886681098
96135,Double Cross,Adventure|Indie|Platform|Puzzle|Role-playing (RPG)|Shooter,70.0,3,2019,2,multi,1.3862943611198906
96204,Sea Salt,Adventure|Indie|Real Time Strategy (RTS)|Strategy,79.80450358573006,7,2019,3,multi,2.0794415416798357
96217,Eternity: The Last Unicorn,Adventure|Indie|Role-playing (RPG),40.0,6,2019,2,multi,1.9459101490553132
96275,The Stillness of the Wind,Adventure|Indie|Simulator,63.90357237965111,18,2019,4,multi,2.9444389791664403
96392,Sakura Wars,Adventure|Hack and slash/Beat 'em up|Role-playing (RPG)|Simulator|Visual Novel,70.12260619216234,14,2019,1,single,2.70805020110221
96420,Goblin Walker,Hack and slash/Beat 'em up|Indie|Role-playing (RPG),50.0,1,2019,1,single,0.6931471805599453
97402,Overpass,Adventure|Indie|Music,70.0,1,2019,1,single,0.6931471805599453
97902,1 Screen Platformer,Adventure|Indie|Platform,75.76656764206069,5,2019,1,single,1.791759469228055
97932,Banner of the Maid,Indie|Role-playing (RPG)|Strategy|Turn-based strategy (TBS),70.0,3,2019,1,single,1.3862943611198906
97950,Sparklite,Adventure|Arcade|Indie|Role-playing (RPG),60.18620561592379,10,2019,6,multi,2.3978952727983707
98736,She and the Light Bearer,Adventure|Indie|Point-and-click,70.0,3,2019,2,multi,1.3862943611198906
98995,Cartonfall,Adventure|Indie|Simulator,70.0,1,2019,1,single,0.6931471805599453
99071,Hypnospace Outlaw,Adventure|Indie|Point-and-click|Puzzle|Role-playing (RPG)|Simulator,88.1884756437166,45,2019,3,multi,3.828641396489095
99124,Cliff Empire,Indie|Simulator|Strategy,76.77971328353047,9,2019,1,single,2.302585092994046
99652,Rift Keeper,Indie|Platform|Role-playing (RPG),40.0,1,2019,1,single,0.6931471805599453
100562,198X,Adventure|Arcade|Hack and slash/Beat 'em up|Indie|Racing|Role-playing (RPG)|Shooter,52.93516937958093,31,2019,3,multi,3.4657359027997265
100581,Macrotis: A Mother's Journey,Adventure|Indie|Platform|Puzzle,70.0,4,2019,2,multi,1.6094379124341003
101059,Tokyo Chronos,Adventure|Simulator|Visual Novel,70.0,2,2019,2,multi,1.0986122886681098
101152,Crystal Crisis,Arcade|Fighting|Indie|Puzzle,77.0,1,2019,2,multi,0.6931471805599453
101177,Gunvolt Chronicles: Luminous Avenger iX,Indie|Platform|Shooter,80.0,4,2019,3,multi,1.6094379124341003
101211,Rage 2,Adventure|Racing|Role-playing (RPG)|Shooter,69.28090297897893,210,2019,3,multi,5.351858133476067
101245,Levelhead,Adventure|Indie|Platform|Simulator,85.5989475141947,5,2019,1,single,1.791759469228055
101461,Green Hell,Adventure|Indie|Simulator|Strategy,83.03522860417664,63,2019,1,single,4.1588830833596715
101869,Cat Quest II,Adventure|Indie|Role-playing (RPG),74.56919612941672,43,2019,3,multi,3.784189633918261
102057,Age of Wonders: Planetfall,Simulator|Strategy|Tactical|Turn-based strategy (TBS),68.05994852856033,32,2019,4,multi,3.4965075614664802
102060,Imperator: Rome,Real Time Strategy (RTS)|Simulator|Strategy|Tactical|Turn-based strategy (TBS),70.72286212685665,30,2019,3,multi,3.4339872044851463
102135,Chasing the Stars,Adventure|Indie|Visual Novel,60.0,1,2019,2,multi,0.6931471805599453
102163,Dawn of Man,Indie|Role-playing (RPG)|Simulator|Strategy,71.54393279417445,43,2019,1,single,3.784189633918261
102199,Grimshade,Adventure|Indie|Role-playing (RPG)|Strategy|Tactical|Turn-based strategy (TBS),70.0,2,2019,1,single,1.0986122886681098
102317,The Treehouse Man,Adventure|Indie|Role-playing (RPG)|Strategy,70.0,2,2019,3,multi,1.0986122886681098
102326,Heart of the Woods,Adventure|Indie|Visual Novel,70.0,2,2019,3,multi,1.0986122886681098
102397,Fallback,Adventure|Indie,70.0,3,2019,1,single,1.3862943611198906
102420,Dicey Dungeons,Adventure|Card & Board Game|Indie|Role-playing (RPG)|Strategy,71.29687624104528,67,2019,3,multi,4.219507705176107
102809,The King of Fighters AllStar,Fighting|Hack and slash/Beat 'em up|Role-playing (RPG)|Simulator,70.06210860660312,6,2019,2,multi,1.9459101490553132
102982,Juno: New Origins,Indie|Simulator,80.0,3,2019,2,multi,1.3862943611198906
102995,Lovecraft's Untold Stories,Adventure|Arcade|Indie|Role-playing (RPG)|Shooter|Strategy,64.14427533102247,9,2019,2,multi,2.302585092994046
103018,Team Sonic Racing,Arcade|Racing,69.8892597918904,46,2019,4,multi,3.8501476017100584
103048,Yaga,Adventure|Indie|Role-playing (RPG),65.208598956458,11,2019,5,multi,2.4849066497880004
103168,Warhammer: Chaosbane,Adventure|Hack and slash/Beat 'em up|Role-playing (RPG),71.1504328228627,34,2019,3,multi,3.5553480614894135
103259,RemiLore: Lost Girl in the Lands of Lore,Adventure|Hack and slash/Beat 'em up,60.0,2,2019,4,multi,1.0986122886681098
103269,Dead or Alive 6,Fighting,66.22706910939056,41,2019,3,multi,3.7376696182833684
103272,Ghost Giant,Adventure|Indie|Puzzle,73.14410180315139,5,2019,1,single,1.791759469228055
103288,Jump Force,Fighting,53.25345397701912,82,2019,3,multi,4.418840607796598
103290,Gears Pop!,Real Time Strategy (RTS),43.27929489534142,10,2019,3,multi,2.3978952727983707
103292,Gears 5,Adventure|Shooter,80.35285419313533,278,2019,2,multi,5.631211781821365
103295,Secret Neighbor,Adventure|Indie,60.98694268234869,22,2019,2,multi,3.1354942159291497
103301,Wolfenstein: Youngblood,Adventure|Shooter,61.73850902885781,167,2019,4,multi,5.123963979403259
103302,Wolfenstein: Cyberpilot,Shooter|Simulator,40.0,4,2019,4,multi,1.6094379124341003
103316,Trials Rising,Arcade|Platform|Racing|Sport,70.5595023634044,44,2019,4,multi,3.8066624897703196
103319,Neo Cab,Adventure|Indie|Role-playing (RPG),78.93679210551598,18,2019,4,multi,2.9444389791664403
103328,Vigor,Adventure|Shooter|Tactical,67.64728364337623,16,2019,1,single,2.833213344056216
103329,Control,Adventure|Shooter,83.1325085007053,936,2019,3,multi,6.842683282238422
103331,Trover Saves the Universe,Adventure|Indie|Platform|Puzzle,80.52173425586558,30,2019,3,multi,3.4339872044851463
103338,Daemon X Machina,Adventure|Hack and slash/Beat 'em up|Shooter,70.03604112209555,67,2019,1,single,4.219507705176107
103342,Killer Queen Black,Arcade|Indie|Platform|Sport|Strategy,70.0,4,2019,3,multi,1.6094379124341003
103369,Kill la Kill: If,Adventure|Arcade|Fighting,69.41249968215816,32,2019,3,multi,3.4965075614664802
103381,CRSED: F.O.A.D.,Shooter,52.82676890902761,9,2019,4,multi,2.302585092994046
103495,Tokyo Ghoul:re Call to Exist,Adventure,52.29934924078091,6,2019,2,multi,1.9459101490553132
103811,Blood will be Spilled,Adventure|Indie|Platform|Role-playing (RPG)|Strategy|Tactical|Turn-based strategy (TBS),70.0,1,2019,1,single,0.6931471805599453
104186,Tower Hunter: Erza's Trial,Adventure|Indie|Platform|Role-playing (RPG),50.0,1,2019,1,single,0.6931471805599453
104786,Devotion,Adventure|Indie|Puzzle,82.96859160406936,45,2019,1,single,3.828641396489095
104874,Immortal Darkness: Curse of The Pale King,Adventure|Indie|Role-playing (RPG),70.0,1,2019,1,single,0.6931471805599453
104890,Anodyne 2: Return to Dust,Adventure|Indie|Platform|Role-playing (RPG),68.88527295228491,18,2019,3,multi,2.9444389791664403
104971,AI: The Somnium Files,Adventure|Puzzle|Visual Novel,83.83258748737666,118,2019,3,multi,4.77912349311153
105002,Asterix & Obelix XXL 3: The Crystal Menhir,Adventure|Fighting|Platform,59.84,7,2019,5,multi,2.0794415416798357
105049,Remnant: From the Ashes,Adventure|Role-playing (RPG)|Shooter,76.42166288637111,293,2019,3,multi,5.683579767338681
105081,Krampus is Home,Adventure|Indie,70.0,2,2019,1,single,1.0986122886681098
105131,Chemically Bonded,Adventure|Indie|Role-playing (RPG)|Visual Novel,70.0,2,2019,3,multi,1.0986122886681098
105160,Koral,Adventure|Arcade|Indie|Puzzle|Simulator,70.0,1,2019,2,multi,0.6931471805599453
105260,Just Ride,Adventure|Indie|Racing|Role-playing (RPG)|Simulator,50.0,1,2019,1,single,0.6931471805599453
105447,Touhou Luna Nights,Adventure|Hack and slash/Beat 'em up|Indie|Platform,74.35665083087791,54,2019,1,single,4.007333185232471
105482,The Cycle,Shooter,66.1362055694012,14,2019,1,single,2.70805020110221
105551,Everreach: Project Eden,Indie|Role-playing (RPG)|Shooter,48.69805547082552,7,2019,2,multi,2.0794415416798357
106108,Irony Curtain: From Matryoshka with Love,Adventure|Indie|Point-and-click|Puzzle,79.001330988295,10,2019,3,multi,2.3978952727983707
106112,Steel Division 2,Indie|Real Time Strategy (RTS)|Simulator|Strategy,76.54017855793744,7,2019,1,single,2.0794415416798357
106120,The Sojourn,Adventure|Indie|Puzzle,56.19500734490217,5,2019,2,multi,1.791759469228055
106150,Cardpocalypse,Adventure|Card & Board Game|Indie|Role-playing (RPG)|Strategy,70.0,1,2019,3,multi,0.6931471805599453
106277,Devil's Hunt,Adventure|Hack and slash/Beat 'em up|Indie,69.122696125586,6,2019,1,single,1.9459101490553132
106363,Demon's Tilt,Arcade|Indie|Pinball|Role-playing (RPG)|Shooter|Simulator,71.06182242591987,9,2019,4,multi,2.302585092994046
106390,Zeliria Sanctuary,Adventure|Indie,70.0,1,2019,3,multi,0.6931471805599453
106401,Element Space,Indie|Role-playing (RPG)|Strategy|Turn-based strategy (TBS),70.0,1,2019,1,single,0.6931471805599453
106433,Arida: Backland's Awakening,Adventure|Indie|Role-playing (RPG),70.0,5,2019,2,multi,1.791759469228055
106435,Summer Catchers,Arcade|Indie|Platform|Racing,50.0,4,2019,2,multi,1.6094379124341003
106790,Bee Simulator,Adventure|Simulator,50.32082396116965,15,2019,4,multi,2.772588722239781
106803,Gloomhaven,Adventure|Role-playing (RPG)|Strategy|Tactical|Turn-based strategy (TBS),46.45123909252349,18,2019,1,single,2.9444389791664403
106805,Call of Duty: Mobile,Adventure|Shooter|Tactical,69.31197049407518,164,2019,1,single,5.10594547390058
106986,Arcade Spirits,Adventure|Arcade|Indie|Visual Novel,72.22222222222223,12,2019,3,multi,2.5649493574615367
106992,A Fisherman's Tale,Adventure|Indie|Puzzle,79.42862228985918,16,2019,5,multi,2.833213344056216
107141,Spirit of the North,Adventure|Indie|Puzzle,76.37231914060543,37,2019,1,single,3.6375861597263857
107155,Sniper Ghost Warrior Contracts,Shooter,70.3968925037243,34,2019,3,multi,3.5553480614894135
107170,Supermarket Shriek,Adventure|Arcade|Indie|Platform|Racing|Simulator,54.96573128152075,5,2019,2,multi,1.791759469228055
107178,The Textorcist: The Story of Ray Bibbia,Adventure|Indie|Shooter,66.47755433122627,17,2019,1,single,2.8903717578961645
107182,Vectronom,Arcade|Indie|Music|Platform|Puzzle,70.0,3,2019,3,multi,1.3862943611198906
107187,Inmost,Adventure|Indie|Platform|Puzzle,75.3744084825554,55,2019,1,single,4.02535169073515
107217,Automachef,Indie|Puzzle|Simulator|Strategy,69.67921579717253,12,2019,2,multi,2.5649493574615367
107219,Hamsterdam,Fighting|Indie,70.0,2,2019,5,multi,1.0986122886681098
107222,Feather,Adventure|Indie|Simulator,65.66009747827928,5,2019,2,multi,1.791759469228055
107255,Crossroads Inn,Adventure|Indie|Role-playing (RPG)|Simulator|Strategy,67.61281186398043,7,2019,1,single,2.0794415416798357
107291,Infected Shelter,Adventure|Hack and slash/Beat 'em up|Indie|Role-playing (RPG),70.0,1,2019,1,single,0.6931471805599453
107317,Gato Roboto,Adventure|Arcade|Indie|Platform,75.78708160901469,52,2019,2,multi,3.970291913552122
107433,Telefrag VR,Arcade|Indie|Shooter|Simulator,60.0,1,2019,3,multi,0.6931471805599453
107482,Swag & Sorcery,Adventure|Indie|Role-playing (RPG)|Simulator|Strategy,59.21700553438912,11,2019,1,single,2.4849066497880004
107517,Immure,Indie,70.0,2,2019,3,multi,1.0986122886681098
107693,Fate Hunters,Adventure|Card & Board Game|Indie|Strategy,56.79843826256711,5,2019,3,multi,1.791759469228055
107875,Radio Commander,Indie|Puzzle|Real Time Strategy (RTS)|Simulator|Strategy,80.0,2,2019,2,multi,1.0986122886681098
107882,How to Date a Magical Girl!,Adventure|Role-playing (RPG)|Simulator|Visual Novel,70.0,2,2019,2,multi,1.0986122886681098
108155,Umihara Kawase Fresh!,Adventure|Platform,77.0,1,2019,1,single,0.6931471805599453
108254,Gunlord X,Arcade|Platform|Shooter,88.0,1,2019,1,single,0.6931471805599453
108280,Jetstream,Indie|Puzzle,70.0,1,2019,1,single,0.6931471805599453
108778,Little Misfortune,Adventure|Arcade|Indie|Platform|Point-and-click|Puzzle,73.58746075614242,135,2019,3,multi,4.912654885736052
108797,Stranger Things 3: The Game,Adventure|Puzzle|Role-playing (RPG),60.31856593077173,12,2019,4,multi,2.5649493574615367
109087,Gods Unchained,Card & Board Game|Strategy|Tactical,42.18619554014076,8,2019,2,multi,2.1972245773362196
109148,Unheard,Indie|Point-and-click|Puzzle|Role-playing (RPG),70.36065918177084,19,2019,2,multi,2.995732273553991
109203,Globesweeper,Indie|Puzzle,70.0,2,2019,3,multi,1.0986122886681098
109245,Last Labyrinth,Adventure|Indie|Puzzle,70.0,1,2019,5,multi,0.6931471805599453
109277,Samurai Shodown,Fighting,73.23557765213371,35,2019,2,multi,3.58351893845611
109284,Omega Labyrinth Life,Adventure|Role-playing (RPG),60.0,2,2019,2,multi,1.0986122886681098
109434,Dusk Diver,Adventure|Role-playing (RPG)|Strategy,75.70181531336233,6,2019,3,multi,1.9459101490553132
109455,Luigi's Mansion 3,Adventure,83.43483976102999,218,2019,1,single,5.389071729816501
109459,Little Town Hero,Role-playing (RPG),93.0,2,2019,1,single,1.0986122886681098
109475,Azur Lane: Crosswave,Adventure|Role-playing (RPG)|Shooter,60.0,3,2019,1,single,1.3862943611198906
109535,We Were Here Together,Adventure|Indie|Puzzle,75.17447080593988,52,2019,2,multi,3.970291913552122
109539,Queen's Wish: The Conqueror,Adventure|Indie|Role-playing (RPG)|Strategy|Turn-based strategy (TBS),70.0,1,2019,2,multi,0.6931471805599453
109543,Legends of Amberland: The Forgotten Crown,Adventure|Role-playing (RPG)|Turn-based strategy (TBS),70.0,3,2019,1,single,1.3862943611198906
109550,Silver Chains,Adventure|Indie,52.55973030172397,11,2019,1,single,2.4849066497880004
109573,Memorrha,Adventure|Indie|Puzzle,60.0,1,2019,3,multi,0.6931471805599453
109611,Beat Hazard 2,Arcade|Indie|Music|Shooter,74.52279513669414,8,2019,1,single,2.1972245773362196
109763,Glass Masquerade 2: Illusions,Indie|Puzzle,86.40816582807122,10,2019,2,multi,2.3978952727983707
109850,Blood Card,Indie|Role-playing (RPG)|Strategy,70.0,1,2019,1,single,0.6931471805599453
109932,Crossniq+,Arcade|Indie|Puzzle,70.0,3,2019,4,multi,1.3862943611198906
110011,Interstellar Space: Genesis,Indie|Strategy|Turn-based strategy (TBS),70.0,1,2019,1,single,0.6931471805599453
110093,Gun Crazy,Adventure|Arcade|Indie|Platform|Shooter,70.0,2,2019,1,single,1.0986122886681098
110119,Boxing School,Indie|Simulator|Strategy,70.0,1,2019,2,multi,0.6931471805599453
110121,Minoria,Adventure|Arcade|Indie|Platform|Role-playing (RPG),69.96161387383528,16,2019,1,single,2.833213344056216
110131,Elemental War,Indie|Strategy,60.0,1,2019,3,multi,0.6931471805599453
110294,Pandemic Express: Zombie Escape,Indie|Shooter,60.0,2,2019,1,single,1.0986122886681098
110314,Munchkin: Quacked Quest,Arcade|Indie|Role-playing (RPG),40.0,2,2019,4,multi,1.0986122886681098
110386,Macdows 95,Adventure|Indie|Puzzle|Simulator,69.66985263875239,8,2019,1,single,2.1972245773362196
110411,Dirt Rally 2.0,Racing|Simulator|Sport|Strategy,75.77690342617339,89,2019,3,multi,4.499809670330265
110415,Thea 2: The Shattering,Indie|Role-playing (RPG)|Strategy|Turn-based strategy (TBS),60.0,3,2019,1,single,1.3862943611198906
110416,Sumatra: Fate of Yandi,Adventure|Point-and-click|Puzzle|Simulator,70.0,3,2019,1,single,1.3862943611198906
110421,Art Sqool,Adventure|Indie|Platform|Simulator,60.0,4,2019,2,multi,1.6094379124341003
110486,Weedcraft Inc,Indie|Simulator|Strategy,65.70729437552102,12,2019,2,multi,2.5649493574615367
110503,Degrees of Separation,Adventure|Arcade|Indie|Platform|Puzzle,76.41805938437176,10,2019,4,multi,2.3978952727983707
110519,Firebase Defence,Indie|Strategy,50.0,1,2019,1,single,0.6931471805599453
110585,Xenon Racer,Arcade|Indie|Racing|Simulator|Sport,59.96578112362347,5,2019,4,multi,1.791759469228055
110641,Zueirama,Adventure|Indie,70.0,1,2019,1,single,0.6931471805599453
110697,Counter Terrorist Agency,Indie|Simulator|Strategy,50.0,3,2019,1,single,1.3862943611198906
110753,Red Embrace: Hollywood,Indie|Visual Novel,60.0,2,2019,3,multi,1.0986122886681098
110807,Observation,Adventure|Arcade|Indie|Puzzle|Simulator,75.00262293851077,88,2019,2,multi,4.48863636973214
110817,Half Dead 2,Adventure,60.30475785694667,6,2019,1,single,1.9459101490553132
110830,Tower of Fate,Adventure|Indie|Strategy,50.0,1,2019,1,single,0.6931471805599453
110846,Trine 4: The Nightmare Prince,Adventure|Indie|Platform|Puzzle,73.96394876376677,79,2019,4,multi,4.382026634673881
110875,Lorelai,Adventure|Point-and-click,88.2979021976355,29,2019,1,single,3.4011973816621555
110882,Micro Mages,Arcade|Indie|Platform,80.0,10,2019,2,multi,2.3978952727983707
110941,Stikir,Adventure|Indie|Platform|Puzzle,70.0,2,2019,1,single,1.0986122886681098
111033,Project Winter,Adventure|Indie|Strategy,60.80711050451959,19,2019,1,single,2.995732273553991
111041,Monster Energy Supercross: The Official Videogame 2,Racing|Simulator|Sport,60.0,1,2019,4,multi,0.6931471805599453
111054,Super Dragon Ball Heroes: World Mission,Card & Board Game|Puzzle|Strategy|Turn-based strategy (TBS),59.63444648874749,15,2019,2,multi,2.772588722239781
111130,Apsulov: End of Gods,Adventure|Indie,77.67343361539804,28,2019,1,single,3.367295829986474
111141,Don't Give Up: A Cynical Tale,Adventure|Indie|Role-playing (RPG),70.0,1,2019,3,multi,0.6931471805599453
111153,Snooker 19,Indie|Simulator|Sport,50.0,4,2019,3,multi,1.6094379124341003
111206,Talk to Strangers,Indie|Point-and-click|Simulator|Strategy|Visual Novel,70.0,2,2019,3,multi,1.0986122886681098
111253,Vambrace: Cold Soul,Adventure|Indie|Role-playing (RPG)|Strategy|Turn-based strategy (TBS),60.59659456043734,10,2019,3,multi,2.3978952727983707
111289,The Death of Erin Myers,Adventure|Indie|Point-and-click,70.0,1,2019,1,single,0.6931471805599453
111330,Atelier Lulua: The Scion of Arland,Adventure|Role-playing (RPG),70.0,4,2019,2,multi,1.6094379124341003
111419,Mittelborg: City of Mages,Adventure|Indie|Role-playing (RPG)|Simulator|Strategy,50.0,2,2019,2,multi,1.0986122886681098
111420,Jumpgrid,Arcade|Indie,70.0,1,2019,3,multi,0.6931471805599453
111471,Forgiveness,Indie,70.0,1,2019,3,multi,0.6931471805599453
111474,Blade & Sorcery,Adventure|Fighting|Indie|Role-playing (RPG)|Simulator,79.06470148399856,20,2019,2,multi,3.044522437723423
111505,VICCP,Adventure|Indie|Simulator,50.0,3,2019,3,multi,1.3862943611198906
111558,Bubsy: Paws on Fire!,Adventure|Platform,70.0,1,2019,2,multi,0.6931471805599453
111629,DreamWorks Dragons: Dawn of New Riders,Adventure|Role-playing (RPG),50.0,3,2019,4,multi,1.3862943611198906
111654,MLB The Show 19,Sport,79.73474238397057,14,2019,1,single,2.70805020110221
111802,Blame him,Adventure|Indie|Simulator|Strategy,50.0,1,2019,1,single,0.6931471805599453
111835,Pagan: Absent Gods,Role-playing (RPG),50.0,3,2019,1,single,1.3862943611198906
111846,Void Bastards,Arcade|Shooter|Strategy,72.58391367690953,62,2019,3,multi,4.143134726391533
111866,Effie,Adventure|Indie|Platform|Puzzle,62.46117883119027,7,2019,1,single,2.0794415416798357
111878,Our Lovely Escape,Indie|Simulator|Visual Novel,60.0,1,2019,3,multi,0.6931471805599453
111932,Discolored,Adventure|Indie|Point-and-click|Puzzle,61.5656255568518,10,2019,3,multi,2.3978952727983707
111937,Precipice,Indie|Simulator|Strategy,50.0,1,2019,2,multi,0.6931471805599453
112074,The Eternal Castle: Remastered,Adventure|Arcade|Indie|Platform,64.0,6,2019,3,multi,1.9459101490553132
112344,Stranded Sails,Adventure|Indie|Role-playing (RPG)|Simulator,50.0,3,2019,4,multi,1.3862943611198906
112362,Railroad Corporation,Indie|Simulator|Strategy,60.0,1,2019,1,single,0.6931471805599453
112409,Narcos: Rise of the Cartels,Adventure|Simulator|Strategy|Turn-based strategy (TBS),40.0,1,2019,4,multi,0.6931471805599453
112424,Afterburn,Indie|Simulator,70.0,2,2019,1,single,1.0986122886681098
112461,Love In Drawing,Indie|Strategy,70.0,2,2019,1,single,1.0986122886681098
112588,Field of Glory: Empires,Strategy|Turn-based strategy (TBS),70.0,1,2019,1,single,0.6931471805599453
112665,The Walking Zombie 2,Adventure|Indie|Role-playing (RPG)|Shooter,59.80936419700217,11,2019,1,single,2.4849066497880004
112674,The LEGO Movie 2 Videogame,Adventure|Hack and slash/Beat 'em up,55.6013855993999,11,2019,5,multi,2.4849066497880004
112700,Lingua Fleur: Lily,Adventure|Indie|Visual Novel,70.0,1,2019,1,single,0.6931471805599453
112754,Business Magnate,Simulator|Strategy,50.0,2,2019,1,single,1.0986122886681098
112798,Big Dipper,Indie|Role-playing (RPG)|Simulator|Visual Novel,70.0,1,2019,3,multi,0.6931471805599453
112831,Zed,Adventure|Indie,50.0,1,2019,3,multi,0.6931471805599453
112846,Spike Volleyball,Simulator|Sport,40.0,2,2019,3,multi,1.0986122886681098
112916,Mortal Kombat 11,Fighting,82.66682792281692,319,2019,4,multi,5.768320995793772
112926,Shadow Legend VR,Adventure|Role-playing (RPG),50.0,2,2019,1,single,1.0986122886681098
112934,Bubbles the Cat,Adventure|Indie|Platform,70.0,1,2019,1,single,0.6931471805599453
112939,Later Alligator,Adventure|Indie|Point-and-click|Puzzle,76.83437924941896,18,2019,3,multi,2.9444389791664403
112949,Steel Sword Story,Adventure|Indie,70.0,1,2019,1,single,0.6931471805599453
112966,Game Soup,Indie,70.0,1,2019,1,single,0.6931471805599453
112973,Fear the Night,Adventure|Role-playing (RPG)|Shooter|Simulator,50.0,1,2019,1,single,0.6931471805599453
113014,Chook & Sosig: Walk the Plank,Adventure|Indie|Point-and-click|Puzzle,70.0,1,2019,2,multi,0.6931471805599453
113049,Pogostuck: Rage With Your Friends,Adventure|Indie|Platform,50.35158147171187,9,2019,1,single,2.302585092994046
113107,Sayonara Wild Hearts,Adventure|Arcade|Indie|Music,76.94195443590202,109,2019,4,multi,4.700480365792417
113109,Marvel Ultimate Alliance 3: The Black Order,Hack and slash/Beat 'em up|Role-playing (RPG),66.61560310865583,38,2019,1,single,3.6635616461296463
113111,Far Cry New Dawn,Adventure|Shooter,65.00916277595476,251,2019,3,multi,5.529429087511423
113114,The Outer Worlds,Adventure|Role-playing (RPG)|Shooter,77.40625447774863,637,2019,3,multi,6.45833828334479
113123,Sakura MMO 2,Adventure|Simulator|Visual Novel,60.0,1,2019,3,multi,0.6931471805599453
113161,Spuds Unearthed,Adventure|Arcade|Indie|Real Time Strategy (RTS)|Shooter|Strategy,70.0,1,2019,1,single,0.6931471805599453
113188,03.04,Adventure|Indie,60.0,2,2019,1,single,1.0986122886681098
113208,Conan Unconquered,Real Time Strategy (RTS)|Strategy,50.0,3,2019,1,single,1.3862943611198906
113212,Operencia: The Stolen Sun,Adventure|Indie|Role-playing (RPG)|Turn-based strategy (TBS),54.74304516812107,10,2019,1,single,2.3978952727983707
113241,Crossroads: Lucky Edition,Adventure|Indie|Role-playing (RPG),60.0,1,2019,2,multi,0.6931471805599453
113376,MO:Astray,Adventure|Indie|Platform|Puzzle,73.13654372680183,15,2019,1,single,2.772588722239781
113391,FrostRunner,Indie|Platform,63.31138574633616,7,2019,1,single,2.0794415416798357
113400,Trainz Railroad Simulator 2019,Simulator,40.0,3,2019,2,multi,1.3862943611198906
113431,Ys IX: Monstrum Nox,Adventure|Role-playing (RPG),82.85806940282583,34,2019,1,single,3.5553480614894135
113434,Angry Birds VR: Isle of Pigs,Puzzle,70.0,3,2019,2,multi,1.3862943611198906
113449,NashBored,Adventure|Indie|Role-playing (RPG),70.0,1,2019,2,multi,0.6931471805599453
113463,Diabolik Lovers Chaos Lineage,Adventure|Visual Novel,60.71428571428571,14,2019,1,single,2.70805020110221
113491,The Puzzle Story,Adventure|Indie,70.0,2,2019,2,multi,1.0986122886681098
113507,Titan Outpost,Adventure|Indie|Role-playing (RPG)|Simulator,60.0,2,2019,3,multi,1.0986122886681098
113512,What Never Was,Adventure|Indie|Puzzle,69.44727000447786,28,2019,3,multi,3.367295829986474
113532,The Pepper Prince: Episode 1 - Red Hot Chili Wedding,Adventure|Indie,70.0,1,2019,1,single,0.6931471805599453
113557,PowerBeatsVR,Indie|Music|Sport,70.0,2,2019,1,single,1.0986122886681098
113609,Incubo,Adventure|Indie,70.0,1,2019,1,single,0.6931471805599453
113679,Fireboy & Watergirl: Elements,Adventure|Platform,60.0,2,2019,5,multi,1.0986122886681098
113688,King's League II,Indie|Role-playing (RPG)|Simulator|Strategy,70.0,2,2019,1,single,1.0986122886681098
113725,Sun Wukong VS Robot,Adventure|Indie|Platform|Role-playing (RPG),70.0,1,2019,2,multi,0.6931471805599453
113726,Pantsu Hunter: Back to the 90s,Adventure|Indie|Puzzle|Visual Novel,60.0,1,2019,3,multi,0.6931471805599453
113732,Vision Soft Reset,Adventure|Indie|Platform|Puzzle|Shooter,70.0,1,2019,1,single,0.6931471805599453
113750,Neoverse,Adventure|Card & Board Game|Indie|Role-playing (RPG)|Strategy,71.65276541419377,5,2019,1,single,1.791759469228055
113759,The Spell,Indie|Visual Novel,70.0,1,2019,3,multi,0.6931471805599453
113792,Heretic Operative,Role-playing (RPG)|Strategy,70.0,1,2019,1,single,0.6931471805599453
113810,Drawngeon: Dungeons of Ink and Paper,Adventure|Indie|Role-playing (RPG),70.0,1,2019,1,single,0.6931471805599453
113818,Slave's Sword 2 ~Imperial Revolution~,Adventure|Indie|Role-playing (RPG),70.0,1,2019,1,single,0.6931471805599453
113850,The Window Box,Adventure|Indie,70.0,1,2019,2,multi,0.6931471805599453
113863,Becalm,Indie|Simulator,25.24340027057857,5,2019,3,multi,1.791759469228055
113896,Changeling,Indie|Simulator|Visual Novel,70.0,1,2019,1,single,0.6931471805599453
113999,Intruders: Hide and Seek,Adventure|Indie,70.0,3,2019,2,multi,1.3862943611198906
114015,Roombo: First Blood,Adventure|Arcade|Indie|Strategy,70.0,2,2019,2,multi,1.0986122886681098
114032,Power Rangers: Battle for the Grid,Fighting,75.69986646317236,22,2019,3,multi,3.1354942159291497
114073,Cat and Ghostly Road,Adventure|Indie|Point-and-click|Puzzle,70.0,1,2019,1,single,0.6931471805599453
114080,The Devil's Calculator,Indie|Puzzle|Strategy,70.0,1,2019,5,multi,0.6931471805599453
114085,Redo!,Adventure|Indie|Platform|Role-playing (RPG),70.0,2,2019,1,single,1.0986122886681098
114090,Lucky of Love,Indie|Simulator,50.0,1,2019,1,single,0.6931471805599453
114111,Quest for the Golden Duck,Adventure|Arcade|Indie,43.0,2,2019,4,multi,1.0986122886681098
114152,SD Gundam G Generation Cross Rays,Real Time Strategy (RTS)|Role-playing (RPG)|Simulator|Strategy|Tactical|Turn-based strategy (TBS),45.24475489519092,29,2019,3,multi,3.4011973816621555
114232,Wet Girl,Adventure|Indie|Role-playing (RPG)|Shooter,70.0,4,2019,1,single,1.6094379124341003
114236,Leanna's Slice of Life,Indie|Role-playing (RPG)|Visual Novel,70.0,1,2019,1,single,0.6931471805599453
114238,Light the Way,Adventure|Indie,50.0,1,2019,1,single,0.6931471805599453
114277,Seek Girl,Indie|Puzzle,70.0,2,2019,1,single,1.0986122886681098
114278,I hate this game,Indie,85.26881720430109,5,2019,1,single,1.791759469228055
114285,NBA 2K20,Simulator|Sport,71.2567733639828,65,2019,5,multi,4.189654742026425
114286,Madden NFL 20,Sport,68.05752749586757,31,2019,3,multi,3.4657359027997265
114287,FIFA 20,Sport,68.22932761673789,169,2019,3,multi,5.135798437050262
114306,Where the Bees Make Honey,Adventure|Indie|Platform|Puzzle|Simulator,40.0,1,2019,3,multi,0.6931471805599453
114367,NekoMiko,Adventure|Indie|Visual Novel,70.0,1,2019,1,single,0.6931471805599453
114415,SteamWorld Quest: Hand of Gilgamech,Adventure|Role-playing (RPG)|Strategy|Turn-based strategy (TBS),80.68221725499686,35,2019,1,single,3.58351893845611
114420,When the Darkness comes,Adventure|Indie,75.44099417115812,21,2019,1,single,3.091042453358316
114432,WRC 8,Arcade|Racing|Simulator|Sport,69.41712411822326,15,2019,3,multi,2.772588722239781
114455,Pacify,Adventure|Indie|Simulator|Strategy,65.12011535098699,75,2019,2,multi,4.330733340286331
114475,Snakeybus,Arcade|Indie|Platform|Racing|Simulator,60.0,3,2019,2,multi,1.3862943611198906
114484,Dungeon Munchies,Adventure|Indie|Platform|Role-playing (RPG)|Shooter,75.49811523963382,5,2019,2,multi,1.791759469228055
114498,Little Mouse's Encyclopedia,Adventure|Indie|Puzzle,70.0,3,2019,5,multi,1.3862943611198906
114560,Wounded: The Beginning,Adventure|Indie,60.0,2,2019,1,single,1.0986122886681098
114576,Detective Girl of the Steam City,Indie|Role-playing (RPG)|Visual Novel,70.0,1,2019,1,single,0.6931471805599453
114684,Splitgate,Shooter,71.53285840742947,68,2019,2,multi,4.23410650459726
114767,Dr. Mario World,Puzzle,62.38224376891332,13,2019,2,multi,2.6390573296152584
114790,Azusa RP Online,Indie|Role-playing (RPG)|Strategy,60.0,1,2019,1,single,0.6931471805599453
114795,Apex Legends,Shooter|Tactical,75.38174755859907,656,2019,3,multi,6.48768401848461
114796,Pumped BMX Pro,Arcade|Indie|Sport,77.0,2,2019,3,multi,1.0986122886681098
114808,Save Koch,Adventure|Indie|Puzzle|Role-playing (RPG)|Simulator|Strategy,50.0,2,2019,3,multi,1.0986122886681098
114823,Creepy Vision,Adventure|Indie,60.0,1,2019,1,single,0.6931471805599453
114849,Castle Break,Indie,70.0,3,2019,1,single,1.3862943611198906
114852,Deck of Ashes,Adventure|Card & Board Game|Indie|Role-playing (RPG)|Strategy,60.0,1,2019,1,single,0.6931471805599453
114854,Ruination,Indie|Platform,70.0,1,2019,1,single,0.6931471805599453
114892,Roah,Adventure|Fighting|Indie|Platform|Role-playing (RPG),50.0,1,2019,1,single,0.6931471805599453
114909,Fractured Minds,Adventure|Indie,50.7968681472373,22,2019,5,multi,3.1354942159291497
114921,Clam Man,Adventure|Indie|Point-and-click|Puzzle,70.0,1,2019,3,multi,0.6931471805599453
114998,Coloring Game,Indie,78.58953128511038,5,2019,1,single,1.791759469228055
115003,Snakebird Primer,Indie|Puzzle,70.0,1,2019,5,multi,0.6931471805599453
115004,Legal Dungeon,Adventure|Indie|Puzzle|Simulator,60.0,2,2019,2,multi,1.0986122886681098
115006,Sky Racket,Adventure|Arcade|Indie|Shooter|Sport,70.0,2,2019,3,multi,1.0986122886681098
115118,Interrogation: You Will Be Deceived,Adventure|Indie|Point-and-click|Puzzle|Role-playing (RPG)|Simulator|Strategy|Tactical,66.40449438202248,4,2019,3,multi,1.6094379124341003
115136,Super Arcade Soccer,Arcade|Indie|Simulator|Sport,40.0,1,2019,2,multi,0.6931471805599453
115152,Tamashii,Arcade|Indie|Platform|Puzzle,70.0,1,2019,1,single,0.6931471805599453
115201,Unrailed!,Arcade|Indie,71.63809906917167,37,2019,1,single,3.6375861597263857
115225,Through Abandoned: The Refuge,Adventure|Indie|Point-and-click,50.0,3,2019,1,single,1.3862943611198906
115269,Blush Blush,Indie|Simulator,40.09835179728998,8,2019,3,multi,2.1972245773362196
115276,Super Mario Maker 2,Platform,81.07105310841361,204,2019,1,single,5.3230099791384085
115280,Oninaki,Adventure|Role-playing (RPG),60.01896716754538,10,2019,3,multi,2.3978952727983707
115281,Box Boy! + Box Girl!,Platform|Puzzle,71.75662148267237,6,2019,1,single,1.9459101490553132
115282,Tetris 99,Arcade|Puzzle,82.8039986437072,104,2019,1,single,4.653960350157523
115283,Astral Chain,Adventure|Hack and slash/Beat 'em up,81.03980214624954,102,2019,1,single,4.634728988229636
115285,Audica,Indie|Music|Shooter,50.0,3,2019,2,multi,1.3862943611198906
115286,Doraemon Story of Seasons,Adventure|Role-playing (RPG)|Simulator,77.61904761904762,6,2019,2,multi,1.9459101490553132
115304,Five Nights at Freddy's: Help Wanted,Adventure|Puzzle,79.6850629057015,27,2019,3,multi,3.332204510175204
115336,7th Sector,Adventure|Indie|Platform|Puzzle|Shooter,70.0,3,2019,1,single,1.3862943611198906
115392,Car Mechanic Simulator,Puzzle|Racing|Simulator,59.62431663447111,12,2019,1,single,2.5649493574615367
115447,Worse Than Death,Adventure|Indie|Puzzle,70.0,2,2019,6,multi,1.0986122886681098
115459,Mechstermination Force,Arcade|Indie|Platform|Shooter,78.0,2,2019,1,single,1.0986122886681098
115477,Monster Jam Steel Titans,Racing|Simulator|Sport,50.0,2,2019,3,multi,1.0986122886681098
115490,Tina: Swordswoman of the Scarlet Prison,Indie|Role-playing (RPG),70.0,1,2019,1,single,0.6931471805599453
115498,Your Future Self,Adventure|Indie,70.0,1,2019,3,multi,0.6931471805599453
115508,Sticks and Bones,Adventure|Indie,70.0,1,2019,1,single,0.6931471805599453
115520,Trap Shrine,Adventure|Visual Novel,70.0,1,2019,1,single,0.6931471805599453
115560,Deep Space Waifu: World,Arcade|Indie,70.0,3,2019,1,single,1.3862943611198906
115584,The Secret Order 7: Shadow Breach,Adventure|Puzzle,70.0,2,2019,3,multi,1.0986122886681098
115591,It's Winter,Indie|Simulator,55.63073359544055,8,2019,2,multi,2.1972245773362196
115592,Apostle,Adventure|Indie|Role-playing (RPG),70.0,1,2019,1,single,0.6931471805599453
115650,Alt-Frequencies,Adventure|Card & Board Game|Indie|Puzzle|Strategy,67.52005570187389,5,2019,4,multi,1.791759469228055
115653,Pokémon Shield,Adventure|Role-playing (RPG)|Turn-based strategy (TBS),65.49683746531359,233,2019,1,single,5.455321115357702
115659,Warsaw Rising: City of Heroes,Indie|Role-playing (RPG)|Strategy|Turn-based strategy (TBS),50.0,3,2019,1,single,1.3862943611198906
115688,Out of the Park Baseball 20,Indie|Simulator|Sport|Strategy,70.0,3,2019,1,single,1.3862943611198906
115785,American Fugitive,Adventure|Indie|Racing|Shooter,62.97383576551296,22,2019,4,multi,3.1354942159291497
115789,Boneworks,Adventure|Indie|Puzzle|Shooter|Simulator,61.22397101735218,26,2019,2,multi,3.295836866004329
115869,Cricket 19,Simulator|Sport,60.27352669201299,7,2019,3,multi,2.0794415416798357
115875,Nintendo Labo: Toy-Con 04 - VR Kit,Arcade|Puzzle|Shooter|Simulator,90.0,1,2019,1,single,0.6931471805599453
115900,Classic Racers,Indie|Racing|Simulator|Sport,70.0,1,2019,3,multi,0.6931471805599453
115906,Balancelot,Adventure|Arcade|Indie|Platform|Racing,70.0,3,2019,1,single,1.3862943611198906
116051,Magnibox,Indie|Puzzle,70.0,1,2019,2,multi,0.6931471805599453
116056,Merchant of the Skies,Adventure|Indie|Role-playing (RPG)|Simulator|Strategy,70.0,4,2019,3,multi,1.6094379124341003
116070,National Park Girls,Indie|Visual Novel,70.0,1,2019,3,multi,0.6931471805599453
116097,Shipped,Arcade|Indie|Sport,69.99564487027935,6,2019,3,multi,1.9459101490553132
116102,1406,Adventure|Indie,50.0,2,2019,1,single,1.0986122886681098
116125,Stela,Adventure|Indie|Platform|Puzzle,72.56597220104152,22,2019,2,multi,3.1354942159291497
116133,Islanders,Indie|Puzzle|Strategy|Turn-based strategy (TBS),71.35108266651383,39,2019,3,multi,3.6888794541139363
116136,MotoGP 19,Racing|Simulator|Sport,78.04454135910244,9,2019,4,multi,2.302585092994046
116137,Pirates Outlaws,Adventure|Card & Board Game|Indie|Role-playing (RPG)|Strategy,74.35210819705995,4,2019,2,multi,1.6094379124341003
116145,Mistover,Adventure|Role-playing (RPG)|Strategy|Turn-based strategy (TBS),60.0,2,2019,3,multi,1.0986122886681098
116187,Lofi Ping Pong,Adventure|Arcade|Indie|Music|Sport,70.0,4,2019,1,single,1.6094379124341003
116201,Tiny Metal: Full Metal Rumble,Indie|Simulator|Strategy|Tactical|Turn-based strategy (TBS),90.0,4,2019,2,multi,1.6094379124341003
116270,At Home,Adventure|Indie,40.0,1,2019,1,single,0.6931471805599453
116285,Misadventures of Laura Silver,Adventure|Indie,70.0,1,2019,3,multi,0.6931471805599453
116302,Peekaboo,Adventure|Indie|Racing|Role-playing (RPG)|Simulator|Sport|Strategy,70.0,2,2019,1,single,1.0986122886681098
116305,Himno,Adventure|Arcade|Indie|Music|Platform,55.88007907136254,12,2019,3,multi,2.5649493574615367
116322,Drag Star!,Adventure|Indie|Role-playing (RPG),70.0,1,2019,3,multi,0.6931471805599453
116363,Nauticrawl,Adventure|Indie|Puzzle|Simulator|Strategy,80.0,2,2019,2,multi,1.0986122886681098
116414,Rad,Adventure|Arcade|Hack and slash/Beat 'em up|Indie|Role-playing (RPG),64.8724433429272,11,2019,4,multi,2.4849066497880004
116416,Blaster Master Zero II,Adventure|Indie|Platform|Shooter,82.29661820185633,11,2019,1,single,2.4849066497880004
116417,Creature in the Well,Adventure|Arcade|Fighting|Hack and slash/Beat 'em up|Indie|Pinball|Puzzle,82.66113418465412,24,2019,3,multi,3.2188758248682006
116419,Cadence of Hyrule: Crypt of the NecroDancer Featuring the Legend of Zelda,Adventure|Music,74.42918633684599,52,2019,1,single,3.970291913552122
116467,VCB: Why City 4k,Adventure|Indie|Racing|Shooter|Simulator,70.0,1,2019,1,single,0.6931471805599453
116486,Super Tennis Blast,Arcade|Indie|Sport,70.0,1,2019,4,multi,0.6931471805599453
116487,Pineview Drive: Homeless,Adventure,50.0,2,2019,1,single,1.0986122886681098
116497,The Great Perhaps,Adventure|Indie|Platform|Puzzle,60.0,8,2019,3,multi,2.1972245773362196
116507,Trapped on Monster Island,Indie|Role-playing (RPG)|Visual Novel,50.0,1,2019,1,single,0.6931471805599453
116593,Conglomerate 451,Indie|Role-playing (RPG)|Turn-based strategy (TBS),70.0,1,2019,1,single,0.6931471805599453
116660,Nurse Love Syndrome,Adventure|Visual Novel,70.0,1,2019,2,multi,0.6931471805599453
116667,F1 2019,Racing|Simulator|Sport,81.18530772005649,50,2019,3,multi,3.9318256327243257
116685,Heave Ho,Adventure|Arcade|Indie|Platform|Strategy,71.74127679733198,24,2019,3,multi,3.2188758248682006
116695,Burning Daylight,Adventure|Indie,65.58065973791233,5,2019,1,single,1.791759469228055
116700,Zen Chess: Mate in Two,Strategy,60.0,1,2019,2,multi,0.6931471805599453
116729,Lamunation!: International,Adventure|Simulator|Visual Novel,70.0,1,2019,1,single,0.6931471805599453
116732,Paper Dolls Original,Adventure|Indie|Puzzle,70.0,1,2019,1,single,0.6931471805599453
116742,Minions Battle,Indie,70.0,1,2019,1,single,0.6931471805599453
116753,A Short Hike,Adventure|Indie,73.25234271173795,303,2019,3,multi,5.717027701406222
116771,bit Dungeon III,Adventure|Indie|Role-playing (RPG),70.0,1,2019,1,single,0.6931471805599453
116795,Mario & Sonic at the Olympic Games Tokyo 2020,Sport,71.99604563042678,20,2019,1,single,3.044522437723423
116797,Olympic Games Tokyo 2020: The Official Video Game,Sport,69.91780730436213,9,2019,2,multi,2.302585092994046
116851,Smile For Me,Adventure|Indie|Point-and-click|Puzzle|Role-playing (RPG),76.37414724000473,15,2019,2,multi,2.772588722239781
116856,Demon Hunter 5: Ascendance,Adventure|Point-and-click|Puzzle,70.0,3,2019,3,multi,1.3862943611198906
116861,Dark Fable,Adventure|Indie|Sport,60.0,1,2019,1,single,0.6931471805599453
116868,Tok Hardcore,Indie,70.0,1,2019,1,single,0.6931471805599453
116880,China: Mao's legacy,Indie|Simulator|Strategy,70.0,1,2019,3,multi,0.6931471805599453
116958,Citizen of Rome - Dynasty Ascendant,Indie|Role-playing (RPG)|Simulator,70.0,1,2019,4,multi,0.6931471805599453
116983,LuGame: Lunchtime Games Club!,Adventure|Indie|Visual Novel,70.0,1,2019,2,multi,0.6931471805599453
116998,LSD: The Game,Music|Platform,72.0,5,2019,5,multi,1.791759469228055
117008,Assemble With Care,Arcade|Indie|Puzzle|Simulator|Visual Novel,74.04962862189089,48,2019,2,multi,3.8918202981106265
117013,Sneaky Sasquatch,Adventure|Arcade,60.39449864957496,8,2019,2,multi,2.1972245773362196
117023,Jump King,Adventure|Indie|Platform,78.14422774105851,40,2019,1,single,3.713572066704308
117052,Spaceland: Sci-Fi Indie Tactics,Adventure|Indie|Role-playing (RPG)|Strategy|Tactical,60.0,2,2019,2,multi,1.0986122886681098
117070,The Renovator,Indie,60.0,1,2019,1,single,0.6931471805599453
117084,Angelo and Deemon: One Hell of a Quest,Adventure|Indie|Puzzle,70.0,2,2019,1,single,1.0986122886681098
117101,A Legionary's Life,Indie|Role-playing (RPG)|Turn-based strategy (TBS),60.0,2,2019,1,single,1.0986122886681098
117105,Bear With Me: The Lost Robots,Adventure|Indie|Puzzle|Role-playing (RPG),70.0,4,2019,4,multi,1.6094379124341003
117109,Zup! XS,Indie,60.0,1,2019,1,single,0.6931471805599453
117217,Chippy,Arcade|Indie|Shooter,70.0,2,2019,1,single,1.0986122886681098
117269,Rogan: The Thief in the Castle,Adventure,40.0,1,2019,2,multi,0.6931471805599453
117295,Very Little Nightmares,Adventure|Puzzle,69.9819452455026,20,2019,1,single,3.044522437723423
117303,Demons Never Lie,Adventure|Indie|Point-and-click,70.0,1,2019,1,single,0.6931471805599453
117354,12 Hours,Indie|Simulator,50.0,1,2019,1,single,0.6931471805599453
117435,Bax,Indie,70.0,1,2019,1,single,0.6931471805599453
117439,Now You See,Adventure|Indie|Point-and-click,70.0,3,2019,1,single,1.3862943611198906
117456,Mini Gal4Xy,Strategy,70.0,1,2019,3,multi,0.6931471805599453
117458,Neon Beats,Arcade|Indie|Music|Platform,62.75862068965517,8,2019,1,single,2.1972245773362196
117501,Picross S3,Puzzle|Strategy,63.0,3,2019,1,single,1.3862943611198906
117526,Lurkers,Adventure|Hack and slash/Beat 'em up|Indie|Platform|Role-playing (RPG)|Shooter|Simulator,97.30397394491462,36,2019,1,single,3.6109179126442243
117532,Disc Creatures,Adventure|Indie|Role-playing (RPG),70.0,2,2019,1,single,1.0986122886681098
117533,River City Girls,Adventure|Arcade|Fighting|Hack and slash/Beat 'em up,74.39544966228497,66,2019,4,multi,4.204692619390966
117546,eBall,Indie,70.0,1,2019,1,single,0.6931471805599453
117599,Hellsplit: Arena,Role-playing (RPG),60.0,1,2019,3,multi,0.6931471805599453
117690,Lakeview Valley,Adventure|Indie|Role-playing (RPG),80.0,2,2019,1,single,1.0986122886681098
117717,Planet Zoo,Simulator|Strategy,76.02610634402512,72,2019,1,single,4.290459441148391
117781,Risk System,Arcade|Indie|Shooter,70.0,1,2019,1,single,0.6931471805599453
117797,FreeDiver: Triton Down,Adventure|Indie|Simulator,70.0,1,2019,1,single,0.6931471805599453
117820,Transport Fever 2,Simulator|Strategy,74.96622957421837,19,2019,3,multi,2.995732273553991
117855,FIA European Truck Racing Championship,Racing|Simulator|Sport,55.67247166727515,10,2019,4,multi,2.3978952727983707
117873,BirdGut,Adventure|Indie|Platform|Puzzle,89.80643223609688,7,2019,2,multi,2.0794415416798357
117876,Love 3: Love Cube,Adventure|Indie|Visual Novel,70.0,2,2019,1,single,1.0986122886681098
117912,Brukel,Adventure|Indie|Simulator,70.0,1,2019,1,single,0.6931471805599453
117988,Gnosia,Adventure|Indie|Role-playing (RPG)|Visual Novel,80.30439502995698,18,2019,1,single,2.9444389791664403
118022,Russian Life Simulator,Indie|Simulator|Sport|Strategy,80.0,3,2019,1,single,1.3862943611198906
118067,Mushroom Cats,Adventure|Indie,50.33555371810522,6,2019,1,single,1.9459101490553132
118106,Deathbloom: Chapter 1,Adventure|Indie,70.0,1,2019,1,single,0.6931471805599453
118119,Spark the Electric Jester 2,Indie|Platform,78.34174834174834,7,2019,1,single,2.0794415416798357
118136,Air Marty,Indie,70.0,2,2019,3,multi,1.0986122886681098
118161,Fujii,Adventure|Indie|Simulator,70.0,1,2019,2,multi,0.6931471805599453
118171,Missed Messages.,Adventure|Indie|Simulator|Visual Novel,71.30184733421099,39,2019,4,multi,3.6888794541139363
118218,Tom Clancy's Ghost Recon: Breakpoint,Adventure|Shooter|Tactical,63.24700768078718,107,2019,3,multi,4.68213122712422
118219,John Wick Hex,Simulator|Strategy|Tactical|Turn-based strategy (TBS),59.97482328078544,14,2019,2,multi,2.70805020110221
118237,Death Jump,Indie|Platform,70.0,1,2019,1,single,0.6931471805599453
118314,Ord.,Adventure|Indie|Role-playing (RPG)|Simulator|Strategy,70.0,2,2019,3,multi,1.0986122886681098
118355,Otaku's Adventure,Adventure|Indie|Point-and-click|Puzzle|Role-playing (RPG),70.55693312768827,8,2019,1,single,2.1972245773362196
118357,Tools Up!,Adventure|Arcade|Indie|Simulator,69.98793588115416,12,2019,4,multi,2.5649493574615367
118363,Downtown Drift,Indie|Racing|Simulator,70.0,1,2019,1,single,0.6931471805599453
118385,Celaria,Indie|Platform|Racing,70.0,2,2019,1,single,1.0986122886681098
118420,Fort Sumter,Strategy,70.0,1,2019,2,multi,0.6931471805599453
118440,Jack-In-A-Castle,Indie|Role-playing (RPG)|Visual Novel,70.0,1,2019,2,multi,0.6931471805599453
118458,Argonus and the Gods of Stone,Adventure,70.0,2,2019,1,single,1.0986122886681098
118490,Pokémon Rumble Rush,Hack and slash/Beat 'em up,69.9536650400392,8,2019,2,multi,2.1972245773362196
118602,Morningdew Farms: A Gay Farming Game,Indie|Simulator|Visual Novel,70.0,1,2019,3,multi,0.6931471805599453
118627,Alluris,Adventure|Card & Board Game|Role-playing (RPG),70.0,1,2019,3,multi,0.6931471805599453
118637,Kindergarten 2,Adventure|Indie,77.72215505570617,12,2019,1,single,2.5649493574615367
118645,She Sees Red,Adventure|Indie|Visual Novel,62.9343694365567,26,2019,2,multi,3.295836866004329
118711,Minecraft Earth,Adventure,40.31261494619704,14,2019,2,multi,2.70805020110221
118755,Traffix,Indie|Puzzle|Simulator|Strategy,70.0,2,2019,3,multi,1.0986122886681098
118784,Doctor Who: The Edge of Time,Adventure|Puzzle,60.0,1,2019,4,multi,0.6931471805599453
118815,Touhou Kikeijuu: Wily Beast and Weakest Creature,Adventure|Arcade|Indie|Shooter,70.42570885479165,6,2019,1,single,1.9459101490553132
118871,Grid,Racing|Simulator|Sport,73.02935470528213,45,2019,4,multi,3.828641396489095
118922,Reventure,Adventure|Indie|Platform|Strategy,71.78294198753237,23,2019,1,single,3.1780538303479458
118986,"Love, Sam",Adventure|Indie,70.0,3,2019,1,single,1.3862943611198906
119061,Atelier Ryza: Ever Darkness & the Secret Hideout,Adventure|Role-playing (RPG),80.00323891049706,32,2019,2,multi,3.4965075614664802
119062,Archero,Indie|Shooter,77.72131914709574,19,2019,2,multi,2.995732273553991
119156,Pokémon Masters,Strategy,57.29963337183069,33,2019,2,multi,3.5263605246161616
119161,Need for Speed: Heat,Adventure|Racing|Sport,71.10051218328174,231,2019,3,multi,5.44673737166631
119177,Call of Duty: Modern Warfare,Shooter,79.56822430007688,454,2019,3,multi,6.12029741895095
119188,Auto Chess,Card & Board Game|Strategy|Tactical,50.16023713377437,15,2019,2,multi,2.772588722239781
119190,Bug Fables: The Everlasting Sapling,Adventure|Indie|Role-playing (RPG)|Turn-based strategy (TBS),77.15779155346938,24,2019,1,single,3.2188758248682006
119207,Aquapark.io,Arcade|Indie|Racing,72.00331542918816,59,2019,1,single,4.0943445622221
119225,Vampire: The Masquerade - Coteries of New York,Adventure|Indie|Role-playing (RPG)|Visual Novel,68.40937000466249,20,2019,3,multi,3.044522437723423
119226,Jumanji: The Video Game,Adventure|Role-playing (RPG)|Shooter,21.71601052409233,8,2019,4,multi,2.1972245773362196
119242,Battle Planet: Judgement Day,Arcade|Indie|Shooter,70.0,1,2019,3,multi,0.6931471805599453
119244,Darksiders Genesis,Adventure|Hack and slash/Beat 'em up|Role-playing (RPG),70.0994152449192,90,2019,2,multi,4.51085950651685
119247,Gylt,Adventure|Puzzle|Role-playing (RPG),67.44179903751524,31,2019,1,single,3.4657359027997265
119256,Just Dance 2020,Music,70.52671787556592,15,2019,6,multi,2.772588722239781
119259,Yooka-Laylee and the Impossible Lair,Adventure|Indie|Platform|Puzzle,70.96406035531916,35,2019,4,multi,3.58351893845611
119272,Total Party Kill,Adventure|Arcade|Indie|Platform|Puzzle,70.04188951343154,7,2019,4,multi,2.0794415416798357
119298,Blair Witch,Adventure|Indie,72.95750398039338,114,2019,2,multi,4.74493212836325
119315,Devolver Bootleg,Adventure|Indie|Shooter|Sport,50.36605181878224,5,2019,1,single,1.791759469228055
119332,The Curious Tale of the Stolen Pets,Adventure|Indie|Puzzle,70.0,1,2019,7,multi,0.6931471805599453
119335,Acron: Attack of the Squirrels!,Arcade,70.0,3,2019,3,multi,1.3862943611198906
119341,Pistol Whip,Arcade|Indie|Music|Shooter,78.08502636363247,23,2019,5,multi,3.1780538303479458
119351,Lovely Planet 2: April Skies,Indie|Platform|Shooter,70.0,1,2019,3,multi,0.6931471805599453
119385,Contra: Rogue Corps,Arcade|Platform|Shooter,37.69839030202159,11,2019,4,multi,2.4849066497880004
119416,Dota Underlords,Card & Board Game|Role-playing (RPG)|Strategy|Tactical,64.13347385902783,72,2019,5,multi,4.290459441148391
119422,eFootball PES 2020,Simulator|Sport,68.96962042515105,64,2019,3,multi,4.174387269895637
119452,Focus on You,Adventure,70.0,1,2019,2,multi,0.6931471805599453
119454,Monsters of Little Haven,Adventure|Indie|Visual Novel,70.0,1,2019,1,single,0.6931471805599453
119465,Depixtion,Indie|Puzzle|Strategy,70.0,1,2019,3,multi,0.6931471805599453
119469,Zup! 9,Indie,80.0,2,2019,1,single,1.0986122886681098
119472,HoVRboard,Indie|Racing|Simulator|Sport,70.0,1,2019,1,single,0.6931471805599453
119480,Akash: Path of the Five,Adventure|Indie|Role-playing (RPG)|Simulator|Visual Novel,70.0,1,2019,1,single,0.6931471805599453
119492,Sakura MMO 3,Adventure|Simulator,70.0,1,2019,3,multi,0.6931471805599453
119493,Space Mercs,Arcade|Indie|Shooter,70.0,1,2019,1,single,0.6931471805599453
119504,Monster Girl Island: Prologue,Adventure|Indie|Visual Novel,69.75166586393125,8,2019,3,multi,2.1972245773362196
119544,Giant Bear Rampage!,Indie|Simulator,70.0,1,2019,1,single,0.6931471805599453
119656,Koikatsu Party,Simulator,87.96537490991622,13,2019,1,single,2.6390573296152584
119658,Weakless,Adventure|Indie|Platform|Puzzle,50.0,1,2019,1,single,0.6931471805599453
119690,Conscious Existence - A Journey Within,Indie,70.0,2,2019,2,multi,1.0986122886681098
119719,Flux Caves,Adventure|Indie|Platform|Puzzle|Simulator,70.0,1,2019,2,multi,0.6931471805599453
119723,Cafe Crush,Indie|Visual Novel,60.0,1,2019,2,multi,0.6931471805599453
119744,Tales of the Black Forest,Adventure|Indie|Role-playing (RPG),75.41602735723791,4,2019,1,single,1.6094379124341003
119776,Nordlicht,Adventure|Indie|Puzzle,70.0,4,2019,1,single,1.6094379124341003
119805,Dry Drowning,Adventure|Indie|Puzzle|Visual Novel,70.0,4,2019,1,single,1.6094379124341003
119886,Still There,Adventure|Indie|Point-and-click|Puzzle|Simulator,79.67072161537027,12,2019,3,multi,2.5649493574615367
119930,Ice Age: Scrat's Nutty Adventure,Adventure|Platform,70.0,4,2019,4,multi,1.6094379124341003
119947,NHL 20,Sport,72.32677880428818,21,2019,2,multi,3.091042453358316
119969,Shop Titans,Adventure|Role-playing (RPG)|Simulator,58.8072783393331,13,2019,2,multi,2.6390573296152584
120028,1000 Days to Escape,Arcade|Indie|Simulator,60.0,1,2019,1,single,0.6931471805599453
120032,Mekabolt,Adventure|Arcade|Indie|Platform|Puzzle,70.77569341906654,5,2019,5,multi,1.791759469228055
120083,Forgetful Dictator,Indie|Quiz/Trivia|Strategy|Turn-based strategy (TBS),70.0,1,2019,1,single,0.6931471805599453
120089,Kawaii Deathu Desu,Arcade|Fighting|Hack and slash/Beat 'em up|Indie,60.0,4,2019,2,multi,1.6094379124341003
120092,Fishing Adventure,Adventure|Indie|Role-playing (RPG)|Simulator|Sport,70.0,1,2019,1,single,0.6931471805599453
120105,Yet Another Hero Story,Adventure|Indie,70.0,1,2019,2,multi,0.6931471805599453
120126,MXGP 2019: The Official Motocross Videogame,Racing|Simulator|Sport,50.0,1,2019,3,multi,0.6931471805599453
120128,Shrine of the God-Ape,Adventure|Indie,70.0,1,2019,1,single,0.6931471805599453
120176,Teamfight Tactics,Card & Board Game|Strategy|Tactical|Turn-based strategy (TBS),82.3232692274328,130,2019,2,multi,4.875197323201151
120184,SolSeraph,Adventure|Platform|Strategy,50.0,1,2019,4,multi,0.6931471805599453
120323,Horace,Adventure|Arcade|Indie|Platform,77.51312279257962,11,2019,1,single,2.4849066497880004
120398,Super Life RPG,Indie|Role-playing (RPG)|Simulator,70.0,1,2019,2,multi,0.6931471805599453
120418,Frontline Zed,Indie|Shooter|Strategy,70.0,1,2019,1,single,0.6931471805599453
120481,Knightin'+,Adventure|Arcade|Indie|Role-playing (RPG),70.0,2,2019,3,multi,1.0986122886681098
120487,NASCAR Heat 4,Racing|Simulator,60.0,1,2019,3,multi,0.6931471805599453
120528,The Witch's Love Diary,Simulator|Visual Novel,70.0,2,2019,1,single,1.0986122886681098
120596,Princess Project,Indie|Role-playing (RPG),70.0,2,2019,1,single,1.0986122886681098
120606,Fluffy Store,Adventure|Indie|Role-playing (RPG),70.0,1,2019,1,single,0.6931471805599453
120623,Lunch A Palooza,Fighting|Indie,70.0,1,2019,1,single,0.6931471805599453
120646,Kind Words,Indie,70.66664868642097,15,2019,3,multi,2.772588722239781
120696,The Story of Henry Bishop,Adventure|Indie,70.0,1,2019,1,single,0.6931471805599453
120719,Palmyra Orphanage,Indie,70.0,3,2019,1,single,1.3862943611198906
120724,Climb With Wheelbarrow,Indie|Simulator,60.0,1,2019,1,single,0.6931471805599453
120730,Alien Shooter 2: The Legend,Indie|Role-playing (RPG)|Shooter,50.0,1,2019,1,single,0.6931471805599453
120745,Electronic Super Joy 2,Adventure|Arcade|Indie|Music|Platform,70.0,3,2019,3,multi,1.3862943611198906
120758,Journey For Elysium,Adventure|Indie|Simulator,70.0,2,2019,1,single,1.0986122886681098
120899,Picross: Lord of the Nazarick,Puzzle|Strategy,83.0,2,2019,1,single,1.0986122886681098
120904,Slapshot,Indie|Sport,43.08268241390351,5,2019,2,multi,1.791759469228055
121007,FlowScape,Indie|Simulator,80.0,2,2019,1,single,1.0986122886681098
121056,Little Brother Jim,Adventure|Indie|Simulator,70.0,1,2019,1,single,0.6931471805599453
121066,Biolab Wars,Arcade|Indie|Platform|Shooter,70.0,2,2019,3,multi,1.0986122886681098
121119,Remote Life,Arcade|Indie|Shooter,70.0,2,2019,1,single,1.0986122886681098
121127,Senna and the Forest,Adventure|Indie|Puzzle,70.0,1,2019,2,multi,0.6931471805599453
121135,Raiders of the North Sea,Card & Board Game|Indie|Puzzle|Strategy,70.0,1,2019,5,multi,0.6931471805599453
121142,Storm Area 51: Ayy Lmao Edition,Adventure|Indie|Role-playing (RPG)|Simulator|Strategy,80.0,1,2019,1,single,0.6931471805599453
121200,Fit For A King,Adventure|Role-playing (RPG)|Simulator,70.0,2,2019,1,single,1.0986122886681098
121204,Shinsekai: Into the Depths,Adventure|Indie|Platform,62.22491807788547,6,2019,2,multi,1.9459101490553132
121220,Undefeated,Indie,52.8422084286181,9,2019,1,single,2.302585092994046
121230,Garfield Kart: Furious Racing,Arcade|Racing|Sport,50.00630434662191,17,2019,5,multi,2.8903717578961645
121270,Ratropolis,Card & Board Game|Indie|Role-playing (RPG)|Strategy,80.0,4,2019,2,multi,1.6094379124341003
121311,Demoniaca: Everlasting Night,Adventure|Fighting|Indie|Platform|Role-playing (RPG),50.0,1,2019,1,single,0.6931471805599453
121319,Heroes of Myth,Adventure|Indie|Role-playing (RPG),70.0,1,2019,3,multi,0.6931471805599453
121331,Home Sweet Home: Episode 2,Adventure|Indie,60.0,1,2019,1,single,0.6931471805599453
121338,Frog Detective 2: The Case of the Invisible Wizard,Adventure|Indie,70.59394845350359,21,2019,2,multi,3.091042453358316
121348,Gravitas,Adventure|Indie,69.87323979465471,16,2019,1,single,2.833213344056216
121407,Globesweeper: Hex Puzzler,Indie|Puzzle,70.0,1,2019,2,multi,0.6931471805599453
121431,Philophobia: The Fear of Love,Indie|Platform,70.0,1,2019,3,multi,0.6931471805599453
121435,WWE 2K20,Simulator|Sport,55.3242486385831,25,2019,3,multi,3.258096538021482
121438,Inbento,Adventure|Card & Board Game|Indie|Puzzle|Strategy,79.47363855937957,8,2019,3,multi,2.1972245773362196
121472,Forgotten Hill Disillusion,Adventure|Indie|Puzzle,60.0,3,2019,2,multi,1.3862943611198906
121497,Showdown Bandit,Adventure|Indie|Strategy,70.0,3,2019,1,single,1.3862943611198906
121555,Song of Horror,Adventure,67.34469648710612,12,2019,1,single,2.5649493574615367
121558,Aka Manto,Adventure|Indie|Simulator|Strategy,70.0,3,2019,1,single,1.3862943611198906
121562,Aery,Adventure|Indie|Racing|Simulator,50.0,1,2019,1,single,0.6931471805599453
121615,PictoQuest: The Cursed Grids,Adventure|Indie|Puzzle|Role-playing (RPG),60.49708734383992,6,2019,1,single,1.9459101490553132
121618,Plants vs. Zombies: Battle for Neighborville,Shooter|Strategy|Tactical,64.61699499559516,36,2019,3,multi,3.6109179126442243
121748,The Touryst,Adventure|Arcade|Indie|Platform|Puzzle,68.05944232040486,26,2019,1,single,3.295836866004329
121776,Crowd Simulator,Indie|Simulator,70.0,1,2019,2,multi,0.6931471805599453
121815,Gravity Duck,Adventure|Arcade|Platform|Puzzle,70.09420287168308,5,2019,4,multi,1.791759469228055
121823,Acting Lessons,Indie|Point-and-click|Role-playing (RPG)|Visual Novel,57.87827717277109,16,2019,3,multi,2.833213344056216
121924,Westworld Awakening,Adventure,70.0,1,2019,3,multi,0.6931471805599453
121937,Journey of the Gods,Adventure|Role-playing (RPG),62.38095238095238,6,2019,2,multi,1.9459101490553132
121952,Some Distant Memory,Adventure|Indie,70.17728046486597,5,2019,3,multi,1.791759469228055
122001,Cathedral,Adventure|Indie|Platform,70.0,3,2019,3,multi,1.3862943611198906
122005,Okaeri,Adventure|Indie|Puzzle|Simulator,70.0,3,2019,1,single,1.3862943611198906
122019,Pizza Game,Indie|Simulator|Visual Novel,80.0,1,2019,3,multi,0.6931471805599453
122027,3000th Duel,Adventure|Indie|Platform|Role-playing (RPG),70.0,3,2019,2,multi,1.3862943611198906
122034,Axis Football 2019,Indie|Simulator|Sport|Strategy,70.0,1,2019,4,multi,0.6931471805599453
122047,Path of Giants,Indie|Puzzle|Strategy,70.0,4,2019,2,multi,1.6094379124341003
122049,The Wanderer: Frankenstein's Creature,Adventure|Indie|Puzzle,76.74195489082855,7,2019,2,multi,2.0794415416798357
122056,A Street Cat's Tale,Adventure|Indie|Simulator,70.0,1,2019,1,single,0.6931471805599453
122062,Pesterquest,Adventure|Indie|Role-playing (RPG)|Simulator|Visual Novel,71.75538609609832,5,2019,3,multi,1.791759469228055
122080,Football Manager 2020,Simulator|Sport,77.23954977497782,69,2019,3,multi,4.248495242049359
122134,Simulacra 2,Adventure|Indie|Role-playing (RPG)|Simulator,65.90483701908235,9,2019,2,multi,2.302585092994046
122149,Osk,Adventure|Indie,50.0,1,2019,1,single,0.6931471805599453
122229,Super Kirby Clash,Adventure|Arcade,52.6944002421175,12,2019,1,single,2.5649493574615367
122265,Rebel Cops,Adventure|Role-playing (RPG)|Strategy|Tactical|Turn-based strategy (TBS),70.00148774101405,9,2019,6,multi,2.302585092994046
122318,"I Love You, Colonel Sanders! A Finger Lickin' Good Dating Simulator",Indie|Simulator|Visual Novel,49.96328321228724,13,2019,2,multi,2.6390573296152584
122338,Ring Fit Adventure,Adventure|Role-playing (RPG)|Sport,80.80219960296279,52,2019,1,single,3.970291913552122
122433,The Fisherman: Fishing Planet,Adventure|Simulator|Sport|Strategy,70.0,1,2019,3,multi,0.6931471805599453
122442,Street Outlaws: The List,Racing|Sport,50.0,1,2019,3,multi,0.6931471805599453
122448,Wurroom,Adventure|Indie|Music|Point-and-click|Puzzle,50.12084129515585,6,2019,1,single,1.9459101490553132
122451,Divine Miko Koyori,Adventure|Indie|Role-playing (RPG),60.0,1,2019,1,single,0.6931471805599453
122518,NinNinDays,Adventure|Indie|Visual Novel,70.0,2,2019,1,single,1.0986122886681098
122559,Mini Motorways,Indie|Puzzle|Simulator|Strategy,82.37988085995744,45,2019,1,single,3.828641396489095
122562,Dofus Retro,Adventure|Role-playing (RPG)|Strategy|Turn-based strategy (TBS),73.9975204602223,9,2019,3,multi,2.302585092994046
122563,Arise: A Simple Story,Adventure|Indie|Platform,81.8912131231364,35,2019,3,multi,3.58351893845611
122611,Terminator: Resistance,Adventure|Role-playing (RPG)|Shooter,69.89480398897255,64,2019,3,multi,4.174387269895637
122640,Love Live! School Idol Festival All Stars,Adventure|Music|Role-playing (RPG),76.35781140252966,8,2019,2,multi,2.1972245773362196
122646,People Playground,Indie|Simulator,72.68397823163197,38,2019,1,single,3.6635616461296463
122654,Habroxia,Arcade|Indie|Shooter,77.68148340917294,8,2019,3,multi,2.1972245773362196
122766,Pilgrims,Adventure|Indie|Point-and-click|Puzzle,75.35160579793416,71,2019,4,multi,4.276666119016055
122798,Twists of My Life,Indie,70.0,1,2019,1,single,0.6931471805599453
122807,Voxelgram,Indie|Puzzle|Strategy,70.0,2,2019,2,multi,1.0986122886681098
122824,Valakas Story,Adventure,70.0,1,2019,1,single,0.6931471805599453
122825,How to Raise a Wolf Girl,Indie|Simulator|Visual Novel,70.0,1,2019,1,single,0.6931471805599453
122827,Endless Fables 4: Shadow Within,Adventure|Point-and-click|Puzzle,70.0,3,2019,5,multi,1.3862943611198906
122838,Franchise Hockey Manager 6,Indie|Simulator|Sport|Strategy,70.0,1,2019,1,single,0.6931471805599453
122907,Tiny Room Stories: Town Mystery,Adventure|Indie|Point-and-click|Puzzle,61.68231211252498,11,2019,1,single,2.4849066497880004
123054,Super Mecha Champions,Adventure|Role-playing (RPG),60.35584192719995,8,2019,2,multi,2.1972245773362196
123352,Command: Modern Operations,Simulator|Strategy,70.0,1,2019,1,single,0.6931471805599453
123395,Arknights,Adventure|Real Time Strategy (RTS)|Role-playing (RPG)|Simulator|Strategy|Tactical,84.02934198109934,61,2019,2,multi,4.127134385045092
123468,Fun with Ragdolls: The Game,Indie|Simulator,80.0,4,2019,2,multi,1.6094379124341003
123712,Flatland Vol.1,Adventure|Arcade|Indie|Platform|Puzzle,70.0,2,2019,2,multi,1.0986122886681098
123735,Abode 2,Adventure|Puzzle,70.0,1,2019,1,single,0.6931471805599453
123738,Sturmwind Ex,Arcade|Indie|Shooter,70.0,1,2019,1,single,0.6931471805599453
123746,War for the West,Adventure|Indie|Role-playing (RPG),70.0,1,2019,3,multi,0.6931471805599453
123756,Escape Mind,Adventure|Indie,70.0,1,2019,1,single,0.6931471805599453
123763,Super Arcade Racing,Adventure|Arcade|Indie|Racing|Sport,70.0,1,2019,3,multi,0.6931471805599453
123775,Tangle Tower,Adventure|Indie|Point-and-click|Puzzle|Visual Novel,79.66280476383646,27,2019,1,single,3.332204510175204
123853,"Ciconia When They Cry: Phase 1 - For You, the Replaceable Ones",Adventure|Visual Novel,80.0,1,2019,2,multi,0.6931471805599453
123864,Stigmatized Property,Adventure|Indie|Simulator|Strategy,59.94597950946911,8,2019,1,single,2.1972245773362196
123866,Barro 2020,Indie|Racing,70.0,3,2019,1,single,1.3862943611198906
123907,Holy Knight Luviria,Adventure|Indie|Role-playing (RPG),50.0,1,2019,1,single,0.6931471805599453
123910,Sakura Fox Adventure,Adventure|Simulator,60.0,2,2019,3,multi,1.0986122886681098
123917,Heroes of Hellas Origins: Part One,Adventure|Indie|Puzzle,70.0,1,2019,1,single,0.6931471805599453
124031,Grindstone,Indie|Puzzle|Strategy,95.2589703674247,14,2019,1,single,2.70805020110221
124131,Little Big Workshop,Indie|Simulator|Strategy,69.69087312265783,11,2019,2,multi,2.4849066497880004
124180,Type Knight,Adventure|Indie,70.0,2,2019,2,multi,1.0986122886681098
124182,Yorg.io 3,Indie|Strategy,50.0,1,2019,1,single,0.6931471805599453
124194,Cockwork Industries Complete,Adventure|Indie|Point-and-click|Visual Novel,60.0,3,2019,1,single,1.3862943611198906
124228,Hang the Kings,Puzzle|Strategy,70.0,1,2019,2,multi,0.6931471805599453
124251,Moo Moo Move,Indie|Strategy,70.0,1,2019,1,single,0.6931471805599453
124286,Cthulhu Saves Christmas,Indie|Role-playing (RPG)|Turn-based strategy (TBS),80.0,4,2019,1,single,1.6094379124341003
124392,Last Day of Spring,Adventure|Indie|Visual Novel,68.0,6,2019,3,multi,1.9459101490553132
124396,Down in Bermuda,Adventure|Arcade|Indie|Point-and-click|Puzzle|Role-playing (RPG),68.990280768187,16,2019,1,single,2.833213344056216
124420,Nancy Drew: Midnight in Salem,Adventure|Point-and-click,59.79690878605912,7,2019,2,multi,2.0794415416798357
124926,NGU Idle,Adventure|Indie|Simulator,77.44384270697395,10,2019,1,single,2.3978952727983707
125021,The Jackbox Party Pack 6,Indie|Puzzle|Quiz/Trivia|Strategy,79.93978380615582,30,2019,8,multi,3.4339872044851463
125052,Routine Feat,Adventure|Indie|Simulator,50.55230043104845,5,2019,1,single,1.791759469228055
125068,Between Two Castles,Strategy,50.0,4,2019,1,single,1.6094379124341003
125070,Naboki,Indie|Puzzle,70.0,1,2019,3,multi,0.6931471805599453
125105,DemonCrawl,Adventure|Indie|Puzzle|Role-playing (RPG)|Strategy,80.0,1,2019,2,multi,0.6931471805599453
125110,Grimm's Hollow,Adventure|Indie|Role-playing (RPG),78.16975601798663,34,2019,1,single,3.5553480614894135
125111,Salting the Earth,Indie|Visual Novel,70.0,1,2019,1,single,0.6931471805599453
125113,Music Killer,Indie|Music,60.0,1,2019,1,single,0.6931471805599453
125117,Pagan Peak VR,Adventure|Indie,70.0,1,2019,1,single,0.6931471805599453
125208,Molek-Syntez,Indie|Puzzle|Simulator,80.0,4,2019,3,multi,1.6094379124341003
125254,Escape the Ayurok,Adventure|Indie,60.0,4,2019,1,single,1.6094379124341003
125275,No Players Online Classic,Adventure|Indie|Shooter|Simulator,65.53851538987271,6,2019,2,multi,1.9459101490553132
125286,The Stretchers,Puzzle,90.0,4,2019,1,single,1.6094379124341003
125294,They Came From a Communist Planet,Adventure|Indie|Simulator,70.0,4,2019,3,multi,1.6094379124341003
125340,ArcheAge: Unchained,Role-playing (RPG),50.0,2,2019,1,single,1.0986122886681098
125426,Internet Cafe Simulator,Adventure|Indie|Simulator,69.19484349966254,6,2019,2,multi,1.9459101490553132
125747,Story of a Gladiator,Arcade|Fighting|Hack and slash/Beat 'em up|Indie,70.0,3,2019,5,multi,1.3862943611198906
125889,Marble Marcher,Platform|Racing,80.61687062006806,5,2019,1,single,1.791759469228055
125930,AFK Arena,Role-playing (RPG),50.28583103254184,15,2019,1,single,2.772588722239781
126128,BatMUD,Adventure|Hack and slash/Beat 'em up|Indie|Role-playing (RPG),70.0,3,2019,2,multi,1.3862943611198906
126246,The Fog Knows Your Name,Adventure|Indie|Role-playing (RPG),70.0,2,2019,1,single,1.0986122886681098
126348,Inunaki Tunnel,Adventure|Indie|Puzzle|Simulator|Strategy,70.0,4,2019,1,single,1.6094379124341003
126373,Unitied,Indie|Puzzle|Strategy,70.0,1,2019,3,multi,0.6931471805599453
126394,Feria d'Arles,Adventure|Indie,70.0,1,2019,2,multi,0.6931471805599453
126420,Love Rhythm,Adventure|Indie|Music|Puzzle|Simulator|Visual Novel,60.0,1,2019,1,single,0.6931471805599453
126473,Five Nights at Freddy's AR: Special Delivery,Strategy,50.029796942855,5,2019,2,multi,1.791759469228055
126727,Cats are Liquid: A Better Place,Adventure|Indie|Platform,70.0,3,2019,1,single,1.3862943611198906
126741,Classic Sudoku,Indie|Puzzle|Strategy,70.0,1,2019,3,multi,0.6931471805599453
126757,Door in the Woods,Role-playing (RPG),60.0,2,2019,1,single,1.0986122886681098
126884,Creme de la Creme,Adventure|Indie|Role-playing (RPG),70.0,1,2019,5,multi,0.6931471805599453
126885,Unlock the King,Card & Board Game|Puzzle|Strategy,70.0,1,2019,2,multi,0.6931471805599453
126911,Neko-Nin ExHeart 3,Indie|Visual Novel,70.0,1,2019,1,single,0.6931471805599453
126924,Touhou Ibunseki: Ayaria Dawn - ReCreation,Card & Board Game|Indie|Simulator|Strategy,70.0,1,2019,1,single,0.6931471805599453
127002,Paunch,Indie|Role-playing (RPG)|Sport,48.10734951329529,7,2019,1,single,2.0794415416798357
127003,Suite 776,Adventure|Indie,80.0,2,2019,1,single,1.0986122886681098
127019,West Sweety,Adventure|Indie|Role-playing (RPG)|Simulator,60.0,1,2019,1,single,0.6931471805599453
127033,Apple Knight,Adventure|Indie|Platform|Role-playing (RPG),70.0,2,2019,1,single,1.0986122886681098
127088,Fight of Animals,Arcade|Fighting|Indie|Sport,80.0,1,2019,1,single,0.6931471805599453
127092,Pretty Angel,Indie|Role-playing (RPG)|Simulator,80.0,1,2019,1,single,0.6931471805599453
127156,Hand Simulator: Survival,Adventure|Indie|Role-playing (RPG)|Simulator,68.07567294754773,5,2019,1,single,1.791759469228055
127212,Sakura Gamer 2,Simulator,70.0,1,2019,3,multi,0.6931471805599453
127218,ZooKeeper Simulator,Simulator,70.0,1,2019,1,single,0.6931471805599453
127313,Coloring Game: Pixel,Indie,70.0,2,2019,1,single,1.0986122886681098
127409,The Good Time Garden,Adventure|Indie|Puzzle,62.89175841135919,12,2019,3,multi,2.5649493574615367
127573,Nasty Rogue,Adventure|Indie|Role-playing (RPG),70.0,1,2019,1,single,0.6931471805599453
127643,Lust Epidemic,Adventure|Puzzle|Role-playing (RPG)|Visual Novel,57.70033061288309,11,2019,4,multi,2.4849066497880004
127714,My Friend is a Raven,Adventure|Indie|Role-playing (RPG),64.1400894331172,9,2019,1,single,2.302585092994046
127767,Granny: Chapter Two,Adventure|Arcade|Indie,59.90350431691213,6,2019,2,multi,1.9459101490553132
127944,AI Shoujo,Simulator,60.0,7,2019,1,single,2.0794415416798357
127983,Outlanders,Indie|Simulator|Strategy,81.22892804157182,11,2019,1,single,2.4849066497880004
127985,LEGO Builder's Journey,Adventure|Indie|Puzzle,75.37249182035902,37,2019,2,multi,3.6375861597263857
129494,Fishy,Adventure|Indie,70.0,2,2019,2,multi,1.0986122886681098
129833,Zup! F,Indie,80.0,3,2019,1,single,1.3862943611198906
130292,Mr Bullet,Adventure|Arcade|Puzzle|Shooter|Turn-based strategy (TBS),69.94370938940284,5,2019,1,single,1.791759469228055
132185,Punishing: Gray Raven,Adventure|Hack and slash/Beat 'em up|Role-playing (RPG)|Visual Novel,83.32057858693022,33,2019,2,multi,3.5263605246161616
132542,The House of Da Vinci 2,Adventure|Indie|Point-and-click|Puzzle|Role-playing (RPG)|Simulator|Strategy,79.32440041528692,15,2019,1,single,2.772588722239781
132641,New Super Mario Land,Platform,79.96453680084615,5,2019,2,multi,1.791759469228055
132649,Obey Me!: One Master to Rule Them All,Role-playing (RPG)|Visual Novel,78.39895013123359,5,2019,2,multi,1.791759469228055
133261,Neversong,Adventure|Indie|Platform|Puzzle|Role-playing (RPG),67.53786721462268,13,2019,1,single,2.6390573296152584
133687,Mobile Legends: Adventure,Role-playing (RPG)|Strategy|Turn-based strategy (TBS),65.34180052297347,7,2019,2,multi,2.0794415416798357
134633,Sinisistar,Hack and slash/Beat 'em up,76.11894892953569,6,2019,1,single,1.9459101490553132
137688,Words on Stream,Quiz/Trivia,82.0,5,2019,1,single,1.791759469228055
139491,Infinitode 2: Infinite Tower Defense,Indie|Strategy|Tactical,74.48336252189142,5,2019,1,single,1.791759469228055
139858,Action Taimanin,Adventure|Hack and slash/Beat 'em up|Role-playing (RPG),71.81739792230468,25,2019,1,single,3.258096538021482
140325,Angel Legion,Adventure|Fighting|Role-playing (RPG)|Strategy|Tactical,46.66666666666667,6,2019,2,multi,1.9459101490553132
141645,Adventures With Anxiety!,Indie|Visual Novel,73.90688259109312,5,2019,1,single,1.791759469228055
145944,Shining Nikki,Role-playing (RPG)|Simulator,78.04300333448316,5,2019,2,multi,1.791759469228055
146764,The Imperial Gatekeeper,Adventure|Indie|Point-and-click|Puzzle|Role-playing (RPG),76.40449438202248,6,2019,1,single,1.9459101490553132
178278,Johnny Trigger,Adventure|Arcade|Fighting|Platform|Shooter,60.0,5,2019,3,multi,1.791759469228055
186277,Orc Hunt,Adventure,86.66666666666666,6,2019,1,single,1.9459101490553132
198477,Progressbar95,Arcade|Indie|Puzzle,74.28571428571429,7,2019,1,single,2.0794415416798357
205624,Dr. Doe's Chemistry Quiz,Quiz/Trivia,75.0314465408805,39,2019,1,single,3.6888794541139363
348499,Mafioso,Card & Board Game|Turn-based strategy (TBS),98.09350434422838,9,2019,1,single,2.302585092994046
1877,Cyberpunk 2077,Adventure|Role-playing (RPG)|Shooter,82.85048964395645,1600,2020,4,multi,7.3783837129967145
1905,Fortnite,Shooter|Simulator,70.98193916754863,999,2020,7,multi,6.907755278982137
7046,Factorio,Indie|Simulator|Strategy,85.80735067254551,305,2020,3,multi,5.723585101952381
9047,Besiege,Indie|Puzzle|Simulator|Strategy,79.03179439943186,76,2020,3,multi,4.343805421853684
9216,P.A.M.E.L.A.,Adventure|Indie|Role-playing (RPG),60.0,1,2020,1,single,0.6931471805599453
9495,Squad,Indie|Shooter|Simulator|Strategy|Tactical,82.00101269667046,91,2020,1,single,4.5217885770490405
9608,Mount & Blade II: Bannerlord,Adventure|Role-playing (RPG)|Simulator|Strategy|Tactical,78.82620071155577,156,2020,1,single,5.056245805348308
9632,From the Depths,Adventure|Indie|Role-playing (RPG)|Simulator|Strategy,92.18843969261611,10,2020,3,multi,2.3978952727983707
11155,Dreams,Adventure,89.58836734169664,34,2020,1,single,3.5553480614894135
13196,Tears of Avia,Role-playing (RPG)|Strategy|Tactical|Turn-based strategy (TBS),50.0,2,2020,3,multi,1.0986122886681098
18020,Visage,Adventure|Indie|Puzzle|Simulator,79.72533392800128,90,2020,3,multi,4.51085950651685
18148,Wolcen: Lords of Mayhem,Adventure|Hack and slash/Beat 'em up|Indie|Role-playing (RPG),51.99919691960518,36,2020,1,single,3.6109179126442243
18280,Them's Fightin' Herds,Arcade|Fighting|Indie,69.81483053623154,5,2020,1,single,1.791759469228055
19249,Empyrion: Galactic Survival,Adventure|Indie|Shooter|Simulator|Strategy,65.71630235908482,24,2020,1,single,3.2188758248682006
19548,Dual Universe,Role-playing (RPG)|Simulator,87.01076072354651,8,2020,1,single,2.1972245773362196
19728,Huntdown,Arcade|Indie|Platform|Shooter,85.57676896326682,34,2020,6,multi,3.5553480614894135
20122,Sometimes Always Monsters,Adventure|Indie|Role-playing (RPG)|Simulator,50.0,2,2020,1,single,1.0986122886681098
22384,Diabotical,Adventure|Shooter,44.88246379256193,7,2020,1,single,2.0794415416798357
22499,Moons of Madness,Adventure|Puzzle,73.44672155126418,22,2020,3,multi,3.1354942159291497
23873,Ikenfell,Adventure|Indie|Role-playing (RPG)|Turn-based strategy (TBS),77.45248118562816,18,2020,5,multi,2.9444389791664403
24863,Wasteland 3,Adventure|Role-playing (RPG)|Strategy|Tactical|Turn-based strategy (TBS),81.72390709007253,100,2020,5,multi,4.61512051684126
25229,Dwarrows,Adventure|Indie|Platform|Puzzle|Role-playing (RPG)|Simulator|Strategy,60.0,2,2020,3,multi,1.0986122886681098
25581,Iron Harvest,Real Time Strategy (RTS)|Sport|Strategy,71.33347117914654,23,2020,1,single,3.1780538303479458
25837,The Pedestrian,Adventure|Indie|Platform|Puzzle,77.39121475143821,61,2020,2,multi,4.127134385045092
26192,The Last of Us Part II,Adventure|Shooter,90.03540080326985,1748,2020,1,single,7.466799475018602
26268,Fae Tactics,Indie|Role-playing (RPG)|Strategy|Tactical|Turn-based strategy (TBS),73.65901485799115,7,2020,1,single,2.0794415416798357
26431,Enlisted,Shooter|Simulator,67.41456980674916,41,2020,1,single,3.7376696182833684
26673,Omori,Adventure|Indie|Role-playing (RPG),90.27414283988352,190,2020,2,multi,5.25227342804663
26870,Necrobarista,Adventure|Indie|Point-and-click|Visual Novel,69.8446376670841,9,2020,2,multi,2.302585092994046
26950,Marvel's Avengers,Adventure|Hack and slash/Beat 'em up|Role-playing (RPG),60.05949018527239,168,2020,5,multi,5.1298987149230735
27011,Serious Sam 4,Adventure|Indie|Shooter,65.51579880506216,57,2020,2,multi,4.060443010546419
27134,Deep Rock Galactic,Adventure|Indie|Shooter,80.57013417991712,261,2020,2,multi,5.568344503761097
27147,Pacer,Indie|Racing|Simulator|Sport,60.10068991236248,6,2020,3,multi,1.9459101490553132
27448,SuperHot: Mind Control Delete,Indie|Puzzle|Shooter,76.51206881301513,98,2020,5,multi,4.59511985013459
27686,SimAirport,Indie|Simulator|Strategy,60.0,4,2020,3,multi,1.6094379124341003
27716,Panzer Corps 2,Strategy|Turn-based strategy (TBS),60.0,3,2020,1,single,1.3862943611198906
27741,Darwin Project,Indie,66.49997259113691,25,2020,3,multi,3.258096538021482
28164,Holdfast: Nations At War,Indie|Role-playing (RPG)|Shooter|Simulator|Strategy,71.2669607073369,7,2020,1,single,2.0794415416798357
28512,Risk of Rain 2,Adventure|Indie|Shooter,83.71731093188963,266,2020,1,single,5.58724865840025
28528,Röki,Adventure|Indie|Platform|Point-and-click|Puzzle,71.54848540581231,26,2020,2,multi,3.295836866004329
28770,StarCrossed,Arcade|Indie|Shooter,70.0,2,2020,3,multi,1.0986122886681098
29047,Fort Triumph,Indie|Role-playing (RPG)|Strategy|Tactical|Turn-based strategy (TBS),70.20058436459183,12,2020,3,multi,2.5649493574615367
29511,Double Kick Heroes,Arcade|Fighting|Indie|Music|Shooter,67.0575137603283,8,2020,4,multi,2.1972245773362196
30408,Witch It,Indie|Shooter,69.83916101685176,24,2020,1,single,3.2188758248682006
31515,Another Brick in the Mall,Indie|Simulator|Strategy,63.08490073894039,13,2020,1,single,2.6390573296152584
32024,MiniLaw: Ministry of Law,Indie|Platform|Shooter|Tactical,70.0,1,2020,1,single,0.6931471805599453
33813,Wildfire,Adventure|Indie|Platform|Puzzle|Role-playing (RPG)|Strategy,74.36173179852484,8,2020,1,single,2.1972245773362196
34300,Unfortunate Spacemen,Indie|Shooter|Strategy,62.80898876404494,8,2020,1,single,2.1972245773362196
35130,Chronicon,Adventure|Indie|Role-playing (RPG),66.67704271344479,8,2020,1,single,2.1972245773362196
35254,Nekopara Vol. 4,Adventure|Indie|Role-playing (RPG)|Simulator|Visual Novel,70.22544186605748,6,2020,3,multi,1.9459101490553132
36476,Hellpoint,Adventure|Indie|Role-playing (RPG),68.97592819683388,15,2020,6,multi,2.772588722239781
36550,Yakuza: Like a Dragon,Adventure|Role-playing (RPG),83.97951019179409,174,2020,1,single,5.1647859739235145
36595,Sakuna: Of Rice and Ruin,Adventure|Hack and slash/Beat 'em up|Indie|Platform|Role-playing (RPG)|Simulator,89.7179882752237,14,2020,3,multi,2.70805020110221
36623,Stormworks: Build and Rescue,Simulator|Strategy,70.80376702242218,11,2020,2,multi,2.4849066497880004
36850,VirtuaVerse,Adventure|Indie|Point-and-click|Puzzle,64.14561960279995,12,2020,3,multi,2.5649493574615367
37001,Ori and the Will of the Wisps,Adventure|Platform,87.13763062844201,568,2020,2,multi,6.343880434126331
37057,Griftlands,Card & Board Game|Indie|Role-playing (RPG)|Strategy|Turn-based strategy (TBS),76.0503767293424,40,2020,1,single,3.713572066704308
37146,Unto the End,Adventure|Indie|Platform|Strategy,69.52439373054743,9,2020,6,multi,2.302585092994046
39758,Hypercharge: Unboxed,Adventure|Indie|Platform|Shooter|Strategy,57.12919631895531,8,2020,1,single,2.1972245773362196
43115,Tank Mechanic Simulator,Adventure|Indie|Simulator,71.0127800839937,6,2020,2,multi,1.9459101490553132
44129,Super Meat Boy Forever,Adventure|Indie|Platform|Puzzle,76.447671775982,24,2020,2,multi,3.2188758248682006
46800,Maneater,Adventure|Indie|Role-playing (RPG),72.91920640892374,102,2020,3,multi,4.634728988229636
52006,Noita,Adventure|Arcade|Indie|Role-playing (RPG)|Shooter|Simulator,78.43948019875653,99,2020,1,single,4.605170185988092
55068,Little Orpheus,Adventure|Platform|Puzzle,66.44287777254654,9,2020,2,multi,2.302585092994046
56463,Luna: The Shadow Dust,Adventure|Indie|Music|Point-and-click|Puzzle|Role-playing (RPG),76.84117525609499,11,2020,3,multi,2.4849066497880004
56859,Project Wingman,Arcade|Indie|Simulator,83.36293204018702,17,2020,2,multi,2.8903717578961645
56914,Beautiful Desolation,Adventure|Indie|Platform|Puzzle|Role-playing (RPG)|Strategy,75.57545641318372,12,2020,3,multi,2.5649493574615367
57834,The Shattering,Adventure|Indie|Role-playing (RPG),50.80808674021745,6,2020,1,single,1.9459101490553132
62383,Lenna's Inception,Adventure|Indie|Role-playing (RPG),78.04411953315378,5,2020,3,multi,1.791759469228055
62700,Treachery in Beatdown City,Adventure|Fighting|Hack and slash/Beat 'em up|Indie|Role-playing (RPG)|Strategy,70.0,1,2020,2,multi,0.6931471805599453
68277,Bug Academy,Adventure|Arcade|Indie|Platform|Puzzle|Simulator,70.0,1,2020,1,single,0.6931471805599453
69481,Dunk Lords,Arcade|Fighting|Indie|Sport,70.0,3,2020,1,single,1.3862943611198906
70828,Raji: An Ancient Epic,Adventure|Indie|Platform|Puzzle,66.88463433195851,35,2020,1,single,3.58351893845611
74330,Elderborn,Hack and slash/Beat 'em up|Indie,60.38236075893577,9,2020,1,single,2.302585092994046
74787,The Almost Gone,Adventure|Indie|Point-and-click|Puzzle|Simulator,59.09676107779903,11,2020,1,single,2.4849066497880004
75140,Kards: The WWII Card Game,Card & Board Game|Indie|Strategy|Turn-based strategy (TBS),62.86617787836494,14,2020,1,single,2.70805020110221
75235,Ghost of Tsushima,Adventure|Hack and slash/Beat 'em up|Role-playing (RPG),88.42566163448909,1092,2020,1,single,6.996681488176539
75239,Spelunky 2,Adventure|Indie|Platform,77.4451668452019,57,2020,2,multi,4.060443010546419
75431,Ciel Fledge,Adventure|Indie|Role-playing (RPG)|Simulator|Strategy,60.0,1,2020,3,multi,0.6931471805599453
76037,Hellbound,Indie,45.00126556194245,7,2020,1,single,2.0794415416798357
76256,Slasher's Keep,Indie|Role-playing (RPG),71.38446242100245,5,2020,1,single,1.791759469228055
76954,Atomicrops,Adventure|Indie|Shooter|Simulator|Strategy,62.48273858183652,14,2020,4,multi,2.70805020110221
77752,Creeper World 4,Indie|Real Time Strategy (RTS)|Simulator|Strategy,79.809501299164,9,2020,1,single,2.302585092994046
80002,Troubleshooter: Abandoned Children,Indie|Role-playing (RPG)|Strategy|Turn-based strategy (TBS),92.07918270983171,9,2020,3,multi,2.302585092994046
81941,Golf Extreme,Adventure|Indie|Simulator|Sport,70.0,1,2020,1,single,0.6931471805599453
83567,Kofi Quest: Alpha MOD,Adventure|Indie|Role-playing (RPG)|Strategy,70.0,1,2020,1,single,0.6931471805599453
83708,Memories of Mars,Adventure|Shooter,50.0,1,2020,3,multi,0.6931471805599453
83848,Those Who Remain,Adventure|Indie,50.70400726968279,11,2020,4,multi,2.4849066497880004
86504,In Other Waters,Adventure|Indie|Puzzle|Simulator,69.46561859788329,19,2020,3,multi,2.995732273553991
86609,WarriOrb,Adventure|Indie|Platform|Role-playing (RPG),70.0,1,2020,2,multi,0.6931471805599453
87679,Spinch,Adventure|Arcade|Indie|Platform,70.0,4,2020,3,multi,1.6094379124341003
87935,Slap City,Fighting|Indie|Platform,70.0,3,2020,1,single,1.3862943611198906
88367,Checkers,Sport,30.0,1,2020,1,single,0.6931471805599453
88647,Subway Train Simulator 2D,Indie|Racing|Simulator,90.0,1,2020,1,single,0.6931471805599453
89378,Itta,Adventure|Indie|Shooter,68.30301873586967,10,2020,2,multi,2.3978952727983707
89594,Monster Sanctuary,Adventure|Indie|Platform|Role-playing (RPG)|Strategy|Turn-based strategy (TBS),81.01143296171057,42,2020,6,multi,3.7612001156935624
89738,Solitaire 3D,Card & Board Game|Indie,90.0,1,2020,3,multi,0.6931471805599453
90055,Carrion,Adventure|Indie|Platform,75.91164910242139,189,2020,5,multi,5.247024072160486
90277,Alder's Blood,Adventure|Indie|Role-playing (RPG)|Strategy|Tactical|Turn-based strategy (TBS),50.0,1,2020,1,single,0.6931471805599453
90825,Perky Little Things,Adventure|Indie|Puzzle,70.0,3,2020,3,multi,1.3862943611198906
93694,Iratus: Lord of the Dead,Indie|Role-playing (RPG)|Strategy|Turn-based strategy (TBS),69.85319040178,23,2020,3,multi,3.1780538303479458
93804,Mythic Ocean,Adventure|Indie|Visual Novel,70.0,4,2020,1,single,1.6094379124341003
94078,9 Monkeys of Shaolin,Adventure|Arcade|Fighting|Hack and slash/Beat 'em up|Indie|Role-playing (RPG),64.65556064812438,14,2020,7,multi,2.70805020110221
94816,Star Renegades,Indie|Role-playing (RPG)|Strategy|Turn-based strategy (TBS),83.49022141003681,14,2020,1,single,2.70805020110221
96859,Overcrowd: A Commute 'Em Up,Indie|Simulator|Strategy,80.0,3,2020,1,single,1.3862943611198906
97114,Roundguard,Arcade|Indie|Pinball|Puzzle|Role-playing (RPG)|Simulator|Strategy,80.0,4,2020,6,multi,1.6094379124341003
97907,Accident,Indie|Simulator,80.0,1,2020,1,single,0.6931471805599453
98379,Meteorfall: Krumit's Tale,Card & Board Game|Indie|Puzzle|Role-playing (RPG)|Strategy,66.36363636363637,5,2020,2,multi,1.791759469228055
98469,Hylics 2,Adventure|Indie|Platform|Role-playing (RPG)|Turn-based strategy (TBS),81.5876366785753,13,2020,2,multi,2.6390573296152584
100157,Morkredd,Indie|Puzzle,70.44917479484101,8,2020,3,multi,2.1972245773362196
100387,Hyper Scape,Shooter,56.57021384640711,34,2020,3,multi,3.5553480614894135
100413,Watch Dogs: Legion,Adventure|Role-playing (RPG)|Shooter,66.66447267808576,157,2020,6,multi,5.062595033026967
101065,Iron Danger,Adventure|Indie|Role-playing (RPG)|Strategy|Tactical,80.0,4,2020,2,multi,1.6094379124341003
101183,Mars Horizon,Indie|Simulator|Strategy,80.01989554837107,6,2020,4,multi,1.9459101490553132
101220,Giraffe and Annika,Adventure|Indie,70.0,2,2020,1,single,1.0986122886681098
101448,Carto,Adventure|Indie|Puzzle|Role-playing (RPG),80.88684562526137,38,2020,5,multi,3.6635616461296463
102807,Wunderling,Adventure|Indie|Platform|Puzzle,70.0,1,2020,4,multi,0.6931471805599453
102890,Someday You'll Return,Adventure|Indie,69.87641874898085,11,2020,1,single,2.4849066497880004
102937,Playne,Adventure|Indie|Simulator,80.7865168539326,5,2020,1,single,1.791759469228055
103266,Twin Mirror,Adventure,71.26621908922361,54,2020,3,multi,4.007333185232471
103289,Battletoads,Adventure|Fighting|Hack and slash/Beat 'em up|Platform,67.084847157439,34,2020,2,multi,3.5553480614894135
103291,Gears Tactics,Strategy|Tactical|Turn-based strategy (TBS),74.01780082826727,63,2020,1,single,4.1588830833596715
103298,Doom Eternal,Shooter,84.80045186429885,749,2020,4,multi,6.620073206530356
103303,The Elder Scrolls: Blades,Adventure|Role-playing (RPG),49.57421526401867,69,2020,3,multi,4.248495242049359
103330,Nioh 2,Adventure|Hack and slash/Beat 'em up|Role-playing (RPG),81.68435349935216,60,2020,1,single,4.110873864173311
103346,Ninjala,Fighting,57.14328886589007,10,2020,1,single,2.3978952727983707
103373,Beyond Blue,Adventure|Indie|Simulator,54.74094047058989,24,2020,1,single,3.2188758248682006
103408,One Hand Clapping,Adventure|Indie|Music|Platform|Puzzle|Strategy,66.40449438202248,5,2020,1,single,1.791759469228055
104679,Maiden & Spell,Arcade|Fighting|Indie|Shooter,80.0,3,2020,1,single,1.3862943611198906
104682,A Fold Apart,Adventure|Indie|Platform|Puzzle,70.0,2,2020,4,multi,1.0986122886681098
105029,Darksburg,Indie,69.89335109102876,5,2020,1,single,1.791759469228055
105254,Codenames,Card & Board Game|Indie,60.53345879647318,5,2020,1,single,1.791759469228055
105416,The Walking Dead: Saints & Sinners,Adventure|Indie|Role-playing (RPG)|Shooter|Simulator|Strategy,67.96747225590275,19,2020,3,multi,2.995732273553991
105643,The Witch & the 66 Mushrooms,Adventure|Arcade|Indie|Platform,70.0,2,2020,1,single,1.0986122886681098
105680,Phogs!,Adventure|Indie|Platform|Puzzle,70.00000000000001,7,2020,5,multi,2.0794415416798357
106822,Bloodroots,Adventure|Arcade|Indie|Platform,77.00132863536696,14,2020,2,multi,2.70805020110221
106847,Coffee Talk,Adventure|Indie|Simulator|Visual Novel,71.84802684304326,84,2020,5,multi,4.442651256490317
106985,The Procession to Calvary,Adventure|Indie|Point-and-click,72.68819741826329,20,2020,3,multi,3.044522437723423
106987,Torchlight III,Adventure|Indie|Role-playing (RPG),49.68489788757739,59,2020,1,single,4.0943445622221
107140,Othercide,Adventure|Indie|Role-playing (RPG)|Strategy|Tactical|Turn-based strategy (TBS),78.2158804880365,12,2020,3,multi,2.5649493574615367
107172,Through the Darkest of Times,Adventure|Indie|Role-playing (RPG)|Simulator|Strategy,66.85395811230806,10,2020,2,multi,2.3978952727983707
107175,Broken Lines,Role-playing (RPG)|Strategy|Tactical|Turn-based strategy (TBS),66.96049312621868,5,2020,4,multi,1.791759469228055
107198,UnderMine,Adventure|Indie|Role-playing (RPG),66.69328328382399,32,2020,4,multi,3.4965075614664802
107215,SnowRunner,Adventure|Arcade|Racing|Simulator,74.72511481960285,75,2020,2,multi,4.330733340286331
107218,Desperados III,Real Time Strategy (RTS)|Simulator|Strategy|Tactical,84.99029764581499,102,2020,5,multi,4.634728988229636
107247,Drawkanoid,Indie,70.0,1,2020,1,single,0.6931471805599453
107262,Streets of Rage 4,Adventure|Arcade|Fighting|Hack and slash/Beat 'em up|Indie,80.16391657237475,200,2020,6,multi,5.303304908059076
107318,Rebel Galaxy Outlaw,Adventure|Indie|Role-playing (RPG)|Shooter,61.66524700915031,15,2020,4,multi,2.772588722239781
107599,Super Crush KO,Arcade|Fighting|Hack and slash/Beat 'em up|Indie|Platform,70.0,1,2020,2,multi,0.6931471805599453
107806,Cat Warfare,Indie|Strategy,70.0,2,2020,3,multi,1.0986122886681098
107841,Roman's Christmas: A Furry Detective Game,Adventure|Indie|Role-playing (RPG)|Simulator|Strategy,70.0,1,2020,2,multi,0.6931471805599453
107908,Chef: A Restaurant Tycoon Game,Simulator,60.0,2,2020,1,single,1.0986122886681098
107927,The Longing,Adventure|Indie|Puzzle|Role-playing (RPG)|Simulator,64.79432300069962,23,2020,3,multi,3.1780538303479458
107964,Zniw Adventure,Adventure|Indie|Point-and-click,70.0,1,2020,3,multi,0.6931471805599453
108231,Lawless Lands,Adventure|Indie|Role-playing (RPG)|Strategy,70.0,1,2020,1,single,0.6931471805599453
108303,Take That,Adventure|Indie,50.0,1,2020,2,multi,0.6931471805599453
108347,Train Station Renovation,Adventure|Indie|Simulator,69.88778116727131,9,2020,1,single,2.302585092994046
108559,Bless Unleashed,Role-playing (RPG),30.48774434717373,8,2020,1,single,2.1972245773362196
108626,Mysteria ~Occult Shadows~,Adventure|Hack and slash/Beat 'em up|Indie,70.0,1,2020,1,single,0.6931471805599453
108781,Stilt Fella,Arcade|Indie|Platform|Simulator|Sport,80.0,3,2020,1,single,1.3862943611198906
109339,Change: A Homeless Survival Experience,Adventure|Indie|Role-playing (RPG)|Simulator|Strategy,41.71460131473758,19,2020,1,single,2.995732273553991
109462,Animal Crossing: New Horizons,Simulator,82.393767478425,493,2020,1,single,6.202535517187923
109483,Democracy 4,Indie|Simulator|Strategy,68.42615798807628,24,2020,3,multi,3.2188758248682006
109601,Summer in Mara,Adventure|Indie|Role-playing (RPG)|Simulator|Visual Novel,40.55187730855948,10,2020,2,multi,2.3978952727983707
109633,Ministry of Broadcast,Adventure|Indie|Platform|Puzzle,70.73834259934023,8,2020,2,multi,2.1972245773362196
109734,Royal Alchemist,Role-playing (RPG)|Simulator|Strategy|Visual Novel,70.0,1,2020,3,multi,0.6931471805599453
109742,Relicta,Adventure|Indie|Puzzle,60.71714611679504,17,2020,5,multi,2.8903717578961645
109774,Grand Guilds,Adventure|Card & Board Game|Indie|Role-playing (RPG)|Strategy|Turn-based strategy (TBS),50.0,1,2020,2,multi,0.6931471805599453
110164,DreadOut 2,Adventure|Indie,50.2120215942335,6,2020,1,single,1.9459101490553132
110461,The Uncertain: Light at the End,Adventure|Indie|Puzzle,52.94002989178021,6,2020,1,single,1.9459101490553132
110474,Minecraft Dungeons,Adventure|Hack and slash/Beat 'em up|Role-playing (RPG),68.16478615222883,148,2020,4,multi,5.003946305945459
110581,World's End Club,Adventure|Platform|Role-playing (RPG),69.99608308985435,6,2020,1,single,1.9459101490553132
110586,Lost Words: Beyond the Page,Adventure|Indie|Platform|Puzzle,61.10936382130496,11,2020,1,single,2.4849066497880004
110834,Creaks,Adventure|Indie|Platform|Point-and-click|Puzzle,76.54473701411945,51,2020,6,multi,3.9512437185814275
110879,Starport Delta,Indie|Real Time Strategy (RTS)|Simulator|Strategy,60.0,3,2020,1,single,1.3862943611198906
110905,Demonheart: Hunters,Adventure|Role-playing (RPG),70.0,1,2020,1,single,0.6931471805599453
111103,The Hand of Glory,Adventure|Indie|Point-and-click|Puzzle,70.0,2,2020,1,single,1.0986122886681098
111351,Speaking Simulator,Arcade|Indie|Simulator,70.0,4,2020,3,multi,1.6094379124341003
111529,Boomerang Fu,Arcade|Fighting|Indie,72.60667946648175,19,2020,3,multi,2.995732273553991
111544,Maid of Sker,Adventure|Indie,73.61384990930856,26,2020,3,multi,3.295836866004329
111717,One Step From Eden,Adventure|Indie|Real Time Strategy (RTS)|Role-playing (RPG)|Shooter|Strategy,64.21090314240331,18,2020,4,multi,2.9444389791664403
111772,Out of Space,Indie|Strategy,60.0,4,2020,1,single,1.6094379124341003
111837,Cloudpunk,Adventure|Indie|Role-playing (RPG)|Simulator,71.25198382242912,63,2020,1,single,4.1588830833596715
111842,Ancient Enemy,Adventure|Card & Board Game|Indie|Role-playing (RPG)|Strategy|Turn-based strategy (TBS),52.104983778834,14,2020,1,single,2.70805020110221
111965,Legend of Keepers,Adventure|Indie|Role-playing (RPG)|Simulator|Strategy,61.875195649705,11,2020,3,multi,2.4849066497880004
112638,Jets'n'Guns 2,Arcade|Indie|Shooter,89.79662625973376,7,2020,1,single,2.0794415416798357
112783,The Blind Prophet,Adventure|Indie|Point-and-click|Puzzle|Role-playing (RPG)|Strategy|Visual Novel,77.1508548003033,6,2020,1,single,1.9459101490553132
112857,Fates of Ort,Adventure|Indie|Role-playing (RPG)|Turn-based strategy (TBS),70.0,2,2020,3,multi,1.0986122886681098
112870,Spellbreak,Adventure|Role-playing (RPG)|Shooter,68.78814353456973,46,2020,4,multi,3.8501476017100584
113108,Journey to the Savage Planet,Adventure|Shooter,73.48138031064218,68,2020,2,multi,4.23410650459726
113112,Hades,Adventure|Hack and slash/Beat 'em up|Indie|Role-playing (RPG),89.45457968041916,1723,2020,3,multi,7.452402451223638
113115,The Last Campfire,Adventure|Indie|Puzzle|Role-playing (RPG),79.10352338706879,57,2020,6,multi,4.060443010546419
113118,The Pathless,Adventure|Indie|Role-playing (RPG),78.71538284400472,45,2020,5,multi,3.828641396489095
113150,Lightmatter,Adventure|Indie|Puzzle,66.99873793229163,11,2020,3,multi,2.4849066497880004
113378,Granblue Fantasy: Versus,Fighting|Role-playing (RPG),77.2576118175611,21,2020,1,single,3.091042453358316
113689,Crown Trick,Adventure|Indie|Role-playing (RPG)|Strategy|Turn-based strategy (TBS),74.91072266924526,12,2020,2,multi,2.5649493574615367
113797,DCL: The Game,Adventure|Racing|Simulator|Sport,50.0,3,2020,3,multi,1.3862943611198906
113836,Jet Lancer,Arcade|Indie|Shooter|Visual Novel,80.0,2,2020,3,multi,1.0986122886681098
113866,Moving Out,Adventure|Indie|Simulator|Strategy,72.03254101799708,53,2020,4,multi,3.9889840465642745
113957,Astellia,Role-playing (RPG),50.0,1,2020,1,single,0.6931471805599453
114009,Dragon Ball Z: Kakarot,Adventure|Hack and slash/Beat 'em up|Role-playing (RPG),71.71219803971881,96,2020,3,multi,4.574710978503383
114058,Totally Reliable Delivery Service,Adventure|Indie|Racing|Simulator,55.32168331480617,33,2020,6,multi,3.5263605246161616
114074,Colt Canyon,Adventure|Arcade|Indie|Role-playing (RPG)|Shooter,60.03010582800661,10,2020,4,multi,2.3978952727983707
114094,Kunai,Adventure|Indie|Platform,67.17513546672122,7,2020,2,multi,2.0794415416798357
114437,Barn Finders,Adventure|Indie|Simulator,59.60299673274406,8,2020,1,single,2.1972245773362196
114485,Vigil: The Longest Night,Adventure|Indie|Platform|Role-playing (RPG),63.83407823055057,12,2020,2,multi,2.5649493574615367
114783,No Straight Roads,Adventure|Hack and slash/Beat 'em up|Music|Role-playing (RPG),63.56991065493059,14,2020,4,multi,2.70805020110221
114830,Drug Dealer Simulator,Adventure|Indie|Role-playing (RPG)|Simulator|Strategy,73.12090548962524,10,2020,1,single,2.3978952727983707
115036,Ring of Pain,Adventure|Card & Board Game|Indie|Role-playing (RPG)|Strategy,53.38104283155894,20,2020,3,multi,3.044522437723423
115062,Into the Radius,Indie|Shooter,86.10523177820838,10,2020,2,multi,2.3978952727983707
115270,112 Operator,Indie|Puzzle|Simulator|Strategy,71.5086044931692,18,2020,2,multi,2.9444389791664403
115309,Suzerain,Adventure|Indie|Role-playing (RPG)|Simulator|Strategy,80.10211526385166,27,2020,3,multi,3.332204510175204
115421,Littlewood,Adventure|Indie|Role-playing (RPG)|Simulator,65.25716201957843,24,2020,3,multi,3.2188758248682006
115427,Haven,Adventure|Indie|Role-playing (RPG),70.88146693995004,39,2020,4,multi,3.6888794541139363
115473,Airborne Kingdom,Adventure|Indie|Role-playing (RPG)|Simulator|Strategy,69.99628397927229,12,2020,2,multi,2.5649493574615367
115478,Until You Fall,Adventure|Fighting|Indie|Strategy,70.14183269191639,10,2020,7,multi,2.3978952727983707
115552,The Morrigan,Adventure|Indie|Role-playing (RPG),70.0,1,2020,1,single,0.6931471805599453
115624,Struggling,Adventure|Indie|Platform|Puzzle|Strategy,69.89425118324161,5,2020,2,multi,1.791759469228055
115657,Metamorphosis,Adventure|Indie|Platform|Puzzle,71.99244211676634,11,2020,4,multi,2.4849066497880004
115899,ScourgeBringer,Adventure|Arcade|Fighting|Indie|Platform|Shooter,69.94404893396074,19,2020,5,multi,2.995732273553991
116001,Half Past Fate,Adventure|Indie|Puzzle|Role-playing (RPG)|Simulator,70.0,3,2020,3,multi,1.3862943611198906
116021,Dungeon Defenders: Awakened,Adventure|Indie|Role-playing (RPG)|Strategy,57.03873862086865,5,2020,1,single,1.791759469228055
116055,Drafting Tales,Indie|Simulator|Strategy,70.0,1,2020,3,multi,0.6931471805599453
116100,Neon Abyss,Adventure|Indie|Platform|Role-playing (RPG)|Shooter,71.60916018932512,39,2020,4,multi,3.6888794541139363
116166,Dreamscaper,Adventure|Indie|Role-playing (RPG)|Shooter|Simulator,74.74999271666309,13,2020,1,single,2.6390573296152584
116184,Survive the Blackout,Adventure|Indie|Role-playing (RPG)|Simulator|Strategy,50.0,1,2020,1,single,0.6931471805599453
116585,Marvel's Iron Man VR,Adventure|Shooter,69.9698431845597,6,2020,1,single,1.9459101490553132
116589,Shantae and the Seven Sirens,Adventure|Platform,76.32964534178006,29,2020,1,single,3.4011973816621555
116634,Beyond a Steel Sky,Adventure|Indie|Puzzle,69.0888339501724,24,2020,4,multi,3.2188758248682006
116684,Warlander,Adventure|Role-playing (RPG),40.0,1,2020,1,single,0.6931471805599453
116705,Liberated,Adventure|Indie|Platform|Role-playing (RPG)|Visual Novel,69.16985227310217,7,2020,1,single,2.0794415416798357
116805,Sword Art Online: Alicization Lycoris,Adventure|Role-playing (RPG),51.65562913907284,5,2020,3,multi,1.791759469228055
117054,Crumble,Adventure|Indie|Platform|Racing,70.13232023151497,5,2020,3,multi,1.791759469228055
117058,Lair of the Clockwork God,Adventure|Indie|Platform|Point-and-click,80.0,3,2020,1,single,1.3862943611198906
117309,Remothered: Broken Porcelain,Adventure,64.97470052243267,11,2020,4,multi,2.4849066497880004
117364,Under the Sand,Adventure|Indie|Racing|Simulator,70.0,3,2020,1,single,1.3862943611198906
117497,Partisans 1941,Indie|Strategy|Tactical,67.83046523578075,9,2020,1,single,2.302585092994046
117565,Dark Bestiary,Indie|Role-playing (RPG),68.13918878470844,6,2020,1,single,1.9459101490553132
117591,Escape Until Friday,Indie,70.0,1,2020,1,single,0.6931471805599453
117731,Persona 5 Strikers,Adventure|Hack and slash/Beat 'em up|Role-playing (RPG),79.45560190032258,79,2020,2,multi,4.382026634673881
117743,Warhammer Underworlds: Online,Strategy|Turn-based strategy (TBS),50.0,3,2020,1,single,1.3862943611198906
117776,Disney Twisted-Wonderland,Role-playing (RPG),86.34577603143418,7,2020,2,multi,2.0794415416798357
118101,Spirits Abyss,Indie|Platform,70.0,1,2020,1,single,0.6931471805599453
118122,Red Bow,Adventure|Indie|Role-playing (RPG),49.11136792508322,5,2020,5,multi,1.791759469228055
118272,Predator: Hunting Grounds,Shooter,36.98533359640181,14,2020,2,multi,2.70805020110221
118328,They Came From the Sky,Arcade|Indie,70.0,1,2020,2,multi,0.6931471805599453
118415,Liz: The Tower and the Grimoire,Indie|Role-playing (RPG),50.0,1,2020,1,single,0.6931471805599453
118521,Transport INC,Indie|Simulator|Strategy,60.0,1,2020,2,multi,0.6931471805599453
118565,Rocket Arena,Shooter|Sport,59.35235070136063,8,2020,3,multi,2.1972245773362196
118607,Art of Rally,Arcade|Indie|Racing|Simulator|Sport,81.17462836762827,38,2020,3,multi,3.6635616461296463
118668,Dark Nights with Poe and Munro,Adventure|Arcade|Indie,65.20499108734403,8,2020,1,single,2.1972245773362196
118671,Follia: Dear Father,Adventure|Indie,50.0,2,2020,1,single,1.0986122886681098
118984,"Yes, Master!",Adventure|Indie,49.9123893504283,7,2020,3,multi,2.0794415416798357
119163,Transient,Adventure|Indie,45.6406009700698,6,2020,3,multi,1.9459101490553132
119178,The Complex,Adventure,66.11362536014265,17,2020,5,multi,2.8903717578961645
119234,Zombie Army 4: Dead War,Arcade|Shooter,65.31965950723978,38,2020,3,multi,3.6635616461296463
119260,Bleeding Edge,Fighting,53.61219121868722,14,2020,2,multi,2.70805020110221
119277,Genshin Impact,Adventure|Role-playing (RPG),78.90988253365951,662,2020,4,multi,6.4967749901858625
119295,Microsoft Flight Simulator,Simulator,91.49830119258888,111,2020,1,single,4.718498871295094
119304,Spiritfarer,Adventure|Indie|Platform|Simulator,85.23357934146331,137,2020,7,multi,4.927253685157205
119313,Fall Guys,Indie|Platform|Racing,73.56713248269449,563,2020,2,multi,6.335054251498059
119323,Chicken Police,Adventure|Indie|Point-and-click|Puzzle|Visual Novel,87.7982008861069,18,2020,5,multi,2.9444389791664403
119324,When the Past Was Around,Adventure|Indie|Music|Point-and-click|Puzzle,67.62847036141112,31,2020,2,multi,3.4657359027997265
119336,Pixel Ripped 1995,Adventure|Arcade|Indie,70.0,1,2020,5,multi,0.6931471805599453
119347,Per Aspera,Indie|Simulator|Strategy,77.09043068827032,5,2020,1,single,1.791759469228055
119357,Immortals Fenyx Rising,Adventure|Puzzle|Role-playing (RPG),73.87251947695,144,2020,7,multi,4.976733742420574
119359,Lucifer Within Us,Indie|Point-and-click|Puzzle|Simulator|Strategy,77.64516499942509,6,2020,2,multi,1.9459101490553132
119384,The Dark Crystal: Age of Resistance Tactics,Role-playing (RPG)|Strategy|Tactical|Turn-based strategy (TBS),70.0,2,2020,5,multi,1.0986122886681098
119386,Empire of Sin,Adventure|Role-playing (RPG)|Strategy|Tactical,65.33746512688569,19,2020,5,multi,2.995732273553991
119536,HyperDot,Arcade|Indie|Puzzle,66.7848662650366,5,2020,4,multi,1.791759469228055
119763,Mortal Glory,Adventure|Indie|Role-playing (RPG)|Simulator|Strategy|Turn-based strategy (TBS),70.0,3,2020,1,single,1.3862943611198906
119811,Automobilista 2,Racing|Simulator|Sport,86.76175382989962,5,2020,1,single,1.791759469228055
119980,GemCraft: Frostborn Wrath,Indie|Strategy,60.0,2,2020,1,single,1.0986122886681098
120069,Heaven Dust,Adventure|Indie|Puzzle|Role-playing (RPG)|Shooter,79.87981965436884,6,2020,2,multi,1.9459101490553132
120084,Football School,Indie|Simulator|Strategy,70.0,1,2020,1,single,0.6931471805599453
120170,Solasta: Crown of the Magister,Adventure|Role-playing (RPG)|Strategy|Tactical|Turn-based strategy (TBS),73.0580696525325,22,2020,1,single,3.1354942159291497
120175,One Punch Man: A Hero Nobody Knows,Fighting|Hack and slash/Beat 'em up,30.13298908187375,6,2020,3,multi,1.9459101490553132
120278,Hatsune Miku: Project Diva Mega Mix,Arcade|Music,82.07550713605067,9,2020,1,single,2.302585092994046
120407,Evan's Remains,Adventure|Indie|Platform|Puzzle|Visual Novel,69.11220713853919,17,2020,5,multi,2.8903717578961645
120436,One Piece: Pirate Warriors 4,Adventure|Hack and slash/Beat 'em up,83.18729802174119,29,2020,4,multi,3.4011973816621555
120480,Ethereal Enigma,Adventure|Indie|Role-playing (RPG)|Simulator|Visual Novel,70.0,2,2020,3,multi,1.0986122886681098
120552,The White Door,Adventure|Indie|Puzzle|Visual Novel,71.66029741408579,39,2020,4,multi,3.6888794541139363
120625,Disintegration,Adventure|Shooter|Strategy,66.35741003057637,10,2020,3,multi,2.3978952727983707
120649,Scribble It!,Indie,79.67407263186504,6,2020,3,multi,1.9459101490553132
120654,The Dungeon of Naheulbeuk: The Amulet of Chaos,Adventure|Indie|Role-playing (RPG)|Strategy|Tactical|Turn-based strategy (TBS),80.01978954963855,26,2020,2,multi,3.295836866004329
120868,Hayfever,Adventure|Indie|Platform|Puzzle,70.0,2,2020,4,multi,1.0986122886681098
120878,Before We Leave,Indie|Simulator|Strategy,69.91480789487848,13,2020,1,single,2.6390573296152584
120991,Heal,Adventure|Indie|Point-and-click|Puzzle,70.07923812400263,6,2020,1,single,1.9459101490553132
121052,Armor Clash 3,Indie|Simulator|Strategy,70.0,1,2020,1,single,0.6931471805599453
121173,Project CARS 3,Racing,66.82519439618822,14,2020,3,multi,2.70805020110221
121231,Romance of the Three Kingdoms XIV,Simulator|Strategy|Turn-based strategy (TBS),58.89768790550314,5,2020,2,multi,1.791759469228055
121247,Biped,Adventure|Indie|Simulator|Sport|Strategy,70.82353825905038,25,2020,2,multi,3.258096538021482
121322,Obsurity,Adventure|Indie,80.0,2,2020,1,single,1.0986122886681098
121336,Adam: Lost Memories,Adventure|Indie|Puzzle,70.0,2,2020,1,single,1.0986122886681098
121390,Iris and the Giant,Adventure|Card & Board Game|Indie|Puzzle|Role-playing (RPG)|Strategy|Tactical|Turn-based strategy (TBS),70.0,4,2020,3,multi,1.6094379124341003
121404,Shady Part of Me,Adventure|Indie|Platform|Puzzle|Role-playing (RPG),88.86644179741481,28,2020,4,multi,3.367295829986474
121500,"Cook, Serve, Delicious! 3?!",Arcade|Indie|Simulator|Strategy,64.08088356691243,11,2020,5,multi,2.4849066497880004
121586,Wingspan,Card & Board Game|Indie|Strategy,83.15824804649638,17,2020,2,multi,2.8903717578961645
121603,Pixel Puzzle Makeout League,Adventure|Indie|Puzzle|Role-playing (RPG)|Simulator|Visual Novel,70.0,3,2020,3,multi,1.3862943611198906
121617,The Coma 2: Vicious Sisters,Adventure|Indie|Strategy|Visual Novel,70.12745240809973,13,2020,3,multi,2.6390573296152584
121709,The Falconeer: Revolution Remaster,Adventure|Indie|Role-playing (RPG)|Shooter|Simulator,78.20198421671893,12,2020,5,multi,2.5649493574615367
121711,Across the Grooves,Adventure|Indie|Visual Novel,70.23913724779416,5,2020,4,multi,1.791759469228055
121714,Rock of Ages 3: Make & Break,Indie|Racing|Strategy,59.57970573449493,10,2020,5,multi,2.3978952727983707
121752,Ghostrunner,Adventure|Platform|Shooter,78.13664748673638,223,2020,3,multi,5.4116460518550396
121754,Orcs Must Die! 3,Adventure|Indie|Puzzle|Shooter|Strategy,73.44675703061742,36,2020,1,single,3.6109179126442243
121885,Filament,Adventure|Indie|Puzzle|Strategy,74.97783179050876,10,2020,2,multi,2.3978952727983707
121947,The Suicide of Rachel Foster,Adventure|Indie,70.21298355655208,56,2020,2,multi,4.04305126783455
121989,Help Will Come Tomorrow,Adventure|Simulator|Strategy,60.0,3,2020,5,multi,1.3862943611198906
122028,Our Life: Beginnings & Always,Indie|Simulator|Visual Novel,84.42195909580194,15,2020,4,multi,2.772588722239781
122035,Cyber Hook,Arcade|Indie|Platform|Racing|Shooter,72.98956597033757,11,2020,1,single,2.4849066497880004
122038,Lumberjack's Dynasty,Adventure|Role-playing (RPG)|Simulator,60.0,1,2020,1,single,0.6931471805599453
122108,Resident Evil Resistance,Shooter,49.92930313653353,27,2020,3,multi,3.332204510175204
122120,The Dark Pictures Anthology: Little Hope,Adventure,69.96044103460852,196,2020,3,multi,5.2832037287379885
122157,My Vow to My Liege,Indie|Visual Novel,70.0,2,2020,2,multi,1.0986122886681098
122195,Monster Prom 2: Monster Camp,Indie|Simulator|Visual Novel,70.07368421052631,9,2020,3,multi,2.302585092994046
122232,Deadly Premonition 2: A Blessing in Disguise,Adventure,63.69454955197572,10,2020,1,single,2.3978952727983707
122235,Rogue Company,Shooter|Strategy|Tactical,57.51224854868926,66,2020,4,multi,4.204692619390966
122248,Fairy Tail,Adventure|Role-playing (RPG),69.85665679216184,6,2020,3,multi,1.9459101490553132
122273,Smart City Plan,Simulator|Strategy,60.0,1,2020,1,single,0.6931471805599453
122311,Exit the Gungeon,Adventure|Arcade|Indie|Platform|Shooter,60.91072097047444,11,2020,2,multi,2.4849066497880004
122345,Calico,Adventure|Indie|Role-playing (RPG)|Simulator,64.53842024320525,13,2020,5,multi,2.6390573296152584
122372,Before I Forget,Adventure|Indie|Simulator,70.0,4,2020,3,multi,1.6094379124341003
122373,Arrest of a Stone Buddha,Adventure|Indie|Role-playing (RPG),70.0,2,2020,1,single,1.0986122886681098
122385,Timelie,Adventure|Indie|Puzzle|Strategy,70.92903456657598,6,2020,2,multi,1.9459101490553132
122599,My Hero One's Justice 2,Fighting|Hack and slash/Beat 'em up,69.6218776522698,10,2020,4,multi,2.3978952727983707
122623,The Deed II,Adventure|Indie|Role-playing (RPG),70.0,1,2020,1,single,0.6931471805599453
122649,A Total War Saga: Troy,Real Time Strategy (RTS)|Simulator|Strategy|Turn-based strategy (TBS),71.99645716336578,23,2020,1,single,3.1780538303479458
122650,Infini,Adventure|Arcade|Indie|Platform|Puzzle,70.0,1,2020,4,multi,0.6931471805599453
122662,Going Under,Fighting|Hack and slash/Beat 'em up|Indie,78.72164049776539,24,2020,4,multi,3.2188758248682006
122704,Rugby 20,Simulator|Sport|Tactical,50.0,1,2020,3,multi,0.6931471805599453
122712,Soda Dungeon 2,Adventure|Indie|Role-playing (RPG)|Turn-based strategy (TBS),70.11768525436017,10,2020,1,single,2.3978952727983707
122729,"Yes, Your Grace",Adventure|Role-playing (RPG)|Simulator|Strategy,72.32149378746676,58,2020,2,multi,4.07753744390572
122826,Curse of Anabelle,Adventure|Indie,70.0,1,2020,1,single,0.6931471805599453
122927,Path of Titans,Adventure|Indie|Role-playing (RPG)|Simulator,67.32628622192485,10,2020,1,single,2.3978952727983707
123238,Total Lockdown,Adventure|Indie|Shooter,50.0,1,2020,1,single,0.6931471805599453
123269,Coromon,Adventure|Fighting|Indie|Puzzle|Role-playing (RPG)|Strategy|Turn-based strategy (TBS),70.05971107923662,24,2020,1,single,3.2188758248682006
123333,If Found...,Adventure|Indie|Visual Novel,70.44401814018165,19,2020,3,multi,2.995732273553991
123570,The Bonfire 2: Uncharted Shores,Adventure|Indie|Simulator|Strategy,50.0,2,2020,3,multi,1.0986122886681098
123783,Hydroneer,Adventure|Indie|Simulator|Strategy,61.71428571428572,7,2020,1,single,2.0794415416798357
123902,Murder by Numbers,Indie|Puzzle|Visual Novel,68.05820099165459,19,2020,2,multi,2.995732273553991
123931,Moe Era,Indie|Visual Novel,69.02624793846981,11,2020,3,multi,2.4849066497880004
123991,The Room VR: A Dark Matter,Adventure|Indie|Puzzle,75.60991679609694,11,2020,4,multi,2.4849066497880004
124000,Table Manners,Indie|Simulator,74.01901451061816,6,2020,1,single,1.9459101490553132
124029,Tesla Force,Adventure|Arcade|Indie|Role-playing (RPG)|Shooter,60.0,2,2020,1,single,1.0986122886681098
124701,Legends of Runeterra,Card & Board Game|Strategy|Turn-based strategy (TBS),76.09112918992605,77,2020,3,multi,4.356708826689592
124954,Crusader Kings III,Role-playing (RPG)|Simulator|Strategy,82.91164620187998,196,2020,3,multi,5.2832037287379885
125013,MLB The Show 20,Sport,79.98364310910127,9,2020,1,single,2.302585092994046
125164,Hiveswap: Act 2,Adventure|Indie|Puzzle|Role-playing (RPG),80.0,4,2020,3,multi,1.6094379124341003
125207,Mainframe Defenders,Indie|Role-playing (RPG)|Strategy|Tactical|Turn-based strategy (TBS),70.0,1,2020,2,multi,0.6931471805599453
125277,Alwa's Legacy,Adventure|Indie|Platform,79.9293245804639,8,2020,3,multi,2.1972245773362196
125296,Katana Kami: A Way of the Samurai Story,Adventure|Hack and slash/Beat 'em up|Role-playing (RPG),80.0,3,2020,3,multi,1.3862943611198906
125387,Super Mega Space Blaster Special Turbo,Arcade|Indie|Shooter,70.0,1,2020,6,multi,0.6931471805599453
125479,AO Tennis 2,Simulator|Sport,61.80437311882255,16,2020,2,multi,2.833213344056216
125509,Over the Alps,Adventure|Indie|Role-playing (RPG),70.0,1,2020,2,multi,0.6931471805599453
125617,Dezatopia,Arcade|Indie|Shooter,70.0,1,2020,3,multi,0.6931471805599453
125625,West of Dead,Adventure|Arcade|Indie|Shooter|Tactical,62.47750183229773,17,2020,2,multi,2.8903717578961645
125628,Tell Me Why,Adventure,75.06233008093875,138,2020,2,multi,4.9344739331306915
125630,Drake Hollow,Adventure|Indie,51.01910828025478,9,2020,1,single,2.302585092994046
125692,Shadow Empire,Role-playing (RPG)|Strategy|Tactical|Turn-based strategy (TBS),70.0,3,2020,1,single,1.3862943611198906
126098,Half-Life: Alyx,Adventure|Puzzle|Shooter,92.83646450075008,248,2020,1,single,5.517452896464707
126265,Endless Memories,Adventure|Indie|Platform|Role-playing (RPG),80.0,1,2020,1,single,0.6931471805599453
126332,Tales From Off-Peak City Vol. 1,Adventure|Indie|Puzzle,87.04316131870436,9,2020,3,multi,2.302585092994046
126434,Airplane Mode,Indie|Simulator,50.0,1,2020,2,multi,0.6931471805599453
126459,Valorant,Shooter|Tactical,71.61740895464615,502,2020,1,single,6.220590170099739
126509,Golf Around!,Indie|Simulator|Sport,70.0,1,2020,1,single,0.6931471805599453
126546,Look Inside,Adventure|Indie,60.0,4,2020,1,single,1.6094379124341003
126573,Star Fetchers,Adventure|Indie,78.81286665692113,11,2020,1,single,2.4849066497880004
126670,Jetboard Joust,Arcade|Indie|Platform|Shooter,70.0,2,2020,3,multi,1.0986122886681098
126725,Pumpkin Jack,Adventure|Indie|Platform,68.82478812133962,31,2020,4,multi,3.4657359027997265
126735,Ether Loop,Adventure|Indie,80.0,1,2020,1,single,0.6931471805599453
126812,Vaporum: Lockdown,Adventure|Indie|Puzzle|Role-playing (RPG),80.0,1,2020,3,multi,0.6931471805599453
126816,Raiohgar: Asuka and the King of Steel,Indie|Role-playing (RPG),70.0,1,2020,1,single,0.6931471805599453
126835,Death and Taxes,Adventure|Indie|Point-and-click|Puzzle|Role-playing (RPG)|Simulator|Strategy|Visual Novel,76.85273021246965,37,2020,3,multi,3.6375861597263857
126948,KingSim,Adventure|Indie|Role-playing (RPG)|Simulator|Strategy,70.0,2,2020,1,single,1.0986122886681098
126993,Yuki Onna,Adventure|Indie|Strategy,70.0,3,2020,1,single,1.3862943611198906
127005,Mokoko,Arcade|Indie,70.0,1,2020,3,multi,0.6931471805599453
127144,Arrog,Adventure|Indie|Puzzle,70.0,3,2020,1,single,1.3862943611198906
127188,Soviet Jump Game,Indie|Platform,80.0,2,2020,2,multi,1.0986122886681098
127216,Mad Experiments: Escape Room,Adventure|Indie|Puzzle,70.0,2,2020,3,multi,1.0986122886681098
127304,Gleamlight,Adventure|Indie|Platform,46.0204081632653,5,2020,4,multi,1.791759469228055
127305,The Survivalists,Adventure|Indie|Role-playing (RPG)|Simulator|Strategy,69.93761140717255,9,2020,5,multi,2.302585092994046
127343,Godfall,Adventure|Role-playing (RPG),65.40020514687423,17,2020,2,multi,2.8903717578961645
127356,Fast & Furious: Crossroads,Adventure|Racing,40.13565871008778,10,2020,3,multi,2.3978952727983707
127489,Receiver 2,Indie|Shooter|Simulator,91.99104814190916,5,2020,3,multi,1.791759469228055
127493,Death Come True,Adventure|Point-and-click|Puzzle,69.95625895457952,7,2020,4,multi,2.0794415416798357
127591,Wide Ocean Big Jacket,Adventure|Arcade|Indie|Simulator,70.0,3,2020,4,multi,1.3862943611198906
127745,Juken Jigoku,Adventure|Indie|Simulator,50.0,1,2020,1,single,0.6931471805599453
127749,Bunny Park,Adventure|Shooter|Simulator|Strategy,70.0,1,2020,1,single,0.6931471805599453
127770,Inertial Drift,Arcade|Indie|Racing,64.05042639288834,8,2020,4,multi,2.1972245773362196
127816,Paradise Killer,Adventure|Indie|Puzzle|Role-playing (RPG),87.17348002536164,50,2020,2,multi,3.9318256327243257
128017,Wire Lips,Adventure|Indie|Puzzle|Simulator,70.0,2,2020,1,single,1.0986122886681098
128025,Risen Kingdom,Indie|Strategy,80.0,2,2020,1,single,1.0986122886681098
128123,Ludus,Adventure|Indie|Role-playing (RPG)|Simulator|Strategy,40.0,3,2020,1,single,1.3862943611198906
128159,Return to Shironagasu Island,Adventure|Indie|Visual Novel,79.38958810803535,8,2020,1,single,2.1972245773362196
128160,Marco & The Galaxy Dragon,Adventure|Simulator|Visual Novel,70.7577268736773,8,2020,1,single,2.1972245773362196
128178,Max Gentlemen Sexy Business!,Indie|Simulator,80.0,3,2020,1,single,1.3862943611198906
128202,Paperball,Arcade|Indie|Platform|Racing,70.0,1,2020,1,single,0.6931471805599453
128228,The Ambassador: Fractured Timelines,Adventure|Fighting|Indie|Role-playing (RPG)|Shooter,70.0,4,2020,3,multi,1.6094379124341003
128246,Human Simulator,Indie|Simulator,70.0,2,2020,1,single,1.0986122886681098
128252,Creepy Tale,Adventure|Indie|Platform|Puzzle,64.96243868566539,18,2020,3,multi,2.9444389791664403
128289,The Supper,Adventure|Indie|Point-and-click,71.42175771361039,24,2020,1,single,3.2188758248682006
128299,Mask of Mists,Adventure|Indie|Puzzle|Role-playing (RPG)|Shooter,70.0,1,2020,1,single,0.6931471805599453
128376,Walking Simulator,Adventure|Indie|Simulator,60.00092735730156,10,2020,1,single,2.3978952727983707
128462,Being a DIK,Indie|Point-and-click|Role-playing (RPG)|Visual Novel,69.7922218253884,20,2020,1,single,3.044522437723423
128481,Blood of Steel,Fighting|Strategy,50.59031775916843,4,2020,1,single,1.6094379124341003
128769,Captain Tsubasa: Rise of New Champions,Arcade|Role-playing (RPG)|Sport,69.83828167150601,18,2020,2,multi,2.9444389791664403
128799,Taur,Indie|Strategy,60.0,1,2020,1,single,0.6931471805599453
128834,ColdSide,Adventure|Indie,60.0,1,2020,1,single,0.6931471805599453
128909,Hidden Through Time,Adventure|Point-and-click|Puzzle,69.68035256740846,18,2020,6,multi,2.9444389791664403
128921,The Shadow Society,Adventure|Indie|Role-playing (RPG),50.0,1,2020,3,multi,0.6931471805599453
128922,The Soul Stone War,Adventure|Indie|Role-playing (RPG),50.0,2,2020,3,multi,1.0986122886681098
129040,Dictators:No Peace Countryballs,Indie|Simulator|Strategy,80.0,4,2020,1,single,1.6094379124341003
129073,The Political Machine 2020,Indie|Simulator|Strategy,60.0,3,2020,1,single,1.3862943611198906
129107,As Far as the Eye,Indie|Simulator|Strategy|Turn-based strategy (TBS),60.79136690647482,5,2020,3,multi,1.791759469228055
129292,The Convenience Store,Adventure|Indie|Puzzle|Simulator,79.62247671900464,18,2020,1,single,2.9444389791664403
129321,How Buddy's Parents Met,Card & Board Game|Puzzle,70.0,2,2020,2,multi,1.0986122886681098
129328,Puppy Cross,Indie|Puzzle|Strategy,70.0,2,2020,1,single,1.0986122886681098
129344,Love wish,Indie,60.0,3,2020,1,single,1.3862943611198906
129366,Boxman's Struggle,Adventure|Indie|Platform,70.0,1,2020,1,single,0.6931471805599453
129389,Sakuya Izayoi Gives You Advice and Dabs,Indie|Visual Novel,74.8314606741573,4,2020,1,single,1.6094379124341003
129462,Blue Drifter,Indie|Shooter,70.0,1,2020,2,multi,0.6931471805599453
129483,Monster Train,Card & Board Game|Indie|Role-playing (RPG)|Strategy|Turn-based strategy (TBS),81.28095757765449,70,2020,1,single,4.2626798770413155
129677,Boris and the Dark Survival,Adventure|Indie|Puzzle|Strategy,69.01146207992481,7,2020,1,single,2.0794415416798357
129679,Idle Warrior,Strategy,70.0,1,2020,1,single,0.6931471805599453
129688,The Escaper,Adventure|Indie|Point-and-click|Puzzle,80.0,3,2020,1,single,1.3862943611198906
129693,Unspottable,Fighting|Indie|Strategy,83.08859887532537,5,2020,3,multi,1.791759469228055
129694,The Test,Simulator,60.0,6,2020,1,single,1.9459101490553132
129705,Hypergalactic Psychic Table Tennis 3000,Adventure|Indie|Role-playing (RPG),70.0,1,2020,2,multi,0.6931471805599453
129712,Mask of the Plague Doctor,Adventure|Indie|Role-playing (RPG),70.0,1,2020,5,multi,0.6931471805599453
129721,Mole Game,Indie|Strategy,70.0,1,2020,1,single,0.6931471805599453
129734,Tony Stewart's Sprint Car Racing,Racing|Simulator|Sport,70.0,2,2020,3,multi,1.0986122886681098
129736,World Seed Classic,Indie|Role-playing (RPG),80.0,1,2020,1,single,0.6931471805599453
129755,Dead Cubes,Indie,70.0,1,2020,1,single,0.6931471805599453
129800,TT Isle of Man: Ride on the Edge 2,Racing|Simulator|Sport,50.0,3,2020,3,multi,1.3862943611198906
129936,Deathtrap Dungeon: The Interactive Video Adventure,Adventure|Role-playing (RPG),70.0,1,2020,4,multi,0.6931471805599453
130057,Strip 4: Classmate Study,Indie|Simulator,80.0,1,2020,3,multi,0.6931471805599453
130094,Coloring Game 2,Indie,63.86556622160226,10,2020,1,single,2.3978952727983707
130128,Potion Commotion,Adventure|Indie|Simulator|Strategy,70.0,1,2020,1,single,0.6931471805599453
130155,Dwarf Shop,Adventure|Indie|Role-playing (RPG)|Simulator|Strategy,70.0,1,2020,1,single,0.6931471805599453
130157,Trailer Trashers,Arcade|Indie|Shooter|Sport,70.0,3,2020,4,multi,1.3862943611198906
130159,Alien Cat,Indie,70.0,2,2020,1,single,1.0986122886681098
130185,We Went Back,Adventure|Indie|Puzzle,59.24989610492963,16,2020,1,single,2.833213344056216
130218,Golden Light,Adventure|Indie,60.77117076724767,8,2020,1,single,2.1972245773362196
130273,Rhome,Adventure|Indie,70.0,2,2020,1,single,1.0986122886681098
130275,Streamer Daily,Adventure|Indie|Simulator|Strategy,70.0,4,2020,1,single,1.6094379124341003
130305,D4DJ Groovy Mix,Adventure|Arcade|Music|Simulator,86.02146511273574,16,2020,2,multi,2.833213344056216
130386,QT,Adventure|Indie,51.523898463367,5,2020,3,multi,1.791759469228055
130408,Kingdom Hearts Dark Road,Adventure|Role-playing (RPG),69.7779750040011,5,2020,3,multi,1.791759469228055
130508,Kill It With Fire,Indie|Shooter|Simulator,61.50191493075295,28,2020,1,single,3.367295829986474
130516,Might & Magic: Chess Royale,Strategy|Tactical,60.92783505154639,5,2020,3,multi,1.791759469228055
130902,Skye,Adventure|Indie|Racing|Role-playing (RPG),69.72170362974117,5,2020,1,single,1.791759469228055
131566,Welcome to Elk,Adventure|Indie|Point-and-click,65.90515167609111,6,2020,3,multi,1.9459101490553132
131606,The Horrorscope,Adventure|Indie|Role-playing (RPG)|Simulator|Visual Novel,80.0,3,2020,1,single,1.3862943611198906
131620,Horizon's Gate,Adventure|Indie|Role-playing (RPG)|Strategy|Tactical,80.0,4,2020,1,single,1.6094379124341003
131629,OshiRabu: Waifus Over Husbandos,Adventure|Visual Novel,80.0,2,2020,1,single,1.0986122886681098
131631,Umurangi Generation,Indie|Simulator,75.41790966392267,14,2020,1,single,2.70805020110221
131634,Atri: My Dear Moments,Adventure|Visual Novel,50.32770011930641,6,2020,1,single,1.9459101490553132
131635,MotoGP 20,Racing|Simulator|Sport,79.86678185122486,8,2020,5,multi,2.1972245773362196
131660,No One Lives Under the Lighthouse,Adventure|Indie|Puzzle,68.16841706532769,26,2020,3,multi,3.295836866004329
131687,Samurai Jack: Battle Through Time,Adventure|Fighting|Hack and slash/Beat 'em up|Platform,70.49432613501583,14,2020,5,multi,2.70805020110221
131705,Sludge Life,Adventure|Indie,77.29696903116624,37,2020,1,single,3.6375861597263857
131768,The Seven Deadly Sins: Grand Cross,Role-playing (RPG),68.67793389470418,16,2020,2,multi,2.833213344056216
131780,Democratic Socialism Simulator,Indie|Simulator,68.90780823757989,6,2020,4,multi,1.9459101490553132
131785,Amnesia: Rebirth,Adventure|Indie|Puzzle,75.11010040605454,100,2020,3,multi,4.61512051684126
131845,A Monster's Expedition,Adventure|Indie|Puzzle|Strategy,80.0195044165508,9,2020,4,multi,2.302585092994046
131859,Night of the Consumers,Adventure|Indie|Simulator,69.52425334999467,8,2020,1,single,2.1972245773362196
131869,I Am Dead,Adventure|Indie|Puzzle,79.8856199672707,6,2020,2,multi,1.9459101490553132
131888,Hotshot Racing,Arcade|Indie|Racing,70.32787469263788,22,2020,4,multi,3.1354942159291497
131912,A Summer's End: Hong Kong 1986,Indie|Visual Novel,80.12647221781599,5,2020,3,multi,1.791759469228055
131930,The Flower Collectors,Adventure|Indie,65.8427458294424,5,2020,1,single,1.791759469228055
131945,Project Kat: Paper Lily Prologue,Adventure|Indie|Puzzle|Role-playing (RPG),70.36979315346454,19,2020,2,multi,2.995732273553991
131946,Super Mega Baseball 3,Arcade|Indie|Simulator|Sport,64.16673332535791,8,2020,4,multi,2.1972245773362196
131961,Clubhouse Games: 51 Worldwide Classics,Arcade|Card & Board Game,73.58836609248104,24,2020,1,single,3.2188758248682006
131962,Good Job!,Puzzle|Simulator,79.93560648342819,6,2020,1,single,1.9459101490553132
131970,Fuser,Music|Simulator,79.8011541475524,18,2020,5,multi,2.9444389791664403
132002,Poly Bridge 2,Indie|Puzzle|Simulator,79.28258740835044,15,2020,2,multi,2.772588722239781
132050,Mortal Shell,Indie|Role-playing (RPG),69.96110165025524,96,2020,3,multi,4.574710978503383
132051,Windbound,Adventure|Indie|Role-playing (RPG),45.13179919401993,21,2020,5,multi,3.091042453358316
132139,XCOM: Chimera Squad,Strategy|Tactical|Turn-based strategy (TBS),70.68402532112023,46,2020,1,single,3.8501476017100584
132174,Hero of the Kingdom: The Lost Tales 1,Adventure|Indie|Role-playing (RPG)|Strategy,71.34607618183081,7,2020,1,single,2.0794415416798357
132205,F1 2020,Racing|Simulator|Sport,86.19277212918759,49,2020,4,multi,3.912023005428146
132220,Monster Truck Championship,Racing|Simulator|Sport,62.89781249115657,5,2020,4,multi,1.791759469228055
132347,Peekaboo Collection - 3 Tales of Horror,Indie|Point-and-click,70.0,1,2020,1,single,0.6931471805599453
132380,Rover Wars: Battle For Mars,Indie|MOBA|Real Time Strategy (RTS)|Simulator|Strategy,60.0,3,2020,4,multi,1.3862943611198906
132419,180 Files: The Aegis Project,Adventure|Indie|Role-playing (RPG)|Visual Novel,70.0,1,2020,1,single,0.6931471805599453
132503,Wanderlust: Transsiberian,Adventure|Indie|Simulator|Visual Novel,40.16575922565033,4,2020,3,multi,1.6094379124341003
132599,Gutwhale,Arcade|Indie|Platform|Shooter,80.0,1,2020,2,multi,0.6931471805599453
132631,Sheepo,Adventure|Indie|Platform,70.04201794366143,7,2020,1,single,2.0794415416798357
132675,Xuan-Yuan Sword VII,Adventure|Role-playing (RPG),72.15185595100911,9,2020,1,single,2.302585092994046
132707,Madden NFL 21,Simulator|Sport|Strategy,69.51647805127278,12,2020,1,single,2.5649493574615367
132777,Ponpu,Adventure|Arcade|Indie,60.0,1,2020,4,multi,0.6931471805599453
132907,There Is No Game: Wrong Dimension,Adventure|Indie|Point-and-click|Puzzle,82.62873132050103,57,2020,2,multi,4.060443010546419
132956,WWE 2K Battlegrounds,Arcade|Fighting|Sport,50.16309685248189,16,2020,5,multi,2.833213344056216
132996,Island Saver,Adventure|Simulator|Strategy,63.7787239495558,14,2020,4,multi,2.70805020110221
133004,Assassin's Creed Valhalla,Adventure|Role-playing (RPG),74.03270432816218,455,2020,6,multi,6.1224928095143865
133149,Post Void,Arcade|Indie|Shooter,84.65764382866567,28,2020,1,single,3.367295829986474
133152,Helltaker,Adventure|Indie|Puzzle|Visual Novel,74.01026733434038,178,2020,3,multi,5.187385805840755
133175,Fatum Betula,Adventure|Indie|Puzzle,79.83764361475855,16,2020,1,single,2.833213344056216
133301,Dirt 5,Adventure|Racing|Simulator|Sport,73.27214903733906,67,2020,5,multi,4.219507705176107
133306,Call of the Sea,Adventure|Indie|Platform|Puzzle,71.56527177885411,127,2020,3,multi,4.852030263919617
133330,BPM: Bullets Per Minute,Adventure|Arcade|Indie|Music|Shooter,63.03076737748212,24,2020,1,single,3.2188758248682006
133433,Guardian Tales,Adventure|Arcade|Puzzle|Role-playing (RPG),80.7354662504877,29,2020,2,multi,3.4011973816621555
133449,A New Life.,Indie|Visual Novel,67.73302166847162,7,2020,5,multi,2.0794415416798357
133612,Happy's Humble Burger Barn,Adventure|Indie|Simulator,78.76055902963456,5,2020,1,single,1.791759469228055
133773,WRC 9,Racing|Simulator|Sport,71.12632652120166,10,2020,4,multi,2.3978952727983707
133807,Trackmania,Arcade|Racing|Sport,79.20015633376907,103,2020,1,single,4.6443908991413725
133836,Swallow the Sea,Adventure|Indie,55.96983824939633,17,2020,3,multi,2.8903717578961645
133905,Nexomon: Extinction,Adventure|Indie|Role-playing (RPG)|Simulator|Turn-based strategy (TBS),71.42150999608475,8,2020,5,multi,2.1972245773362196
133922,Ride 4,Racing|Simulator|Sport,69.27567293013398,9,2020,4,multi,2.302585092994046
133923,Paper Mario: The Origami King,Adventure|Puzzle|Role-playing (RPG),76.54835730287495,65,2020,1,single,4.189654742026425
133939,PGA Tour 2K21,Simulator|Sport,69.91214760176359,12,2020,5,multi,2.5649493574615367
133977,"A Place, Forbidden",Adventure|Indie|Puzzle,51.07273243866898,6,2020,1,single,1.9459101490553132
134072,Bright Memory,Adventure|Indie|Shooter,63.17329690454049,44,2020,1,single,3.8066624897703196
134101,FIFA 21,Simulator|Sport,68.55997715532959,123,2020,3,multi,4.820281565605037
134162,Dépanneur Nocturne,Adventure|Indie,69.87849331713244,7,2020,3,multi,2.0794415416798357
134370,NASCAR Heat 5,Racing|Sport,68.0433116693561,10,2020,3,multi,2.3978952727983707
134427,Dadish,Adventure|Arcade|Indie|Platform,76.09435159588358,12,2020,2,multi,2.5649493574615367
134493,The Night Fisherman,Adventure|Indie|Visual Novel,66.22860411517347,7,2020,2,multi,2.0794415416798357
134585,Sackboy: A Big Adventure,Adventure|Platform,77.74472594185437,90,2020,2,multi,4.51085950651685
134597,Astro's Playroom,Adventure|Platform,83.89176029406664,312,2020,1,single,5.746203190540153
134599,NBA 2K21,Simulator|Sport,71.20462023312419,46,2020,5,multi,3.8501476017100584
134602,Bugsnax,Adventure|Indie|Puzzle,74.14791756815292,63,2020,4,multi,4.1588830833596715
134642,The Grim Reaper Who Reaped My Heart,Visual Novel,83.37614678899084,7,2020,1,single,2.0794415416798357
134680,Nickelodeon Kart Racers 2: Grand Prix,Arcade|Racing|Sport,74.7055333770722,9,2020,3,multi,2.302585092994046
134706,Star Wars: Squadrons,Shooter|Simulator,69.32189351865978,141,2020,7,multi,4.955827057601261
134817,Morbid: The Seven Acolytes,Adventure|Indie|Role-playing (RPG),56.99886492622021,14,2020,4,multi,2.70805020110221
134821,Werewolf: The Apocalypse - Heart of the Forest,Adventure|Indie|Role-playing (RPG)|Visual Novel,55.30612244897959,6,2020,3,multi,1.9459101490553132
134826,Shapez,Indie|Puzzle|Simulator|Strategy,76.23923907208521,28,2020,3,multi,3.367295829986474
135104,Jump Rope Challenge,Sport,53.60341512326702,6,2020,1,single,1.9459101490553132
135108,Kingdom Hearts: Melody of Memory,Music|Role-playing (RPG),80.22649119188017,30,2020,3,multi,3.4339872044851463
135233,Pokémon Café Mix,Puzzle,53.49454111291767,17,2020,3,multi,2.8903717578961645
135254,Crash Bandicoot 4: It's About Time,Platform,81.9125421960776,143,2020,2,multi,4.969813299576001
135262,Rayman Redemption,Platform,80.09019082846882,6,2020,1,single,1.9459101490553132
135337,Bloodstained: Curse of the Moon 2,Hack and slash/Beat 'em up|Indie|Platform,86.04270240472884,25,2020,4,multi,3.258096538021482
135341,Adastra,Visual Novel,98.62060834708797,16,2020,4,multi,2.833213344056216
135554,Worms Rumble,Indie|Platform|Shooter|Strategy,56.99677007456958,25,2020,3,multi,3.258096538021482
135576,Tennis World Tour 2,Simulator|Sport,67.28004162203881,7,2020,4,multi,2.0794415416798357
135763,Murder House,Adventure|Indie,79.77870985805777,19,2020,1,single,2.995732273553991
135770,Devolverland Expo,Adventure|Indie|Shooter,78.1747000153435,11,2020,1,single,2.4849066497880004
135789,Townscaper,Indie|Simulator,63.6416440868911,71,2020,2,multi,4.276666119016055
135826,Super Bomberman R Online,Arcade,69.98309795091005,9,2020,1,single,2.302585092994046
135839,The Ghost Train,Adventure|Indie|Simulator,60.02842979295064,5,2020,1,single,1.791759469228055
135843,Wind Peaks,Adventure|Indie|Puzzle,69.90402847811565,5,2020,1,single,1.791759469228055
135919,Alba: A Wildlife Adventure,Adventure|Indie,79.97473389861088,49,2020,3,multi,3.912023005428146
136045,5D Chess With Multiverse Time Travel,Indie|Puzzle|Strategy|Turn-based strategy (TBS),65.09440577925572,5,2020,2,multi,1.791759469228055
136560,EA Sports UFC 4,Fighting|Sport,69.41137646393055,28,2020,2,multi,3.367295829986474
136659,Ben 10: Power Trip,Adventure|Hack and slash/Beat 'em up|Platform,46.34246899786405,11,2020,1,single,2.4849066497880004
136770,DDraceNetwork,Indie|Platform,92.68292682926828,20,2020,3,multi,3.044522437723423
136868,Train Sim World 2,Racing|Simulator,83.4963934684942,18,2020,3,multi,2.9444389791664403
137001,Call of Duty: Black Ops Cold War,Shooter,73.75953263035596,209,2020,5,multi,5.3471075307174685
137131,Just Dance 2021,Music,70.04523765259962,10,2020,6,multi,2.3978952727983707
137132,Puyo Puyo Tetris 2,Arcade|Puzzle|Strategy,76.54217195522199,17,2020,5,multi,2.8903717578961645
137192,Buried Stars,Adventure|Visual Novel,75.54901698542196,5,2020,3,multi,1.791759469228055
137276,PAW Patrol Mighty Pups: Save Adventure Bay!,Adventure|Platform,71.34061124517015,5,2020,4,multi,1.791759469228055
137291,Bridge Constructor: The Walking Dead,Adventure|Indie|Puzzle|Simulator|Strategy,56.94938013309429,11,2020,10,multi,2.4849066497880004
137300,Cobra Kai: The Karate Kid Saga Continues,Adventure|Arcade|Fighting|Hack and slash/Beat 'em up,56.0,5,2020,3,multi,1.791759469228055
137529,Streamer Life Simulator,Adventure|Indie|Simulator|Strategy,47.11906422771949,8,2020,1,single,2.1972245773362196
137664,Summer Memories,Adventure|Role-playing (RPG)|Simulator|Visual Novel,80.00995458221863,5,2020,1,single,1.791759469228055
137805,Kingdoms Reborn,Indie|Simulator|Strategy,64.1805167011145,5,2020,1,single,1.791759469228055
138235,Super Mario Bros. 35,Platform,61.93289314730823,42,2020,1,single,3.7612001156935624
138343,Hyrule Warriors: Age of Calamity,Hack and slash/Beat 'em up|Strategy,80.1921681672637,62,2020,1,single,4.143134726391533
138375,The Jackbox Party Pack 7,Indie|Puzzle|Quiz/Trivia|Strategy,79.14662837705076,25,2020,10,multi,3.258096538021482
138472,A Night In Berlin,Indie|Shooter,67.52472163773012,5,2020,1,single,1.791759469228055
138538,NHL 21,Simulator|Sport,77.49139920146553,19,2020,2,multi,2.995732273553991
138697,G.I. Joe: Operation Blackout,Adventure|Shooter,45.49193800914569,5,2020,3,multi,1.791759469228055
138707,3 out of 10: Season One,Adventure|Arcade|Fighting|Puzzle,69.7083213093689,5,2020,1,single,1.791759469228055
138756,Leisure Suit Larry: Wet Dreams Dry Twice,Adventure|Point-and-click|Puzzle,94.11097634719722,12,2020,2,multi,2.5649493574615367
139032,The Solitaire Conspiracy,Card & Board Game|Indie|Puzzle|Simulator|Strategy,64.61536643584714,6,2020,2,multi,1.9459101490553132
139040,Idle Slayer,Indie|Strategy,80.13708113968119,13,2020,1,single,2.6390573296152584
139059,Kirby Fighters 2,Fighting|Platform,70.21460153132752,5,2020,1,single,1.791759469228055
139077,Football Manager 2021,Simulator|Sport,79.67081689685318,35,2020,2,multi,3.58351893845611
139134,Hatsune Miku: Colorful Stage!,Music|Visual Novel,70.72618623479259,46,2020,2,multi,3.8501476017100584
139145,Root,Card & Board Game|Indie|Simulator|Strategy|Turn-based strategy (TBS),61.71436465057841,9,2020,4,multi,2.302585092994046
139174,Promesa,Adventure|Indie|Simulator,84.27610977244754,7,2020,2,multi,2.0794415416798357
139177,Batbarian: Testament of the Primordials,Adventure|Indie|Platform|Puzzle|Role-playing (RPG),58.33333333333333,6,2020,2,multi,1.9459101490553132
139182,Propagation VR,Shooter,80.09940357852882,7,2020,1,single,2.0794415416798357
139295,Milk Inside a Bag of Milk Inside a Bag of Milk,Adventure|Indie|Visual Novel,80.33979358964032,96,2020,3,multi,4.574710978503383
139376,A Game of Thrones: The Board Game - Digital Edition,Card & Board Game|Strategy,69.2526944954887,9,2020,1,single,2.302585092994046
139377,Population: One,Arcade|Shooter,95.56756756756756,12,2020,4,multi,2.5649493574615367
139403,Jungles of Maxtheria,Adventure|Indie|Platform,93.47721822541968,21,2020,3,multi,3.091042453358316
139416,Ziggurat 2,Indie|Role-playing (RPG)|Shooter,79.1763154319452,9,2020,3,multi,2.302585092994046
139601,Cats Organized Neatly,Card & Board Game|Indie|Puzzle,62.51893965134003,7,2020,1,single,2.0794415416798357
139936,Who Wants to Be a Millionaire,Card & Board Game|Quiz/Trivia|Simulator,57.42682222227194,7,2020,5,multi,2.0794415416798357
140038,In Silence,Adventure,66.31473929085986,5,2020,2,multi,1.791759469228055
140046,Streets of Kamurocho,Arcade|Hack and slash/Beat 'em up,40.61283063272455,12,2020,1,single,2.5649493574615367
140130,Penko Park,Adventure|Indie|Simulator,76.17843730261997,6,2020,3,multi,1.9459101490553132
140158,Supfly Delivery Simulator,Adventure|Arcade|Indie|Platform|Racing|Simulator|Sport,84.39024390243902,12,2020,3,multi,2.5649493574615367
140204,BroodStar,Adventure|Arcade|Indie|Shooter,89.16666666666666,11,2020,1,single,2.4849066497880004
140556,South of the Circle,Adventure|Point-and-click,83.58477817559086,23,2020,2,multi,3.1780538303479458
140781,Gartic Phone,Quiz/Trivia,80.0473930488161,44,2020,1,single,3.8066624897703196
140857,Perfect Vermin,Adventure|Indie,76.6215220861645,28,2020,2,multi,3.367295829986474
141088,Five Dates,Adventure|Indie|Simulator,60.10662182932929,14,2020,5,multi,2.70805020110221
141235,At Dead of Night,Adventure|Indie|Strategy,75.09549634520161,14,2020,1,single,2.70805020110221
141288,Saiko no Sutoka,Adventure|Arcade|Indie|Puzzle|Simulator,69.95334950550476,5,2020,2,multi,1.791759469228055
141373,Submerged: Hidden Depths,Adventure|Indie,64.06635954983506,12,2020,1,single,2.5649493574615367
141415,Das Balkonzimmer,Simulator,84.86486486486486,9,2020,1,single,2.302585092994046
141416,Leaf Blower Revolution: Idle Game,Arcade|Indie|Simulator,43.05740199978524,16,2020,1,single,2.833213344056216
141431,Böbl,Indie|Platform,79.86653580088247,5,2020,1,single,1.791759469228055
141464,Rush Royale,Card & Board Game|Real Time Strategy (RTS)|Strategy,77.19465403871115,12,2020,2,multi,2.5649493574615367
141523,The Game of Life 2,Card & Board Game|Simulator,56.02367777540272,15,2020,1,single,2.772588722239781
141735,TheDawn,Adventure|Indie|Shooter,50.20408163265306,5,2020,1,single,1.791759469228055
142095,Walkabout Mini Golf,Indie|Sport,80.54115962658966,11,2020,2,multi,2.4849066497880004
142122,Bullet Echo,Adventure|Role-playing (RPG)|Shooter|Strategy|Tactical,76.38250266623157,5,2020,2,multi,1.791759469228055
142195,Pixross,Indie|Puzzle,70.13670775733432,6,2020,2,multi,1.9459101490553132
142312,Choice of Life: Middle Ages,Adventure|Arcade|Card & Board Game|Indie|Role-playing (RPG)|Simulator,60.21573331663756,8,2020,4,multi,2.1972245773362196
142314,Cloud Climber,Adventure|Indie,58.20106531215622,19,2020,1,single,2.995732273553991
142391,Stumble Guys,Indie|Platform|Racing,60.61321986373233,57,2020,2,multi,4.060443010546419
142567,Escape Room: The Sick Colleague,Adventure|Puzzle,60.41135588812967,9,2020,1,single,2.302585092994046
143215,Super Danganronpa Another 2 ~The Moon of Hope and Sun of Despair~,Visual Novel,86.44082946013586,11,2020,1,single,2.4849066497880004
143264,What Comes After,Adventure|Indie|Visual Novel,71.15173113695555,5,2020,2,multi,1.791759469228055
143335,DinoScape,Adventure|Indie|Platform,88.68852459016394,14,2020,2,multi,2.70805020110221
143440,IdleOn,Indie|Role-playing (RPG)|Simulator|Strategy,67.0277830983262,14,2020,1,single,2.70805020110221
143714,Lewdapocalypse Hentai Evil,Adventure|Indie|Puzzle|Shooter|Visual Novel,20.25519091612722,8,2020,3,multi,2.1972245773362196
144163,Super Mario 64 FPS,Platform|Shooter,76.60377358490565,12,2020,3,multi,2.5649493574615367
144577,Virtual Cottage,Indie,83.65195574704774,7,2020,1,single,2.0794415416798357
144747,Hypnagogia,Adventure|Indie,70.750656167979,6,2020,1,single,1.9459101490553132
145327,Town Star,Simulator,93.31641285956007,34,2020,1,single,3.5553480614894135
145907,Ensemble Stars!! Music,Adventure|Music|Role-playing (RPG)|Visual Novel,89.50083367954576,8,2020,2,multi,2.1972245773362196
146245,Tears of Themis,Role-playing (RPG)|Simulator|Visual Novel,54.91891891891892,12,2020,2,multi,2.5649493574615367
147260,Estranged: The Departure,Adventure|Puzzle,68.95609067468737,6,2020,3,multi,1.9459101490553132
148443,The Corridor,Adventure|Indie,62.12669781444642,17,2020,1,single,2.8903717578961645
151267,Kakele Online: MMORPG,Indie|Role-playing (RPG),80.82191780821917,18,2020,1,single,2.9444389791664403
153577,Discover My Body,Point-and-click,62.71018280667207,14,2020,2,multi,2.70805020110221
166521,Beatstar,Music,69.9299621414969,8,2020,2,multi,2.1972245773362196
172315,Henry Stickmin: Completing the Mission,Indie|Point-and-click,79.69106225710247,8,2020,2,multi,2.1972245773362196
177167,The Baby In Yellow,Adventure|Indie|Simulator,65.0,6,2020,1,single,1.9459101490553132
182241,Pokémon Community Game,Role-playing (RPG)|Turn-based strategy (TBS),84.90196078431373,38,2020,1,single,3.6635616461296463
194461,Polytoria,Adventure|Platform|Simulator,80.0,10,2020,1,single,2.3978952727983707
198068,Don't Be Afraid: The First Toy,Adventure,62.22616015062577,5,2020,1,single,1.791759469228055
202396,Doors: Origins,Puzzle,69.87526096434054,5,2020,2,multi,1.791759469228055
249633,LGBT Flags Merge!,Arcade,87.14285714285714,7,2020,1,single,2.0794415416798357
255686,Fetish Locator,Adventure|Indie|Visual Novel,49.04604522721907,6,2020,1,single,1.9459101490553132
298274,Spatial,Platform,92.5,12,2020,1,single,2.5649493574615367
13192,Paint the Town Red,Adventure|Arcade|Indie|Role-playing (RPG)|Shooter,68.8365684065832,31,2021,8,multi,3.4657359027997265
14378,Praey for the Gods,Adventure|Indie|Platform|Role-playing (RPG)|Simulator,64.96941122752825,17,2021,5,multi,2.8903717578961645
14741,Psychonauts 2,Adventure|Platform,87.62504482953744,200,2021,6,multi,5.303304908059076
15698,Metroid Dread,Adventure|Platform|Shooter,84.73374854039207,207,2021,1,single,5.337538079701318
16612,Twelve Minutes,Adventure|Indie|Point-and-click|Puzzle,66.92268187682933,220,2021,3,multi,5.3981627015177525
16687,Pulsar: Lost Colony,Adventure|Indie|Simulator,69.30557015119473,6,2021,3,multi,1.9459101490553132
17111,Imagine Earth,Indie|Puzzle|Real Time Strategy (RTS)|Simulator|Strategy,41.59831758675583,6,2021,1,single,1.9459101490553132
18357,Oddworld: Soulstorm,Adventure|Platform|Puzzle,62.65642503803767,17,2021,3,multi,2.8903717578961645
21642,Totally Accurate Battle Simulator,Fighting|Indie|Simulator|Strategy,72.84375466707536,121,2021,2,multi,4.804021044733257
24417,Eastward,Adventure|Indie|Role-playing (RPG)|Simulator,89.07220974677179,40,2021,3,multi,3.713572066704308
24654,New World: Aeternum,Adventure|Role-playing (RPG),64.91689388871255,101,2021,1,single,4.624972813284271
24989,HellSign,Adventure|Indie|Puzzle|Role-playing (RPG)|Tactical,51.67979002624672,4,2021,2,multi,1.6094379124341003
25555,Shattered: Tale of the Forgotten King,Adventure|Indie|Platform|Puzzle|Role-playing (RPG),50.0,3,2021,1,single,1.3862943611198906
25825,Jupiter Hell,Arcade|Indie|Role-playing (RPG)|Shooter|Strategy|Turn-based strategy (TBS),72.0531385057539,8,2021,3,multi,2.1972245773362196
25935,The Artful Escape,Adventure|Indie|Music|Platform|Puzzle|Role-playing (RPG),82.45627214771089,58,2021,3,multi,4.07753744390572
26775,Shin Megami Tensei V,Adventure|Role-playing (RPG),86.38785705154488,42,2021,1,single,3.7612001156935624
26879,Werewolf: The Apocalypse - Earthblood,Adventure|Role-playing (RPG),67.33130523272482,14,2021,5,multi,2.70805020110221
27097,Can't Drive This,Indie|Racing,50.0,4,2021,7,multi,1.6094379124341003
27409,Narita Boy,Adventure|Indie|Platform,75.77754002259712,28,2021,6,multi,3.367295829986474
27413,Genesis Noir,Adventure|Indie|Point-and-click,68.79929833794039,28,2021,4,multi,3.367295829986474
28526,Edge of Eternity,Adventure|Indie|Role-playing (RPG)|Strategy|Turn-based strategy (TBS),50.0,6,2021,1,single,1.9459101490553132
29411,Clone Drone in the Danger Zone,Fighting|Hack and slash/Beat 'em up|Indie|Shooter|Simulator,72.2104022320801,28,2021,5,multi,3.367295829986474
30548,Pavlov VR,Indie|Shooter,80.67148427166968,15,2021,1,single,2.772588722239781
32680,Legion TD 2,Indie|Real Time Strategy (RTS)|Strategy,51.8371421173172,11,2021,2,multi,2.4849066497880004
36646,GTFO,Adventure|Shooter,74.85636015267647,30,2021,1,single,3.4339872044851463
44074,Evil Genius 2: World Domination,Real Time Strategy (RTS)|Simulator|Strategy,67.94782927081856,7,2021,1,single,2.0794415416798357
47136,HammerHelm,Adventure|Indie|Role-playing (RPG)|Simulator|Strategy,70.0,1,2021,1,single,0.6931471805599453
54842,Biomutant,Adventure|Role-playing (RPG),59.1728927605773,79,2021,3,multi,4.382026634673881
55029,Age of Empires IV,Real Time Strategy (RTS)|Strategy,71.95390787328766,123,2021,1,single,4.820281565605037
55163,Resident Evil Village,Adventure|Shooter,83.8064713398792,580,2021,6,multi,6.364750756851911
55689,Academia: School Simulator,Indie|Simulator|Strategy,69.81034505672702,9,2021,2,multi,2.302585092994046
56012,Russian Fishing 4,Adventure|Role-playing (RPG)|Simulator|Sport,75.7701578352224,18,2021,1,single,2.9444389791664403
58479,Out of Line,Adventure|Indie|Platform|Puzzle,69.0062820108272,17,2021,3,multi,2.8903717578961645
71457,Away: The Survival Series,Adventure|Fighting|Indie|Platform|Puzzle|Simulator,63.28083989501312,5,2021,3,multi,1.791759469228055
71595,Flynn: Son of Crimson,Adventure|Indie|Platform|Role-playing (RPG),82.62443047867143,12,2021,5,multi,2.5649493574615367
72472,HuniePop 2: Double Date,Indie|Puzzle|Simulator|Strategy|Visual Novel,70.82556129771514,23,2021,2,multi,3.1780538303479458
74692,Boyfriend Dungeon,Adventure|Indie|Role-playing (RPG)|Simulator,62.19112557325315,16,2021,5,multi,2.833213344056216
74956,City Game Studio,Indie|Simulator|Strategy,80.04747533662362,9,2021,3,multi,2.302585092994046
75341,Wytchwood,Adventure|Indie|Puzzle|Role-playing (RPG)|Simulator,70.08161305808929,20,2021,6,multi,3.044522437723423
79802,Kaze and the Wild Masks,Adventure|Arcade|Indie|Platform,70.45125265407626,23,2021,5,multi,3.1780538303479458
79995,Sable,Adventure|Indie|Platform|Puzzle|Role-playing (RPG),73.45810530200704,60,2021,3,multi,4.110873864173311
80885,Astalon: Tears of the Earth,Adventure|Indie|Platform|Puzzle,79.52434512119618,10,2021,6,multi,2.3978952727983707
81680,Mr. Prepper,Adventure|Indie|Point-and-click|Role-playing (RPG)|Simulator,67.13115644620602,16,2021,2,multi,2.833213344056216
81909,Exo One,Adventure|Indie|Simulator,69.64734126187315,31,2021,3,multi,3.4657359027997265
83416,Hitchhiker,Adventure|Indie|Puzzle,46.79843826256711,6,2021,6,multi,1.9459101490553132
83504,Wildermyth,Adventure|Indie|Role-playing (RPG)|Strategy|Tactical|Turn-based strategy (TBS),79.95985516093688,37,2021,3,multi,3.6375861597263857
87067,Runes of Avalon 2,Puzzle|Strategy,90.0,2,2021,1,single,1.0986122886681098
89597,Unbound: Worlds Apart,Adventure|Indie|Platform|Puzzle|Role-playing (RPG),70.67146282973621,5,2021,4,multi,1.791759469228055
91041,Scavengers,Shooter|Strategy,59.75948012865138,7,2021,1,single,2.0794415416798357
91477,Before Your Eyes,Adventure|Indie,83.20136103339969,80,2021,2,multi,4.394449154672439
95215,Idol Manager,Indie|Music|Simulator|Visual Novel,69.11041030882228,9,2021,3,multi,2.302585092994046
95407,Encased,Adventure|Indie|Role-playing (RPG)|Strategy|Tactical,66.78177907247444,16,2021,1,single,2.833213344056216
96094,Eximius: Seize the Frontline,Indie|Real Time Strategy (RTS)|Shooter|Strategy,50.0,1,2021,1,single,0.6931471805599453
96394,Record of Lodoss War: Deedlit in Wonder Labyrinth,Adventure|Hack and slash/Beat 'em up|Indie|Platform|Role-playing (RPG),79.83706663089069,29,2021,1,single,3.4011973816621555
96482,Arkham Horror: Mother's Embrace,Adventure|Role-playing (RPG),60.96328872792267,5,2021,4,multi,1.791759469228055
97174,Journey of Life,Adventure|Indie|Role-playing (RPG)|Simulator,70.0,1,2021,1,single,0.6931471805599453
97257,Tails Noir,Adventure|Indie|Point-and-click|Puzzle|Role-playing (RPG)|Visual Novel,71.44866744678026,31,2021,4,multi,3.4657359027997265
97494,Umamusume: Pretty Derby,Music|Role-playing (RPG)|Simulator|Sport|Visual Novel,74.47902133372537,32,2021,3,multi,3.4965075614664802
98073,Urtuk: The Desolation,Indie|Role-playing (RPG)|Strategy|Tactical|Turn-based strategy (TBS),79.95270102066218,5,2021,3,multi,1.791759469228055
99302,Rustler,Adventure|Indie|Racing|Role-playing (RPG)|Shooter,69.72252184101652,15,2021,1,single,2.772588722239781
101007,Mundaun,Adventure|Indie|Puzzle|Simulator,79.80682390401157,15,2021,3,multi,2.772588722239781
102058,Outriders,Adventure|Role-playing (RPG)|Shooter,74.13472228645814,87,2021,6,multi,4.477336814478207
103219,Strangeland,Adventure|Point-and-click|Puzzle,76.23212918249396,15,2021,1,single,2.772588722239781
103281,Halo Infinite,Adventure|Shooter,80.39982287908815,296,2021,3,multi,5.6937321388027
103320,The Forgotten City,Adventure|Indie|Role-playing (RPG),80.96429429739437,150,2021,5,multi,5.017279836814924
103538,Xera: Survival,Adventure|Indie|Shooter|Simulator|Strategy,84.0,6,2021,1,single,1.9459101490553132
104568,Project Nightmares Case 36: Henrietta Kedward,Adventure|Indie|Puzzle,69.45121708454255,5,2021,1,single,1.791759469228055
104967,Valheim,Adventure|Indie|Role-playing (RPG),84.05010050457791,292,2021,2,multi,5.680172609017068
106836,Scarf,Adventure|Indie|Platform|Role-playing (RPG)|Strategy,69.95941644929873,5,2021,1,single,1.791759469228055
107688,Them and Us,Adventure|Indie|Puzzle|Shooter,86.46162871424055,10,2021,1,single,2.3978952727983707
108409,Rising Hell,Adventure|Indie|Platform|Role-playing (RPG),70.0,4,2021,4,multi,1.6094379124341003
109650,The Darkside Detective: A Fumble in the Dark,Adventure|Indie|Point-and-click|Puzzle,70.18724970927988,12,2021,9,multi,2.5649493574615367
109826,Super Animal Royale,Adventure|Arcade|Indie|Shooter,65.89003568575767,38,2021,3,multi,3.6635616461296463
111086,Spellcaster University,Card & Board Game|Indie|Simulator|Strategy,50.0,4,2021,2,multi,1.6094379124341003
111603,Horror Legends,Indie,70.0,2,2021,1,single,1.0986122886681098
111661,Omno,Adventure|Indie|Platform|Puzzle,86.07007008127934,43,2021,4,multi,3.784189633918261
111704,Clash of Chefs VR,Indie|Simulator,50.0,1,2021,3,multi,0.6931471805599453
111813,Skatebird,Indie|Racing|Simulator|Sport,57.78099397910169,12,2021,6,multi,2.5649493574615367
111815,Unsighted,Adventure|Hack and slash/Beat 'em up|Indie|Platform|Role-playing (RPG)|Shooter,71.58325994280845,16,2021,4,multi,2.833213344056216
113598,Deathloop,Adventure|Shooter,81.17211921288029,254,2021,2,multi,5.541263545158426
113739,Bright Memory: Infinite,Adventure|Hack and slash/Beat 'em up|Indie|Shooter,62.15209007910973,48,2021,1,single,3.8918202981106265
113998,Dysmantle,Adventure|Indie|Puzzle|Role-playing (RPG)|Simulator,60.58220013170114,38,2021,2,multi,3.6635616461296463
114156,Succubus,Adventure,60.0442035124848,13,2021,1,single,2.6390573296152584
114536,Bustafellows,Visual Novel,91.9462416251053,5,2021,2,multi,1.791759469228055
114666,The Captain,Adventure|Indie|Role-playing (RPG)|Simulator,64.03412932279697,5,2021,3,multi,1.791759469228055
114883,Burned Land,Indie|Strategy,70.0,1,2021,1,single,0.6931471805599453
115054,Chernobylite,Adventure|Role-playing (RPG)|Shooter|Simulator,68.66322008865508,50,2021,1,single,3.9318256327243257
115279,Rune Factory 5,Adventure|Role-playing (RPG)|Simulator,69.81601063247541,10,2021,1,single,2.3978952727983707
115514,Pumpkin Days,Indie|Role-playing (RPG)|Simulator,60.0,1,2021,1,single,0.6931471805599453
115588,Lamentum,Adventure|Indie|Puzzle|Role-playing (RPG),71.95284872298625,8,2021,5,multi,2.1972245773362196
115711,Curious Expedition 2,Adventure|Card & Board Game|Indie|Role-playing (RPG)|Simulator|Strategy|Turn-based strategy (TBS),69.67165815484614,10,2021,1,single,2.3978952727983707
115843,Unpacking,Indie|Point-and-click|Puzzle|Simulator,72.38143563100645,239,2021,6,multi,5.480638923341991
115851,F.I.S.T.: Forged In Shadow Torch,Adventure|Indie|Platform|Role-playing (RPG)|Simulator,61.75312972082601,38,2021,3,multi,3.6635616461296463
115903,Lust from Beyond,Adventure|Indie|Puzzle,69.30805696784023,18,2021,1,single,2.9444389791664403
115991,The Riftbreaker,Adventure|Indie|Role-playing (RPG)|Shooter|Simulator|Strategy,64.96522096382633,20,2021,3,multi,3.044522437723423
116053,Emily is Away <3,Adventure|Indie|Simulator|Visual Novel,74.63664992991713,19,2021,3,multi,2.995732273553991
116156,Solar Ash,Adventure|Indie|Platform,71.93264354184755,26,2021,3,multi,3.295836866004329
116200,Back 4 Blood,Shooter,67.25096086729548,122,2021,5,multi,4.812184355372417
116403,Eldest Souls,Adventure|Indie|Role-playing (RPG),60.46062956411885,15,2021,6,multi,2.772588722239781
116422,Tails of Iron,Adventure|Indie|Platform|Role-playing (RPG),73.89320651854972,44,2021,6,multi,3.8066624897703196
116522,The Wild at Heart,Adventure|Indie|Puzzle|Strategy,61.67717387287303,16,2021,4,multi,2.833213344056216
116578,Moncage,Adventure|Card & Board Game|Indie|Puzzle|Simulator|Strategy,78.75504032817646,10,2021,3,multi,2.3978952727983707
116588,Fantasian,Role-playing (RPG)|Turn-based strategy (TBS),70.65761085533245,7,2021,2,multi,2.0794415416798357
116650,Cyber Shadow,Adventure|Arcade|Hack and slash/Beat 'em up|Indie|Platform,73.22850663962954,26,2021,7,multi,3.295836866004329
116899,R-Type Final 2,Arcade|Platform|Shooter,77.25135384831648,7,2021,5,multi,2.0794415416798357
116992,Trials of Fire,Card & Board Game|Indie|Role-playing (RPG)|Strategy,70.0,4,2021,1,single,1.6094379124341003
117266,Chicory: A Colorful Tale,Adventure|Indie|Puzzle|Role-playing (RPG),81.11119726949377,29,2021,4,multi,3.4011973816621555
117310,Encodya,Adventure|Point-and-click|Puzzle,57.68764565682963,8,2021,1,single,2.1972245773362196
117312,Embr,Indie|Platform|Puzzle|Simulator|Strategy,59.85307017857791,8,2021,5,multi,2.1972245773362196
117422,KeyWe,Indie|Platform|Puzzle,70.04345225509628,5,2021,6,multi,1.791759469228055
118044,Tohu,Adventure|Indie|Point-and-click|Puzzle,59.10647651337986,10,2021,6,multi,2.3978952727983707
118193,Toem,Adventure|Indie|Puzzle,85.53226559260546,73,2021,4,multi,4.30406509320417
118235,Serin Fate,Adventure|Indie|Puzzle|Role-playing (RPG)|Simulator,80.0,1,2021,1,single,0.6931471805599453
118600,Killsquad,Arcade|Hack and slash/Beat 'em up|Indie|Role-playing (RPG),70.0,1,2021,1,single,0.6931471805599453
119159,Fuga: Melodies of Steel,Role-playing (RPG)|Simulator|Strategy|Turn-based strategy (TBS),86.28798365860895,21,2021,6,multi,3.091042453358316
119249,Roguebook,Adventure|Card & Board Game|Indie|Puzzle|Role-playing (RPG)|Strategy|Tactical|Turn-based strategy (TBS),77.23622952832686,12,2021,3,multi,2.5649493574615367
119270,Tales of Arise,Adventure|Role-playing (RPG),82.41422582001996,83,2021,5,multi,4.430816798843313
119285,Lost in Random,Adventure|Indie|Role-playing (RPG),70.05036746965196,42,2021,6,multi,3.7612001156935624
119342,Chivalry 2,Fighting|Hack and slash/Beat 'em up|Indie|Tactical,79.6447526784326,56,2021,5,multi,4.04305126783455
119349,Cris Tales,Adventure|Indie|Role-playing (RPG),67.02762749500954,16,2021,7,multi,2.833213344056216
119368,Stronghold: Warlords,Real Time Strategy (RTS)|Simulator|Strategy,58.87556137840672,11,2021,1,single,2.4849066497880004
119372,Circuit Superstars,Adventure|Arcade|Indie|Racing|Simulator|Sport,70.07646969925949,5,2021,1,single,1.791759469228055
119387,No More Heroes III,Adventure|Hack and slash/Beat 'em up,73.72464528130732,29,2021,1,single,3.4011973816621555
119464,Lemnis Gate,Indie|Shooter|Strategy,79.91196469900879,6,2021,5,multi,1.9459101490553132
119856,Garden Story,Adventure|Indie|Role-playing (RPG)|Simulator,68.31978010971406,12,2021,3,multi,2.5649493574615367
120550,Olija,Adventure|Arcade|Hack and slash/Beat 'em up|Indie|Platform,61.81734044302257,16,2021,4,multi,2.833213344056216
120619,Tribes of Midgard,Adventure|Fighting|Indie|Role-playing (RPG),60.42491240071627,28,2021,3,multi,3.367295829986474
120624,Rainbow Billy: The Curse of the Leviathan,Adventure|Indie|Platform|Puzzle|Role-playing (RPG),85.34263189812008,5,2021,1,single,1.791759469228055
120720,Hundred Days,Indie|Simulator|Strategy,60.05911490182886,10,2021,3,multi,2.3978952727983707
121084,In Sound Mind,Adventure|Indie|Platform|Puzzle|Shooter,85.3648791629491,29,2021,3,multi,3.4011973816621555
121235,Eastern Exorcist,Adventure|Hack and slash/Beat 'em up|Indie|Platform|Role-playing (RPG)|Strategy,70.14781692028738,12,2021,1,single,2.5649493574615367
121295,Grime,Adventure|Indie|Platform|Role-playing (RPG),79.61447382265699,26,2021,2,multi,3.295836866004329
121524,Minute of Islands,Adventure|Indie|Platform|Puzzle,79.35783032656916,8,2021,5,multi,2.1972245773362196
121531,Gamedec,Adventure|Indie|Point-and-click|Puzzle|Role-playing (RPG),78.37602782366321,19,2021,1,single,2.995732273553991
121567,Papetura,Adventure|Indie|Platform|Point-and-click|Puzzle,68.70619640949678,19,2021,2,multi,2.995732273553991
121697,Heavenly Bodies,Adventure|Indie|Simulator|Strategy,68.93155220023027,22,2021,4,multi,3.1354942159291497
121715,The Eternal Cylinder,Adventure,57.5177304964539,9,2021,3,multi,2.302585092994046
121731,Humankind,Simulator|Strategy|Turn-based strategy (TBS),78.10026677068741,43,2021,3,multi,3.784189633918261
121758,Comanche,Fighting|Shooter|Simulator,60.0,2,2021,1,single,1.0986122886681098
121760,Little Nightmares II,Adventure|Platform|Puzzle,82.45200155578927,326,2021,5,multi,5.7899601708972535
121767,The Big Con,Adventure|Indie|Point-and-click,60.01628644213937,7,2021,3,multi,2.0794415416798357
121881,King's Bounty II,Adventure|Role-playing (RPG)|Strategy|Turn-based strategy (TBS),68.84175934822805,11,2021,5,multi,2.4849066497880004
121894,Black Book,Adventure|Card & Board Game|Indie|Role-playing (RPG)|Strategy|Turn-based strategy (TBS),82.28834483821507,36,2021,5,multi,3.6109179126442243
121898,First Class Trouble,Indie,53.90528347493803,9,2021,1,single,2.302585092994046
121998,Medieval Dynasty,Adventure|Indie|Role-playing (RPG)|Simulator,64.58529456002574,41,2021,1,single,3.7376696182833684
122050,A Juggler's Tale,Adventure|Indie|Platform|Puzzle,78.68638333449908,18,2021,6,multi,2.9444389791664403
122105,The Legend of Sword and Fairy 7,Adventure|Role-playing (RPG),59.93762820591805,6,2021,1,single,1.9459101490553132
122126,Greak: Memories of Azur,Adventure|Indie|Platform|Puzzle|Role-playing (RPG),57.5,8,2021,4,multi,2.1972245773362196
122429,Firestone: Online Idle RPG,Adventure|Indie|Point-and-click|Role-playing (RPG)|Simulator,47.06422018348624,7,2021,1,single,2.0794415416798357
122522,Gas Station Simulator,Indie|Simulator,75.35737201384856,32,2021,1,single,3.4965075614664802
122743,Pawnbarian,Card & Board Game|Indie|Puzzle|Strategy|Tactical,73.33648840511121,6,2021,3,multi,1.9459101490553132
123251,Surviving the Aftermath,Simulator|Strategy,54.58812975417884,19,2021,4,multi,2.995732273553991
123420,Critters for Sale,Adventure|Indie|Point-and-click|Visual Novel,77.2538171591765,5,2021,3,multi,1.791759469228055
123473,Arietta of Spirits,Adventure|Indie|Role-playing (RPG)|Visual Novel,79.37722480033106,6,2021,4,multi,1.9459101490553132
124176,Agent Roswell,Adventure|Indie|Role-playing (RPG),70.0,2,2021,1,single,1.0986122886681098
125038,Metal Unit,Adventure|Indie|Role-playing (RPG),69.57882170272791,5,2021,1,single,1.791759469228055
125166,Battlefield 2042,Shooter,58.04045109078601,141,2021,5,multi,4.955827057601261
125373,Curse of the Dead Gods,Adventure|Indie|Role-playing (RPG)|Simulator,69.65473210020714,45,2021,4,multi,3.828641396489095
125431,I Am Fish,Adventure|Platform|Puzzle|Simulator,67.75416413289562,20,2021,3,multi,3.044522437723423
125631,Last Stop,Adventure|Indie,70.95392789702518,30,2021,6,multi,3.4339872044851463
125759,Ni no Kuni: Cross Worlds,Adventure|Role-playing (RPG)|Simulator,59.38863252540872,8,2021,2,multi,2.1972245773362196
125764,Guilty Gear: Strive,Fighting,80.66906123349133,66,2021,3,multi,4.204692619390966
126120,Say No! More,Adventure|Indie,87.28670019994054,24,2021,4,multi,3.2188758248682006
126290,Far Cry 6,Adventure|Shooter,68.58459212076727,249,2021,6,multi,5.521460917862246
126362,Endzone: A World Apart,Indie|Simulator|Strategy,64.29805530666317,17,2021,1,single,2.8903717578961645
126450,Impostor Factory,Adventure|Indie,83.84630014565238,37,2021,3,multi,3.6375861597263857
126819,Card Hog,Card & Board Game|Indie|Puzzle|Role-playing (RPG)|Strategy|Turn-based strategy (TBS),80.0,3,2021,2,multi,1.3862943611198906
126851,Boomerang X,Adventure|Arcade|Hack and slash/Beat 'em up|Indie|Shooter,73.3733366627398,8,2021,2,multi,2.1972245773362196
127031,The Rewinder,Adventure|Indie|Point-and-click|Puzzle,59.48024948024951,7,2021,2,multi,2.0794415416798357
127240,Until We Die,Adventure|Indie|Simulator|Strategy,80.01041715254132,5,2021,1,single,1.791759469228055
127254,Pathfinder: Wrath of the Righteous,Adventure|Indie|Role-playing (RPG)|Strategy|Tactical,89.74383661558409,45,2021,2,multi,3.828641396489095
127269,Axiom Verge 2,Adventure|Indie|Platform,69.87122525229674,23,2021,4,multi,3.1780538303479458
127344,Bravely Default II,Adventure|Role-playing (RPG),73.17250911319746,21,2021,1,single,3.091042453358316
127348,Dungeons & Dragons: Dark Alliance,Role-playing (RPG),49.91281267910657,17,2021,5,multi,2.8903717578961645
127352,Naraka: Bladepoint,Fighting|Hack and slash/Beat 'em up,64.8297079155394,56,2021,1,single,4.04305126783455
127358,Ruined King: A League of Legends Story,Adventure|Indie|Role-playing (RPG)|Turn-based strategy (TBS),77.44779380436317,29,2021,4,multi,3.4011973816621555
127743,Lake,Adventure|Indie|Role-playing (RPG)|Simulator,69.0802425624235,68,2021,3,multi,4.23410650459726
127842,Skul: The Hero Slayer,Indie|Platform,67.09421542507846,34,2021,3,multi,3.5553480614894135
128097,Turnip Boy Commits Tax Evasion,Adventure|Indie|Puzzle|Role-playing (RPG),68.70495703573289,71,2021,4,multi,4.276666119016055
128948,Industria,Adventure|Indie|Puzzle|Shooter,69.77075303116895,34,2021,1,single,3.5553480614894135
129057,Rain on Your Parade,Adventure|Arcade|Fighting|Indie|Puzzle|Simulator,78.52261936967302,23,2021,6,multi,3.1780538303479458
129388,Element TD 2,Indie|Strategy,70.05388269546772,7,2021,1,single,2.0794415416798357
129518,ElecHead,Adventure|Indie|Platform|Puzzle,79.97298495524743,5,2021,1,single,1.791759469228055
129802,Ynglet,Adventure|Arcade|Indie|Music|Platform|Puzzle,76.41076638319852,7,2021,2,multi,2.0794415416798357
130320,Alisa,Adventure|Indie,79.91126322147028,8,2021,3,multi,2.1972245773362196
130517,Mad Streets,Fighting|Hack and slash/Beat 'em up|Indie|Simulator,79.48854115398927,7,2021,1,single,2.0794415416798357
131760,Library of Ruina,Adventure|Indie|Role-playing (RPG)|Simulator|Strategy|Turn-based strategy (TBS),89.32280094347027,13,2021,2,multi,2.6390573296152584
131868,Blue Fire,Adventure|Hack and slash/Beat 'em up|Indie|Platform|Role-playing (RPG),68.92152964866513,24,2021,3,multi,3.2188758248682006
132005,NieR Re[in]carnation,Adventure|Role-playing (RPG),62.48465188305708,10,2021,2,multi,2.3978952727983707
132038,Maquette,Adventure|Indie|Puzzle,69.35603795233465,29,2021,3,multi,3.4011973816621555
132083,Everhood,Adventure|Indie|Music|Role-playing (RPG),75.35373246144151,53,2021,2,multi,3.9889840465642745
132198,Karma City Police,Adventure|Indie|Role-playing (RPG)|Simulator|Strategy,70.0,4,2021,1,single,1.6094379124341003
132312,UnMetal,Adventure|Indie|Platform,74.32682396314762,20,2021,1,single,3.044522437723423
132333,Buddy Simulator 1984,Adventure|Arcade|Indie|Role-playing (RPG)|Simulator,70.37757298907312,16,2021,1,single,2.833213344056216
132353,Astronarch,Indie|Role-playing (RPG)|Strategy,67.9667402068843,5,2021,1,single,1.791759469228055
132422,Fights in Tight Spaces,Card & Board Game|Fighting|Indie|Strategy|Tactical|Turn-based strategy (TBS),80.20147486850774,16,2021,2,multi,2.833213344056216
132457,Pureya,Arcade|Indie,75.02946954813359,7,2021,5,multi,2.0794415416798357
132788,Cooking Companions,Adventure|Indie|Role-playing (RPG)|Simulator|Visual Novel,70.23806460213946,7,2021,1,single,2.0794415416798357
132793,Crash Bandicoot: On the Run!,Adventure|Platform,50.76741529888984,13,2021,2,multi,2.6390573296152584
132928,Dice Legacy,Adventure|Indie|Puzzle|Simulator|Strategy,68.76687471673102,6,2021,2,multi,1.9459101490553132
133302,Scarlet Nexus,Adventure|Role-playing (RPG),77.08752902600077,90,2021,5,multi,4.51085950651685
133305,Chorus,Adventure|Arcade|Indie|Shooter,69.01036705245573,37,2021,6,multi,3.6375861597263857
133307,The Ascent,Adventure|Indie|Role-playing (RPG)|Shooter,71.84388070890273,88,2021,3,multi,4.48863636973214
133308,The Medium,Adventure,70.8346291875324,153,2021,2,multi,5.0369526024136295
133375,The Last Stand: Aftermath,Adventure|Indie|Shooter,68.99839507966138,8,2021,4,multi,2.1972245773362196
133408,Banners of Ruin,Card & Board Game|Indie|Role-playing (RPG)|Strategy|Turn-based strategy (TBS),77.20753260174354,9,2021,2,multi,2.302585092994046
133674,Old World,Simulator|Strategy|Turn-based strategy (TBS),89.76136033127418,17,2021,2,multi,2.8903717578961645
133846,Insurmountable,Adventure|Indie|Simulator|Strategy,74.03404588706191,13,2021,1,single,2.6390573296152584
134161,Sherlock Holmes: Chapter One,Adventure|Indie,75.87851470084563,39,2021,3,multi,3.6888794541139363
134483,Gunfire Reborn,Adventure|Indie|Role-playing (RPG)|Shooter,73.8565071682498,43,2021,1,single,3.784189633918261
134564,Demon Turf,Adventure|Indie|Platform,79.9293680118246,10,2021,6,multi,2.3978952727983707
134574,Paradise Lost,Adventure|Indie,66.9316474059748,15,2021,3,multi,2.772588722239781
134582,Ratchet & Clank: Rift Apart,Adventure|Platform|Shooter,85.89460613833481,305,2021,1,single,5.723585101952381
134584,Returnal,Shooter,83.0335742018064,188,2021,1,single,5.241747015059643
134587,Destruction AllStars,Racing|Sport,54.93332567001993,14,2021,1,single,2.70805020110221
134588,Kena: Bridge of Spirits,Adventure|Indie|Role-playing (RPG),79.16399596002279,219,2021,3,multi,5.393627546352362
134595,Hitman 3,Adventure|Shooter|Tactical,85.49445054202769,219,2021,7,multi,5.393627546352362
134784,Just Die Already,Adventure|Indie|Platform|Simulator,50.49975594025184,13,2021,5,multi,2.6390573296152584
134813,Icarus,Adventure|Simulator,69.91137356295799,21,2021,1,single,3.091042453358316
134822,Operation: Tango,Adventure|Indie|Puzzle|Strategy,79.613492764785,30,2021,5,multi,3.4339872044851463
135142,New Pokémon Snap,Adventure|Simulator,73.27176939072655,50,2021,1,single,3.9318256327243257
135243,It Takes Two,Adventure|Platform|Puzzle,88.41697352896709,1112,2021,5,multi,7.014814351275545
135381,Pokémon Unite,MOBA|Strategy,67.29337440813457,98,2021,1,single,4.59511985013459
135992,Balan Wonderworld,Platform,26.74411514091756,12,2021,6,multi,2.5649493574615367
136000,The Gunk,Adventure,62.99856016692094,69,2021,3,multi,4.248495242049359
136407,Cloud Gardens,Indie|Puzzle|Simulator|Strategy,58.39310519971924,5,2021,4,multi,1.791759469228055
136414,Atelier Ryza 2: Lost Legends & the Secret Fairy,Adventure|Role-playing (RPG),70.14889232432616,15,2021,4,multi,2.772588722239781
136512,Hood: Outlaws & Legends,Adventure|Role-playing (RPG)|Shooter|Strategy,55.77389099340675,11,2021,5,multi,2.4849066497880004
136715,Echo,Indie|Visual Novel,94.06614744347797,12,2021,4,multi,2.5649493574615367
136981,Hoa,Adventure|Indie|Platform|Puzzle|Strategy,68.93259917632474,19,2021,7,multi,2.995732273553991
137111,Lemon Cake,Indie|Simulator|Strategy,69.41143896553507,5,2021,1,single,1.791759469228055
137125,The Witcher: Monster Slayer,Role-playing (RPG),64.00866424713941,10,2021,1,single,2.3978952727983707
137216,Cleo: A Pirate's Tale,Adventure|Indie|Point-and-click|Puzzle,69.31318348085176,5,2021,2,multi,1.791759469228055
137635,8Doors: Arum's Afterlife Adventure,Adventure|Indie|Platform,60.30837430347442,5,2021,1,single,1.791759469228055
137985,Rogue Heroes: Ruins of Tasos,Adventure|Indie|Role-playing (RPG),70.82065578269699,8,2021,2,multi,2.1972245773362196
138031,Aragami 2,Adventure|Indie,59.98636973068201,26,2021,5,multi,3.295836866004329
138206,Aerial_Knight's Never Yield,Adventure|Arcade|Indie|Music|Platform,43.25107724221375,9,2021,6,multi,2.302585092994046
138208,White Shadows,Adventure|Indie|Platform|Puzzle,67.5324264473268,10,2021,3,multi,2.3978952727983707
138270,Adios,Adventure|Indie|Simulator,71.16178124890438,33,2021,2,multi,3.5263605246161616
138407,Cyber Manhunt,Indie|Puzzle|Role-playing (RPG)|Simulator,71.94803946056335,7,2021,2,multi,2.0794415416798357
138569,Tormented Souls,Adventure|Indie|Puzzle|Shooter,82.39204787193067,41,2021,3,multi,3.7376696182833684
138592,Smash Legends,Fighting|MOBA|Platform|Shooter|Strategy,77.1450030926924,10,2021,3,multi,2.3978952727983707
138598,Kraken Academy!!,Adventure|Indie|Role-playing (RPG),64.35784820871227,10,2021,2,multi,2.3978952727983707
138733,Lacuna,Adventure|Indie|Puzzle,73.39089814730829,22,2021,1,single,3.1354942159291497
138766,Riders Republic,Racing|Simulator|Sport,56.01641003910278,33,2021,6,multi,3.5263605246161616
138858,Ender Lilies: Quietus of the Knights,Adventure|Indie|Platform|Role-playing (RPG),85.75373048915141,71,2021,5,multi,4.276666119016055
138862,The Shore,Adventure|Indie,69.40377613649488,10,2021,1,single,2.3978952727983707
138871,The Life and Suffering of Sir Brante,Adventure|Indie|Role-playing (RPG)|Simulator|Strategy|Visual Novel,80.41904723717616,41,2021,1,single,3.7376696182833684
138933,Five Nights at Freddy's: Security Breach,Adventure|Indie|Simulator|Strategy,58.72531824847208,34,2021,3,multi,3.5553480614894135
138950,Monster Hunter Rise,Adventure|Hack and slash/Beat 'em up|Role-playing (RPG),80.37733623922746,117,2021,1,single,4.770684624465665
138951,Monster Hunter Stories 2: Wings of Ruin,Adventure|Role-playing (RPG),79.75192421659332,29,2021,2,multi,3.4011973816621555
138980,Sniper Ghost Warrior Contracts 2,Shooter|Tactical,65.34682530359046,20,2021,5,multi,3.044522437723423
139082,Firework,Adventure|Indie|Puzzle,67.94001370280402,10,2021,1,single,2.3978952727983707
139090,Inscryption,Adventure|Card & Board Game|Indie|Puzzle|Strategy,85.64235632126228,390,2021,3,multi,5.968707559985366
139135,Mighty Goose,Arcade|Indie|Platform|Shooter,70.06338067501676,7,2021,8,multi,2.0794415416798357
139391,Blue Archive,Adventure|Role-playing (RPG)|Simulator|Strategy|Visual Novel,83.95914354983262,37,2021,2,multi,3.6375861597263857
139399,Ragnarock,Arcade|Indie|Music|Racing|Sport,71.03402280556008,15,2021,2,multi,2.772588722239781
139458,Webbed,Adventure|Indie|Platform|Puzzle,77.65228090529233,27,2021,1,single,3.332204510175204
139566,Mind Scanners,Adventure|Point-and-click|Role-playing (RPG)|Simulator|Strategy,63.64861252557859,14,2021,2,multi,2.70805020110221
139600,Milo and the Magpies,Adventure|Point-and-click|Puzzle,60.25074125196451,11,2021,2,multi,2.4849066497880004
139605,Sizeable,Indie|Puzzle|Strategy,86.06705354887544,15,2021,2,multi,2.772588722239781
139684,Rubber Bandits,Arcade|Fighting|Hack and slash/Beat 'em up|Indie,54.73275850647894,14,2021,5,multi,2.70805020110221
139708,Devour,Indie,70.70672949014757,51,2021,2,multi,3.9512437185814275
140500,Story of Seasons: Pioneers of Olive Town,Role-playing (RPG)|Simulator|Strategy,57.62240591716722,10,2021,1,single,2.3978952727983707
140617,The Dark Pictures Anthology: House of Ashes,Adventure,72.66364565638453,169,2021,5,multi,5.135798437050262
140654,Happy's Humble Burger Farm,Adventure|Arcade|Indie|Simulator,71.11692844677138,8,2021,5,multi,2.1972245773362196
141130,Melvor Idle,Adventure|Indie|Role-playing (RPG)|Strategy,78.49198738152086,13,2021,6,multi,2.6390573296152584
141192,NEO: The World Ends with You,Hack and slash/Beat 'em up|Role-playing (RPG),79.6371192449626,25,2021,2,multi,3.258096538021482
141233,Modern Warships,Shooter|Simulator,82.8,5,2021,2,multi,1.791759469228055
141365,Dread Hunger,Adventure|Indie|Shooter,70.26301551040038,5,2021,1,single,1.791759469228055
141412,Slipways,Puzzle|Strategy|Turn-based strategy (TBS),73.51613944357297,6,2021,2,multi,1.9459101490553132
141503,Forza Horizon 5,Racing,84.75140867049264,344,2021,3,multi,5.84354441703136
141533,Loop Hero,Adventure|Card & Board Game|Indie|Role-playing (RPG)|Strategy,75.77212313875665,156,2021,3,multi,5.056245805348308
141536,Century: Age of Ashes,Adventure,65.13018018622466,11,2021,1,single,2.4849066497880004
141543,Road 96,Adventure|Indie|Puzzle,74.13197039055629,138,2021,2,multi,4.9344739331306915
141545,Ghosts 'n Goblins Resurrection,Adventure|Platform,79.91563227333694,12,2021,1,single,2.5649493574615367
141546,Capcom Arcade Stadium,Arcade|Fighting|Platform|Shooter,76.02211139641315,9,2021,1,single,2.302585092994046
141674,Hexceed,Indie|Puzzle,69.89119793354627,9,2021,2,multi,2.302585092994046
141681,Happy Game,Adventure|Indie|Point-and-click|Puzzle,71.93837940674273,24,2021,3,multi,3.2188758248682006
141740,Beasts of Maravilla Island,Adventure|Indie|Puzzle,70.10776711819591,7,2021,5,multi,2.0794415416798357
141833,The Legend of Heroes: Trails Through Daybreak,Role-playing (RPG)|Turn-based strategy (TBS),62.48847315865142,7,2021,1,single,2.0794415416798357
142076,Cruelty Squad,Indie|Shooter|Simulator|Tactical,78.01027015632476,34,2021,1,single,3.5553480614894135
142217,Sunlight,Adventure|Indie,11.24587477020532,8,2021,1,single,2.1972245773362196
142340,Ocean's Heart,Adventure|Indie|Role-playing (RPG),79.57268120479644,6,2021,1,single,1.9459101490553132
142405,Here Comes Niko!,Adventure|Indie|Platform|Puzzle,79.98960160166375,6,2021,1,single,1.9459101490553132
142419,Teacup,Adventure|Indie|Puzzle,72.50459235893045,7,2021,6,multi,2.0794415416798357
142461,OnlyCans: Thirst Date,Indie|Simulator|Visual Novel,52.83617227530813,6,2021,1,single,1.9459101490553132
142488,Tiny Lands,Adventure|Indie|Point-and-click|Puzzle,86.3035571180234,9,2021,1,single,2.302585092994046
142596,Lost Ruins,Adventure|Indie|Platform|Puzzle|Role-playing (RPG)|Strategy,69.77157131042267,18,2021,3,multi,2.9444389791664403
142672,Wobbledogs,Indie|Simulator,76.38044965596498,7,2021,1,single,2.0794415416798357
142737,Cookie Run: Kingdom,Puzzle|Role-playing (RPG),73.65013916932381,19,2021,2,multi,2.995732273553991
142862,Farlight 84,Shooter|Tactical,30.2673608707253,31,2021,2,multi,3.4657359027997265
142909,Bowser's Fury,Adventure|Platform,79.27548297235644,55,2021,1,single,4.02535169073515
142986,Dadish 2,Adventure|Arcade|Indie|Platform,75.19222174158291,9,2021,1,single,2.302585092994046
143000,Across the Obelisk,Adventure|Card & Board Game|Role-playing (RPG)|Strategy|Turn-based strategy (TBS),72.58282028730578,10,2021,3,multi,2.3978952727983707
143071,Idoly Pride,Arcade|Music|Role-playing (RPG)|Simulator,90.12719854124752,24,2021,2,multi,3.2188758248682006
143260,MLB The Show 21,Sport,80.02810860307997,12,2021,4,multi,2.5649493574615367
143424,"Warhammer 40,000: Battlesector",Strategy|Tactical|Turn-based strategy (TBS),79.38429857941993,8,2021,1,single,2.1972245773362196
143502,The Ratchelor: A Rat Dating Sim,Indie|Visual Novel,80.18421228118918,38,2021,1,single,3.6635616461296463
143596,Press Any Button,Arcade|Indie,68.92140384693364,13,2021,1,single,2.6390573296152584
143609,Mario Golf: Super Rush,Adventure|Role-playing (RPG)|Sport,69.71774481324837,17,2021,1,single,2.8903717578961645
143615,Knockout City,Fighting|Sport,76.3063338859743,42,2021,6,multi,3.7612001156935624
143621,Shin-chan: Me and the Professor on Summer Vacation - The Endless Seven-Day Journey,Adventure|Simulator,60.663669703064,5,2021,1,single,1.791759469228055
143687,The Caregiver,Adventure|Indie|Simulator|Strategy,60.02294549339403,5,2021,1,single,1.791759469228055
143759,ALTF4,Adventure|Arcade|Indie|Platform,78.70449219108535,7,2021,1,single,2.0794415416798357
143772,MotoGP 21,Racing|Simulator|Sport,79.96578112362346,5,2021,6,multi,1.791759469228055
143776,Find Yourself,Indie|Simulator,69.91049614474625,6,2021,1,single,1.9459101490553132
143858,Mayhem Brawler,Arcade|Fighting|Hack and slash/Beat 'em up|Indie,70.09389149433036,7,2021,6,multi,2.0794415416798357
144006,Teamfight Manager,Fighting|Indie|Simulator|Sport|Strategy,81.07624415273939,8,2021,1,single,2.1972245773362196
144038,Final Fantasy VII: The First Soldier,Role-playing (RPG)|Shooter,59.96947611030862,7,2021,2,multi,2.0794415416798357
144072,Hot Wheels Unleashed,Arcade|Racing,71.5320309634329,55,2021,6,multi,4.02535169073515
144153,Aliens: Fireteam Elite,Shooter,66.23513950498788,38,2021,5,multi,3.6635616461296463
144267,City of Gangsters,Indie|Simulator|Strategy|Turn-based strategy (TBS),84.27918203167536,5,2021,1,single,1.791759469228055
144270,Mitoza,Adventure|Indie|Point-and-click|Puzzle,59.78447924119862,14,2021,4,multi,2.70805020110221
144317,Space Warlord Organ Trading Simulator,Simulator|Strategy,66.57708960372098,6,2021,3,multi,1.9459101490553132
144379,Intravenous,Indie|Shooter|Tactical,68.70634075911408,17,2021,1,single,2.8903717578961645
144442,Goose Goose Duck,Indie|Strategy,80.06916093674869,23,2021,3,multi,3.1780538303479458
144554,"If on a Winter's Night, Four Travelers",Adventure|Indie|Point-and-click,79.67728897674748,20,2021,2,multi,3.044522437723423
144687,Toree 3D,Adventure|Arcade|Indie|Platform,62.42111213284354,21,2021,2,multi,3.091042453358316
144725,Necromunda: Hired Gun,Adventure|Shooter|Turn-based strategy (TBS),66.94342560346857,25,2021,5,multi,3.258096538021482
144763,Demeo,Adventure|Card & Board Game|Indie|Role-playing (RPG)|Strategy,62.7455919395466,5,2021,5,multi,1.791759469228055
144765,Life is Strange: True Colors,Adventure,78.77877485350095,224,2021,7,multi,5.41610040220442
144783,The Jackbox Party Pack 8,Indie,78.24218990857082,12,2021,11,multi,2.5649493574615367
144800,Cozy Grove,Adventure|Indie|Puzzle|Role-playing (RPG)|Simulator,78.89308353243527,23,2021,6,multi,3.1780538303479458
144808,What the Dub?!,Card & Board Game|Indie|Quiz/Trivia,80.06550218340612,5,2021,5,multi,1.791759469228055
144849,Alchemy Stars,Role-playing (RPG)|Strategy|Tactical,75.03937007874016,5,2021,2,multi,1.791759469228055
144870,Puzzling Places,Indie|Puzzle|Simulator,83.04761904761905,6,2021,2,multi,1.9459101490553132
144931,Landlord of the Woods,Adventure|Indie|Point-and-click|Puzzle,66.0204081632653,5,2021,2,multi,1.791759469228055
144934,Make it Meme,Indie|Quiz/Trivia,91.06995884773661,10,2021,1,single,2.3978952727983707
144983,Rocket League Sideswipe,Sport|Strategy,62.37373205517009,19,2021,2,multi,2.995732273553991
145017,Melty Blood: Type Lumina,Fighting|Visual Novel,75.45937082078376,23,2021,4,multi,3.1780538303479458
145058,Blaster Master Zero III,Adventure|Indie|Platform|Shooter,79.11524251866294,5,2021,4,multi,1.791759469228055
145062,Asterix & Obelix: Slap Them All!,Arcade|Hack and slash/Beat 'em up,58.78213044915224,6,2021,4,multi,1.9459101490553132
145073,Moonglow Bay,Adventure|Indie|Role-playing (RPG),78.09588714398612,6,2021,3,multi,1.9459101490553132
145099,Death's Door,Adventure|Hack and slash/Beat 'em up|Indie|Role-playing (RPG),81.80923045127747,184,2021,3,multi,5.220355825078324
145107,Astria Ascending,Adventure|Role-playing (RPG),59.70003585078105,5,2021,6,multi,1.791759469228055
145134,Lawn Mowing Simulator,Simulator|Strategy,69.0575006418395,9,2021,3,multi,2.302585092994046
145341,Rounds,Arcade|Fighting|Indie|Platform|Shooter,68.08507658465844,15,2021,1,single,2.772588722239781
145349,3 out of 10: Season Two,Adventure,59.9773716580216,9,2021,1,single,2.302585092994046
145439,Escape Simulator,Adventure|Indie|Point-and-click|Puzzle|Simulator,85.90040593400268,46,2021,4,multi,3.8501476017100584
145515,Pac-Man 99,Arcade,77.95984329257496,17,2021,1,single,2.8903717578961645
145735,WRC 10,Racing|Simulator|Sport,79.90708721337445,12,2021,5,multi,2.5649493574615367
145773,Song of Farca,Adventure|Indie|Point-and-click|Simulator,59.69760893746481,9,2021,3,multi,2.302585092994046
145822,Hero's Hour,Adventure|Indie|Role-playing (RPG)|Strategy|Tactical|Turn-based strategy (TBS),65.77639751552795,10,2021,1,single,2.3978952727983707
145838,F1 2021,Racing|Simulator|Sport,78.81173777031395,36,2021,5,multi,3.6109179126442243
145855,Lunch Lady,Adventure|Indie,66.58620518563228,6,2021,1,single,1.9459101490553132
145861,Iblis,Adventure|Indie|Simulator,68.42696629213484,5,2021,1,single,1.791759469228055
146112,Farming Simulator 22,Simulator,69.93276259191744,31,2021,7,multi,3.4657359027997265
146395,Let's Build a Zoo,Adventure|Role-playing (RPG)|Simulator|Strategy,60.17957483115943,5,2021,1,single,1.791759469228055
146424,Tainted Grail: Conquest,Card & Board Game|Indie|Role-playing (RPG)|Strategy|Turn-based strategy (TBS),79.90275320352002,13,2021,1,single,2.6390573296152584
146438,Warpips,Indie|Real Time Strategy (RTS)|Strategy|Tactical,86.8893120044194,11,2021,1,single,2.4849066497880004
146544,Deepest Sword,Indie|Platform|Puzzle,68.52897229369843,21,2021,3,multi,3.091042453358316
146631,Haven Park,Adventure|Indie|Platform|Puzzle|Role-playing (RPG),68.74459566682637,12,2021,4,multi,2.5649493574615367
146828,Bus Simulator 21,Simulator|Strategy,76.18178206484907,7,2021,4,multi,2.0794415416798357
146851,Lost Judgment,Adventure|Hack and slash/Beat 'em up|Role-playing (RPG),86.5706630280445,48,2021,4,multi,3.8918202981106265
147190,They Always Run,Adventure|Arcade|Fighting|Hack and slash/Beat 'em up|Indie|Platform,68.59510873351634,6,2021,1,single,1.9459101490553132
148027,Snkrx,Arcade|Indie|Shooter,79.34522168753362,7,2021,1,single,2.0794415416798357
148161,Just Act Natural,Arcade|Indie|Tactical,59.74796955149272,11,2021,2,multi,2.4849066497880004
148207,Fly Corp,Indie|Puzzle|Simulator|Strategy,74.61538461538461,6,2021,1,single,1.9459101490553132
148289,My Friend Peppa Pig,Adventure,30.07573368791826,22,2021,6,multi,3.1354942159291497
148397,Muck,Adventure|Indie,60.89572808861259,78,2021,1,single,4.3694478524670215
148499,Behind the Frame: The Finest Scenery,Adventure|Indie|Point-and-click|Puzzle,79.7841740170317,50,2021,4,multi,3.9318256327243257
148900,Tavern Master,Indie|Simulator|Strategy,70.00250693611913,9,2021,3,multi,2.302585092994046
149706,Cats in Time,Adventure|Indie|Point-and-click|Puzzle,72.34740100403573,6,2021,2,multi,1.9459101490553132
149716,From the Darkness,Adventure|Indie,69.73387409576533,15,2021,1,single,2.772588722239781
149960,The Smurfs: Mission Vileaf,Adventure|Platform,59.85516399368944,6,2021,5,multi,1.9459101490553132
150004,Coin Pusher World,Arcade|Simulator|Strategy,90.0,5,2021,1,single,1.791759469228055
150008,Marsupilami: Hoobadventure,Adventure|Platform,81.85333396795458,6,2021,2,multi,1.9459101490553132
151067,Overboard!,Adventure|Indie|Point-and-click|Visual Novel,67.59306881420044,17,2021,4,multi,2.8903717578961645
151673,Grow: Song of the Evertree,Adventure|Indie|Puzzle|Role-playing (RPG)|Simulator,79.07964103016612,10,2021,4,multi,2.3978952727983707
151693,The Legend of Tianding,Adventure|Arcade|Fighting|Hack and slash/Beat 'em up|Indie|Platform|Role-playing (RPG),78.07277958739573,9,2021,2,multi,2.302585092994046
151795,Opus: Echo of Starsong,Adventure|Indie|Role-playing (RPG)|Visual Novel,77.95312589823942,6,2021,2,multi,1.9459101490553132
151844,Alfred Hitchcock: Vertigo,Adventure|Puzzle|Visual Novel,69.4571699552443,13,2021,1,single,2.6390573296152584
152016,Night Delivery,Adventure|Indie|Simulator,65.45868295393683,6,2021,1,single,1.9459101490553132
152064,Jurassic World Evolution 2,Simulator|Strategy,70.94468467177934,49,2021,5,multi,3.912023005428146
152087,Vampire: The Masquerade - Bloodhunt,Shooter|Tactical,59.0803717978719,40,2021,1,single,3.713572066704308
152125,Disciples: Liberation,Role-playing (RPG)|Strategy|Tactical|Turn-based strategy (TBS),69.88051878643937,10,2021,5,multi,2.3978952727983707
152168,Archvale,Adventure|Role-playing (RPG)|Shooter,82.11600658934447,11,2021,3,multi,2.4849066497880004
152172,Severed Steel,Indie|Shooter,69.00855095425374,26,2021,1,single,3.295836866004329
152187,Luna's Fishing Garden,Adventure|Indie|Platform|Simulator,79.81144291067913,6,2021,3,multi,1.9459101490553132
152199,Just Dance 2022,Music,44.55122578436541,9,2021,6,multi,2.302585092994046
152249,Marvel's Guardians of the Galaxy,Adventure|Role-playing (RPG)|Shooter,81.57694488136079,384,2021,5,multi,5.953243334287785
152255,Dodgeball Academia,Adventure|Arcade|Indie|Role-playing (RPG)|Sport,73.26421491797979,18,2021,4,multi,2.9444389791664403
152287,Dahlia View,Adventure|Puzzle,68.87442672690553,6,2021,1,single,1.9459101490553132
152354,Mario Party Superstars,Card & Board Game,80.31337181723791,65,2021,1,single,4.189654742026425
152355,Super Monkey Ball: Banana Mania,Arcade|Platform|Puzzle,61.30437245954887,10,2021,6,multi,2.3978952727983707
152358,WarioWare: Get It Together!,Arcade,77.19606790678436,27,2021,1,single,3.332204510175204
152366,Danganronpa S: Ultimate Summer Camp,Adventure|Card & Board Game|Role-playing (RPG)|Visual Novel,40.3838417631915,10,2021,1,single,2.3978952727983707
152406,UpGun,Arcade|Indie|Shooter|Strategy,53.50420595744558,5,2021,1,single,1.791759469228055
152480,Madden NFL 22,Simulator|Sport|Strategy,72.43870484695654,10,2021,4,multi,2.3978952727983707
152962,Class of '09,Indie|Role-playing (RPG)|Simulator|Visual Novel,62.13137039716796,16,2021,3,multi,2.833213344056216
153054,Demon Slayer: Kimetsu no Yaiba - The Hinokami Chronicles,Adventure|Fighting,67.20099707984815,23,2021,5,multi,3.1780538303479458
153963,Touhou Mystia's Izakaya,Indie|Music|Role-playing (RPG)|Simulator,80.4737885257492,6,2021,2,multi,1.9459101490553132
154072,Alpaca Stacka,Adventure|Indie|Platform,64.85631281401413,9,2021,2,multi,2.302585092994046
154153,Runo,Adventure|Indie,69.58894763751832,5,2021,1,single,1.791759469228055
154262,Creepy Tale 2,Adventure|Indie|Platform|Puzzle,68.23663254378164,10,2021,1,single,2.3978952727983707
154322,Space Jam: A New Legacy - The Game,Adventure|Arcade|Hack and slash/Beat 'em up,69.78564771668219,5,2021,1,single,1.791759469228055
154427,Succubus: Hunt For Meal,Indie|Strategy,51.66666666666667,6,2021,1,single,1.9459101490553132
154902,Night Book,Adventure|Indie|Simulator,64.38775510204081,5,2021,7,multi,1.791759469228055
154986,FIFA 22,Simulator|Sport,73.14501633100063,99,2021,3,multi,4.605170185988092
155796,Growing Up,Arcade|Indie|Simulator|Strategy|Visual Novel,80.6817070894021,18,2021,1,single,2.9444389791664403
156151,Nickelodeon All-Star Brawl,Arcade|Fighting,69.48304001712019,28,2021,6,multi,3.367295829986474
157176,Dagon,Adventure|Indie|Visual Novel,64.8953209156138,47,2021,1,single,3.871201010907891
157439,HighFleet,Adventure|Indie|Strategy,78.71983729639419,11,2021,1,single,2.4849066497880004
157446,NBA 2K22,Simulator|Sport,60.75651770480613,26,2021,6,multi,3.295836866004329
158754,He Needs His Medicine,Adventure|Indie|Role-playing (RPG)|Simulator,58.04332183146077,5,2021,3,multi,1.791759469228055
158986,100 Hidden Cats,Adventure|Indie|Point-and-click,55.22646591048911,9,2021,1,single,2.302585092994046
159096,eFootball,Simulator|Sport,67.83225326651008,35,2021,5,multi,3.58351893845611
159123,Agatha Christie: Hercule Poirot - The First Cases,Adventure|Point-and-click|Puzzle,69.96747333072422,15,2021,5,multi,2.772588722239781
159143,Doodle Champion Island Games,Arcade|Role-playing (RPG)|Sport,67.1124267868764,10,2021,2,multi,2.3978952727983707
159221,Summer of '58,Indie|Simulator,79.7443983810262,12,2021,1,single,2.5649493574615367
159285,My Friend Pedro: Ripe for Revenge,Adventure|Hack and slash/Beat 'em up|Indie|Platform|Shooter,69.30533117932148,5,2021,2,multi,1.791759469228055
159720,Milk Outside a Bag of Milk Outside a Bag of Milk,Adventure|Indie|Visual Novel,78.4478100464163,47,2021,2,multi,3.871201010907891
160177,100 Hidden Cats 2,Adventure|Indie,56.86397716599137,6,2021,1,single,1.9459101490553132
163777,Machinika Museum,Adventure|Indie|Point-and-click|Puzzle|Strategy,50.74309718195213,18,2021,3,multi,2.9444389791664403
164217,Dominion,Card & Board Game|Strategy,61.24406926264388,9,2021,2,multi,2.302585092994046
165067,Call of Duty: Vanguard,Shooter,63.26590370385958,108,2021,5,multi,4.6913478822291435
165179,Northern Journey,Adventure|Indie,80.05878166275838,9,2021,1,single,2.302585092994046
165197,NHL 22,Sport,73.54281088426161,12,2021,4,multi,2.5649493574615367
165243,Find Love or Die Trying,Adventure|Indie|Visual Novel,69.04644157142896,11,2021,3,multi,2.4849066497880004
165309,Wavetale,Adventure|Platform,70.43432214563421,18,2021,1,single,2.9444389791664403
165318,Into the Pit,Indie|Shooter,69.11893638451443,6,2021,2,multi,1.9459101490553132
165479,Forgive Me Father,Indie|Shooter,69.881091651862,25,2021,1,single,3.258096538021482
165483,Ann,Adventure|Indie|Role-playing (RPG),73.65022629104396,11,2021,1,single,2.4849066497880004
165684,Granny 3,Adventure|Indie,61.81818181818181,6,2021,1,single,1.9459101490553132
167526,100 Hidden Mice,Adventure|Indie|Point-and-click,50.0,5,2021,1,single,1.791759469228055
168099,Martial Law,Adventure|Indie,57.29566305407572,9,2021,3,multi,2.302585092994046
168537,Football Manager 2022,Simulator|Sport|Strategy,82.02108159457607,41,2021,5,multi,3.7376696182833684
169552,Saint Kotar,Adventure|Indie|Point-and-click,23.92345900214641,9,2021,1,single,2.302585092994046
170273,Bright Lights of Svetlov,Adventure|Indie|Point-and-click|Puzzle|Simulator,69.49736111155066,8,2021,1,single,2.1972245773362196
170938,Bloodwash,Adventure|Indie,70.03794786504497,13,2021,1,single,2.6390573296152584
171390,Fears to Fathom: Home Alone,Adventure|Indie,76.96598708705406,41,2021,1,single,3.7376696182833684
171768,Voice of Cards: The Isle Dragon Roars,Card & Board Game|Role-playing (RPG)|Simulator|Strategy,75.038325062921,16,2021,3,multi,2.833213344056216
172426,Chocobo GP,Arcade|Racing|Sport,69.2003814318409,8,2021,1,single,2.1972245773362196
172664,Toree 2,Adventure|Arcade|Indie|Platform,68.85668807007393,14,2021,2,multi,2.70805020110221
172672,Aspire: Ina's Tale,Adventure|Arcade|Indie|Music|Platform|Puzzle,51.82241831585607,6,2021,3,multi,1.9459101490553132
172771,eFootball 2022,Simulator|Sport,64.4810135092065,19,2021,5,multi,2.995732273553991
172807,"Flesh, Blood, & Concrete",Adventure|Indie,77.88738183312782,7,2021,2,multi,2.0794415416798357
172972,Flesh Water,Adventure|Indie,57.17738505957234,6,2021,1,single,1.9459101490553132
173072,Chill Corner,Indie|Music|Platform|Point-and-click|Simulator,61.55506287770624,8,2021,1,single,2.1972245773362196
173265,Bubble People,Indie|Point-and-click|Simulator,52.90149396642097,11,2021,1,single,2.4849066497880004
174590,Tower of Fantasy,Adventure|Role-playing (RPG),70.5398021275745,35,2021,3,multi,3.58351893845611
174695,Devil May Cry: Peak of Combat,Hack and slash/Beat 'em up|Role-playing (RPG),45.43445492402984,6,2021,2,multi,1.9459101490553132
174803,Doors: Paradox,Adventure|Indie|Point-and-click|Puzzle,80.55038101387923,18,2021,2,multi,2.9444389791664403
175987,Cricket 22,Simulator|Sport,60.11857229280097,5,2021,5,multi,1.791759469228055
176057,Poppy Playtime,Adventure|Indie|Puzzle,65.59632893727812,86,2021,1,single,4.465908118654584
176083,Ship Graveyard Simulator,Adventure|Indie|Simulator|Strategy,69.77670081076434,5,2021,1,single,1.791759469228055
176099,Slice & Dice,Indie|Role-playing (RPG)|Strategy|Turn-based strategy (TBS),80.37654564882793,11,2021,2,multi,2.4849066497880004
176677,Propnight,Adventure|Role-playing (RPG)|Strategy,74.76190476190476,7,2021,1,single,2.0794415416798357
177056,Bloodshore,Adventure|Indie,64.65934058440902,8,2021,6,multi,2.1972245773362196
177374,Twinsanity: Omicron,Adventure|Role-playing (RPG),83.26153846153845,19,2021,1,single,2.995732273553991
178264,Bad End Theater,Adventure|Indie|Puzzle|Simulator|Visual Novel,94.32985134128072,25,2021,4,multi,3.258096538021482
178279,Monopoly Madness,Card & Board Game|Simulator|Strategy,67.3376132377835,5,2021,5,multi,1.791759469228055
178290,Pikmin Bloom,Adventure|Simulator,69.93989987318872,9,2021,2,multi,2.302585092994046
178351,Crab Game,Arcade|Fighting|Indie|Racing|Strategy,51.71807924280461,58,2021,3,multi,4.07753744390572
180207,Lure,Adventure|Indie,43.05225265878598,7,2021,2,multi,2.0794415416798357
180299,Hextech Mayhem: A League of Legends Story,Arcade|Indie|Music|Platform,59.43632946108193,7,2021,3,multi,2.0794415416798357
180655,The Radio Station,Adventure|Indie|Simulator,60.11172383957614,5,2021,1,single,1.791759469228055
180960,Kid A Mnesia Exhibition,Adventure|Music,81.76627314517914,28,2021,3,multi,3.367295829986474
182250,Bad Ben,Adventure|Simulator,87.2033503955328,7,2021,1,single,2.0794415416798357
185251,The Matrix: Awakens - An Unreal Engine 5 Experience,Shooter,67.66896592933423,14,2021,2,multi,2.70805020110221
185317,Cave Story's Secret Santa,Adventure|Indie|Puzzle,60.12689330665113,8,2021,2,multi,2.1972245773362196
185944,The Two of Us,Indie|Platform|Puzzle|Strategy,59.20421191086862,6,2021,1,single,1.9459101490553132
186090,Wordle,Puzzle|Quiz/Trivia,84.70458258579036,18,2021,1,single,2.9444389791664403
186155,100 Hidden Frogs,Adventure|Indie|Point-and-click|Puzzle,69.90625091501077,17,2021,1,single,2.8903717578961645
186311,Lily's Well,Adventure|Indie|Point-and-click|Puzzle,69.97090461739917,8,2021,1,single,2.1972245773362196
187215,100 Hidden Dogs,Adventure|Indie|Point-and-click,49.96523405168344,7,2021,1,single,2.0794415416798357
187739,Doomsday: Last Survivors,Real Time Strategy (RTS)|Role-playing (RPG)|Strategy,69.52380952380952,5,2021,2,multi,1.791759469228055
192700,Mothered,Adventure|Puzzle|Role-playing (RPG),77.19602100185125,7,2021,1,single,2.0794415416798357
193136,Tap Ninja,Indie,61.79845937863149,7,2021,2,multi,2.0794415416798357
194765,Toree 3D: Jumbled Jam,Platform,64.77061055536392,5,2021,1,single,1.791759469228055
207161,My Little Universe,Adventure|Indie|Simulator,67.08502024291498,5,2021,2,multi,1.791759469228055
207769,My Dystopian Robot Girlfriend,Indie|Simulator|Visual Novel,72.48160301389449,6,2021,5,multi,1.9459101490553132
208929,Jetpack Joyride 2,Adventure|Arcade|Shooter,55.69308343459127,7,2021,2,multi,2.0794415416798357
209627,Once in a Lifetime,Indie|Visual Novel,89.89067204859231,9,2021,2,multi,2.302585092994046
209628,Eternum,Indie|Visual Novel,91.5224948024948,9,2021,4,multi,2.302585092994046
221740,Suika Game,Arcade|Puzzle,78.49782244975985,20,2021,1,single,3.044522437723423
225989,Snoot Game,Visual Novel,83.33333333333334,6,2021,4,multi,1.9459101490553132
231365,Locke(d),Adventure|Indie|Point-and-click|Visual Novel,50.09875326429012,6,2021,3,multi,1.9459101490553132
234158,Come Home,Indie|Visual Novel,56.01413065830695,5,2021,1,single,1.791759469228055
248376,Combat Master,Shooter|Tactical,72.37136465324384,16,2021,2,multi,2.833213344056216
279425,Ropin' Ranch,Simulator,87.01703365184878,7,2021,1,single,2.0794415416798357
391882,Chicken Derby,Racing,98.0952380952381,5,2021,1,single,1.791759469228055
18849,Ghost Song,Adventure|Indie|Platform|Role-playing (RPG),75.73817465386055,21,2022,6,multi,3.091042453358316
19530,Quake Champions,Shooter,71.71338651343879,89,2022,1,single,4.499809670330265
19817,Scorn,Adventure|Indie|Puzzle,74.51377956037535,150,2022,2,multi,5.017279836814924
23733,Tunic,Adventure|Indie|Puzzle|Role-playing (RPG),84.72464322947573,243,2022,4,multi,5.497168225293202
26622,Freedom Planet 2,Adventure|Indie|Platform,80.26757530781612,6,2022,1,single,1.9459101490553132
27082,Raft,Adventure|Indie|Simulator,74.40863187331027,161,2022,1,single,5.087596335232384
27091,Foxhole,Indie|Real Time Strategy (RTS)|Role-playing (RPG)|Shooter|Strategy,70.1913452301329,19,2022,1,single,2.995732273553991
27366,Ooblets,Adventure|Indie|Role-playing (RPG)|Simulator,80.16279428105815,9,2022,4,multi,2.302585092994046
28927,Compound,Arcade|Indie|Shooter,80.0,1,2022,1,single,0.6931471805599453
28933,"Love, Money, Rock'n'Roll",Adventure|Indie|Puzzle|Visual Novel,87.26679495961321,15,2022,5,multi,2.772588722239781
34354,KartKraft,Indie|Racing|Simulator|Sport,60.0,3,2022,1,single,1.3862943611198906
35274,Coffee Shop Tycoon,Indie|Simulator|Strategy,80.0,3,2022,2,multi,1.3862943611198906
41025,Somerville,Adventure|Puzzle,70.74706636451639,61,2022,3,multi,4.127134385045092
41895,House Party,Indie|Role-playing (RPG)|Simulator,43.83848717594584,32,2022,1,single,3.4965075614664802
55147,Elex II,Adventure|Role-playing (RPG),69.82476968563026,21,2022,5,multi,3.091042453358316
56026,Kynseed,Adventure|Indie|Role-playing (RPG)|Simulator,67.81270140270772,8,2022,1,single,2.1972245773362196
75694,Session: Skate Sim,Indie|Simulator|Sport|Strategy,57.1235523064481,15,2022,5,multi,2.772588722239781
75994,Potionomics,Indie|Role-playing (RPG)|Simulator|Strategy,69.86230533994699,18,2022,1,single,2.9444389791664403
76888,Bayonetta 3,Adventure|Hack and slash/Beat 'em up|Shooter,81.5647005135017,49,2022,1,single,3.912023005428146
78113,Gungrave G.O.R.E,Adventure|Fighting|Shooter|Simulator|Strategy,59.9037166345229,6,2022,5,multi,1.9459101490553132
84922,Clone Hero,Indie|Music|Simulator,88.52312166069096,30,2022,3,multi,3.4339872044851463
87570,Duck Run,Platform|Racing,90.0,1,2022,1,single,0.6931471805599453
90714,Martha Is Dead,Adventure|Indie|Role-playing (RPG),76.18897019167959,38,2022,5,multi,3.6635616461296463
100357,Temtem,Adventure|Indie|Role-playing (RPG)|Turn-based strategy (TBS),65.95700024512726,30,2022,4,multi,3.4339872044851463
100418,Star Valor,Indie|Role-playing (RPG),70.0,2,2022,1,single,1.0986122886681098
101006,Gran Turismo 7,Racing|Simulator|Sport,80.80449010272363,93,2022,2,multi,4.543294782270004
102584,Dying Light 2: Stay Human,Adventure|Role-playing (RPG),71.40604308046287,219,2022,5,multi,5.393627546352362
102868,World War 3,Indie|Shooter,35.48513867075062,18,2022,1,single,2.9444389791664403
103244,Signalis,Adventure|Indie,80.86435566816687,157,2022,4,multi,5.062595033026967
105417,Digimon Survive,Adventure|Role-playing (RPG)|Simulator|Strategy|Turn-based strategy (TBS),67.25654302509102,28,2022,4,multi,3.367295829986474
105594,Occupy White Walls,Indie|Simulator,87.991452991453,13,2022,1,single,2.6390573296152584
105623,Endling: Extinction is Forever,Adventure|Indie|Simulator,76.13770709621075,29,2022,5,multi,3.4011973816621555
106856,A Memoir Blue,Adventure|Indie|Point-and-click,66.78082985523554,42,2022,7,multi,3.7612001156935624
106980,Anno: Mutationem,Adventure|Hack and slash/Beat 'em up|Indie|Role-playing (RPG),71.65429259234938,17,2022,3,multi,2.8903717578961645
107203,Windjammers 2,Arcade|Fighting|Indie|Sport|Strategy,56.23550972304169,18,2022,5,multi,2.9444389791664403
107204,Source of Madness,Adventure|Platform|Role-playing (RPG),60.01192201977056,9,2022,6,multi,2.302585092994046
107754,Good Company,Indie|Simulator|Strategy,60.0,4,2022,1,single,1.6094379124341003
109068,Quaver,Indie|Music,69.30533976048397,9,2022,1,single,2.302585092994046
109668,Stay Out of the House,Adventure|Indie|Puzzle|Shooter|Simulator,80.0,11,2022,1,single,2.4849066497880004
110248,Stray,Adventure|Indie|Platform,81.54321335391114,715,2022,3,multi,6.573680166960646
111301,Toasterball,Arcade|Indie|Sport,70.0,1,2022,1,single,0.6931471805599453
111651,Diablo Immortal,Role-playing (RPG),39.7280083289325,100,2022,3,multi,4.61512051684126
112613,Prodeus,Adventure|Indie|Shooter,74.02375119294993,33,2022,6,multi,3.5263605246161616
112874,Horizon Forbidden West,Adventure|Role-playing (RPG),85.41833962052894,374,2022,2,multi,5.926926025970411
112875,God of War Ragnarök,Adventure|Hack and slash/Beat 'em up|Role-playing (RPG),90.89886684528918,1116,2022,2,multi,7.018401799069201
113053,King of Retail,Indie|Simulator,49.21348314606742,5,2022,2,multi,1.791759469228055
113104,The King of Fighters XV,Fighting,80.72395977498252,16,2022,4,multi,2.833213344056216
113758,Alchemy Garden,Indie|Simulator|Strategy,70.0,1,2022,1,single,0.6931471805599453
114493,Winkeltje: The Little Shop,Indie|Platform|Shooter|Simulator|Strategy,70.0,4,2022,4,multi,1.6094379124341003
114912,Gravity Ace,Arcade|Indie,70.0,1,2022,2,multi,0.6931471805599453
115491,Sail Forth,Adventure|Indie|Racing|Role-playing (RPG)|Simulator|Strategy,70.02084817384937,9,2022,7,multi,2.302585092994046
116014,Hard West 2,Role-playing (RPG)|Strategy|Tactical|Turn-based strategy (TBS),60.4475296652771,10,2022,1,single,2.3978952727983707
116238,Sniper Elite 5,Adventure|Shooter|Simulator,70.18266395669639,61,2022,5,multi,4.127134385045092
116400,Eternal Threads,Adventure|Indie|Puzzle,62.94899180079376,9,2022,1,single,2.302585092994046
116781,Little Witch Nobeta,Indie|Shooter,79.84063745019921,5,2022,3,multi,1.791759469228055
117199,Goddess of Victory: Nikke,Role-playing (RPG)|Shooter,84.74071138468881,57,2022,2,multi,4.060443010546419
117271,Chained Echoes,Adventure|Indie|Role-playing (RPG)|Strategy,82.98749327467006,28,2022,6,multi,3.367295829986474
117281,Nightmare Reaper,Adventure|Arcade|Indie|Shooter,65.08248464292662,7,2022,1,single,2.0794415416798357
117697,Freshly Frosted,Arcade|Indie|Puzzle|Simulator|Strategy,89.71685852043834,7,2022,7,multi,2.0794415416798357
118210,Apex Legends Mobile,Shooter,70.00647561401139,8,2022,2,multi,2.1972245773362196
118313,Hell Pie,Adventure|Platform,88.78574955180945,7,2022,6,multi,2.0794415416798357
118473,Electrician Simulator,Adventure|Indie|Puzzle|Simulator,57.9061268743929,14,2022,1,single,2.70805020110221
118875,Roadwarden,Adventure|Indie|Role-playing (RPG)|Visual Novel,65.16581570550255,15,2022,3,multi,2.772588722239781
119108,Pupperazzi,Adventure|Indie|Simulator,57.83024139213015,8,2022,3,multi,2.1972245773362196
119133,Elden Ring,Adventure|Role-playing (RPG),93.46809915650954,2232,2022,5,multi,7.711101251840158
119158,Roller Champions,Racing|Simulator|Sport,51.60975609756098,12,2022,6,multi,2.5649493574615367
119262,Tom Clancy's Rainbow Six Extraction,Shooter|Strategy,62.95152705330232,31,2022,6,multi,3.4657359027997265
119305,LEGO Star Wars: The Skywalker Saga,Adventure|Puzzle,80.09819881195736,138,2022,6,multi,4.9344739331306915
119307,CrossfireX,Shooter,36.43314869361822,9,2022,2,multi,2.302585092994046
119308,Ghostwire: Tokyo,Adventure,76.33587608414135,192,2022,2,multi,5.262690188904886
119339,Garden of the Sea VR,Adventure|Indie|Simulator,70.0,3,2022,2,multi,1.3862943611198906
119825,Jack Move,Adventure|Indie|Role-playing (RPG),69.91284182438606,5,2022,5,multi,1.791759469228055
120163,Bendy and the Dark Revival,Adventure|Indie|Puzzle,77.0650399996086,12,2022,1,single,2.5649493574615367
120852,Bombergrounds: Reborn,Indie|Strategy,60.58327629921632,8,2022,4,multi,2.1972245773362196
121704,Crowns and Pawns: Kingdom of Deceit,Adventure|Indie|Point-and-click|Puzzle,55.90377584305705,6,2022,3,multi,1.9459101490553132
121763,Syberia: The World Before,Adventure|Point-and-click|Puzzle,75.99588078607634,39,2022,1,single,3.6888794541139363
121919,Knights of Honor II: Sovereign,Real Time Strategy (RTS)|Simulator|Strategy,83.72341813276901,10,2022,1,single,2.3978952727983707
122097,Shovel Knight Dig,Adventure|Indie|Platform|Strategy,76.76358324040645,6,2022,4,multi,1.9459101490553132
122133,Not for Broadcast,Adventure|Indie|Point-and-click|Simulator,81.76755305821987,28,2022,1,single,3.367295829986474
122343,Itorah,Adventure|Indie|Platform|Role-playing (RPG),74.30359305114072,5,2022,1,single,1.791759469228055
122386,Infernax,Adventure|Arcade|Indie|Platform|Role-playing (RPG),79.72036170980383,21,2022,6,multi,3.091042453358316
122666,Teardown,Indie|Puzzle|Simulator|Strategy,79.70602829142567,57,2022,1,single,4.060443010546419
122831,Orbital Bullet,Adventure|Arcade|Hack and slash/Beat 'em up|Indie|Platform|Shooter,65.00898948618365,7,2022,1,single,2.0794415416798357
123689,Bloody Spell,Adventure|Hack and slash/Beat 'em up|Indie|Role-playing (RPG),50.4283345166089,6,2022,1,single,1.9459101490553132
124683,Postal 4: No Regerts,Adventure|Shooter,67.58911655469505,15,2022,1,single,2.772588722239781
124749,Model Builder,Indie|Simulator,70.08922898786952,5,2022,1,single,1.791759469228055
124992,Vampire: The Masquerade - Swansong,Adventure|Role-playing (RPG)|Simulator,67.29661235359244,18,2022,5,multi,2.9444389791664403
125048,Gordian Quest,Adventure|Indie|Role-playing (RPG)|Strategy|Tactical|Turn-based strategy (TBS),76.08695652173913,5,2022,1,single,1.791759469228055
125624,Grounded,Adventure|Role-playing (RPG),74.32283948713942,120,2022,3,multi,4.795790545596741
125715,Chinatown Detective Agency,Adventure|Indie|Point-and-click|Puzzle,59.19242501027456,6,2022,4,multi,1.9459101490553132
127029,Starship Troopers: Terran Command,Adventure|Real Time Strategy (RTS)|Strategy|Tactical,56.00967351874245,8,2022,1,single,2.1972245773362196
127350,Weird West,Adventure|Indie|Role-playing (RPG)|Simulator,70.74636862206523,29,2022,4,multi,3.4011973816621555
127440,Taiji,Adventure|Indie|Puzzle,77.75594961244646,5,2022,1,single,1.791759469228055
127546,Mortal Online 2,Adventure|Indie|Role-playing (RPG),84.55516014234875,17,2022,1,single,2.8903717578961645
127644,Treasure of Nadia,Adventure|Puzzle|Visual Novel,68.6168875365112,15,2022,4,multi,2.772588722239781
128991,Cartel Tycoon,Indie|Simulator|Strategy,62.26574840314317,6,2022,1,single,1.9459101490553132
129097,Norco,Adventure|Indie|Point-and-click|Puzzle,78.78126775370431,49,2022,4,multi,3.912023005428146
129791,Hokko Life,Adventure|Indie|Role-playing (RPG)|Simulator,54.975337055068,9,2022,5,multi,2.302585092994046
129983,Labyrinth: The War on Terror,Simulator|Strategy,70.0,1,2022,1,single,0.6931471805599453
130182,Floppy Knights,Adventure|Card & Board Game|Indie|Strategy|Tactical|Turn-based strategy (TBS),73.41948509580315,9,2022,3,multi,2.302585092994046
130216,Hardspace: Shipbreaker,Simulator|Strategy,70.07128232778544,31,2022,1,single,3.4657359027997265
130243,Retrowave,Indie|Racing|Simulator,79.52169247278859,15,2022,1,single,2.772588722239781
132058,Rogue Legacy 2,Adventure|Indie|Platform|Role-playing (RPG),77.42570064876043,54,2022,3,multi,4.007333185232471
132099,Heaven Burns Red,Adventure|Role-playing (RPG)|Visual Novel,76.44024829126538,9,2022,2,multi,2.302585092994046
132565,"Haiku, the Robot",Adventure|Indie|Platform,77.72256789649083,22,2022,2,multi,3.1354942159291497
132893,MicroWorks,Indie,70.7843137254902,5,2022,1,single,1.791759469228055
132995,Marauders,Shooter|Tactical,70.00988188064541,13,2022,1,single,2.6390573296152584
133059,Fobia: St. Dinfna Hotel,Adventure|Indie|Puzzle,77.5316061926455,16,2022,6,multi,2.833213344056216
133131,The Mortuary Assistant,Adventure|Indie|Puzzle|Simulator,79.3349983585663,46,2022,1,single,3.8501476017100584
133227,Patrick's Parabox,Adventure|Arcade|Indie|Puzzle|Strategy,88.23006381442946,12,2022,3,multi,2.5649493574615367
133748,Stalzone,Adventure|Role-playing (RPG)|Shooter,81.85803123031242,113,2022,1,single,4.736198448394496
134474,The Spirit and the Mouse,Adventure|Indie|Platform|Puzzle,84.91347976016652,13,2022,2,multi,2.6390573296152584
134528,Kao the Kangaroo,Adventure|Arcade|Platform,76.99685820220493,11,2022,6,multi,2.4849066497880004
134560,Metal: Hellsinger,Adventure|Music|Shooter,77.46802378131099,86,2022,3,multi,4.465908118654584
134799,Dorfromantik,Card & Board Game|Indie|Puzzle|Simulator|Strategy|Turn-based strategy (TBS),78.63135286325692,60,2022,1,single,4.110873864173311
134882,Princess Farmer,Arcade|Indie|Puzzle|Visual Novel,89.7516343813431,5,2022,4,multi,1.791759469228055
135503,Azure Striker Gunvolt 3,Platform,60.11016207406514,5,2022,3,multi,1.791759469228055
135655,Shadow Warrior 3,Adventure|Arcade|Indie|Role-playing (RPG)|Shooter,65.09684185390329,51,2022,3,multi,3.9512437185814275
135670,Steelrising,Adventure|Hack and slash/Beat 'em up|Role-playing (RPG),68.59134645593544,28,2022,3,multi,3.367295829986474
135991,Hello Neighbor 2,Adventure|Indie|Puzzle|Strategy,32.87211379491269,18,2022,6,multi,2.9444389791664403
135995,As Dusk Falls,Adventure|Point-and-click|Role-playing (RPG),78.12561076980471,96,2022,3,multi,4.574710978503383
135998,"Warhammer 40,000: Darktide",Adventure|Indie|Role-playing (RPG)|Shooter,71.17843130174953,67,2022,1,single,4.219507705176107
136084,Shredders,Simulator|Sport,66.19693029437416,7,2022,2,multi,2.0794415416798357
136772,Bear & Breakfast,Adventure|Indie|Role-playing (RPG)|Simulator|Strategy,69.76978148965995,17,2022,1,single,2.8903717578961645
136773,Card Shark,Adventure|Card & Board Game|Indie|Simulator,63.5759639402398,26,2022,3,multi,3.295836866004329
136977,GigaBash,Arcade|Fighting|Hack and slash/Beat 'em up|Indie,69.3050698005733,6,2022,3,multi,1.9459101490553132
136993,Gotham Knights,Adventure|Hack and slash/Beat 'em up|Role-playing (RPG),64.01519516752349,70,2022,3,multi,4.2626798770413155
137427,Earth Defense Force 6,Shooter,70.0472401790154,6,2022,2,multi,1.9459101490553132
138242,Haak,Adventure|Indie|Platform|Puzzle|Role-playing (RPG),88.28718399260241,8,2022,2,multi,2.1972245773362196
138244,Midnight Fight Express,Adventure|Fighting|Hack and slash/Beat 'em up|Indie|Shooter,72.18121954553526,31,2022,4,multi,3.4657359027997265
138353,Postal: Brain Damaged,Arcade|Shooter,71.88016770100629,21,2022,1,single,3.091042453358316
138590,PowerWash Simulator,Indie|Simulator,77.00122914155249,116,2022,3,multi,4.762173934797756
138659,Super Lesbian Animal RPG,Indie|Role-playing (RPG)|Turn-based strategy (TBS),80.15748031496062,5,2022,1,single,1.791759469228055
138884,You Suck at Parking,Arcade|Indie|Puzzle|Racing|Sport,68.82678065172871,11,2022,3,multi,2.4849066497880004
139130,Leap of Faith,Indie|Visual Novel,88.49773447988167,6,2022,3,multi,1.9459101490553132
139192,Spacelines from the Far Out,Adventure|Indie|Simulator|Strategy,69.82564382309899,5,2022,4,multi,1.791759469228055
139339,Dealer's Life 2,Indie|Simulator,59.98794745088587,6,2022,2,multi,1.9459101490553132
139456,SuchArt: Genius Artist Simulator,Adventure|Indie|Simulator,61.99633638965651,7,2022,1,single,2.0794415416798357
139676,Wildcat Gun Machine,Arcade|Indie|Real Time Strategy (RTS)|Shooter,36.07339449541284,7,2022,4,multi,2.0794415416798357
139883,King Arthur: Knight's Tale,Role-playing (RPG)|Strategy|Turn-based strategy (TBS),79.91479458647244,14,2022,1,single,2.70805020110221
140801,Fashion Police Squad,Adventure|Indie|Platform|Shooter,77.58237152707015,14,2022,1,single,2.70805020110221
140827,Cat Cafe Manager,Indie|Music|Simulator|Strategy,78.80899524128094,5,2022,2,multi,1.791759469228055
141057,Brok the Investigator,Adventure|Fighting|Hack and slash/Beat 'em up|Indie|Point-and-click|Puzzle,70.56134107827812,5,2022,1,single,1.791759469228055
141538,The Callisto Protocol,Adventure|Shooter,69.27341244763683,154,2022,5,multi,5.043425116919247
141544,Evil Dead: The Game,Shooter,57.63006073035103,22,2022,6,multi,3.1354942159291497
141547,Evil West,Adventure|Hack and slash/Beat 'em up|Shooter,66.86022996794543,72,2022,5,multi,4.290459441148391
142037,Know by Heart,Adventure|Indie,47.18677868132651,8,2022,3,multi,2.1972245773362196
142063,DNF Duel,Fighting|Strategy,70.06888944835363,15,2022,3,multi,2.772588722239781
142101,Saturnalia,Adventure|Indie,70.79518757418103,5,2022,7,multi,1.791759469228055
142251,No Place Like Home,Adventure|Indie|Role-playing (RPG)|Simulator,58.59912101934317,7,2022,1,single,2.0794415416798357
142358,Cursed to Golf,Adventure|Arcade|Card & Board Game|Indie|Puzzle|Sport,63.91868712468251,13,2022,6,multi,2.6390573296152584
142703,Sir Whoopass: Immortal Death,Adventure|Fighting|Hack and slash/Beat 'em up|Indie|Role-playing (RPG),74.99364460267944,8,2022,1,single,2.1972245773362196
142740,Resident Evil Re:Verse,Shooter,40.00163248991022,9,2022,3,multi,2.302585092994046
142773,Hell is Others,Adventure|Indie|Shooter|Simulator|Strategy,79.79083401603779,6,2022,1,single,1.9459101490553132
142900,Batora: Lost Haven,Hack and slash/Beat 'em up|Role-playing (RPG)|Shooter,54.84626647144949,6,2022,5,multi,1.9459101490553132
142941,Potion Craft,Indie|Puzzle|Role-playing (RPG)|Simulator,71.3736294281256,55,2022,3,multi,4.02535169073515
143113,Beacon Pines,Adventure|Indie|Visual Novel,79.77508234569184,45,2022,4,multi,3.828641396489095
143114,Total War: Warhammer III,Real Time Strategy (RTS)|Strategy,83.48951348045587,53,2022,3,multi,3.9889840465642745
143228,Gorilla Tag,Arcade|Indie|Platform,61.98314814014655,36,2022,2,multi,3.6109179126442243
143610,Triangle Strategy,Role-playing (RPG)|Strategy|Tactical|Turn-based strategy (TBS),87.73235532157906,33,2022,1,single,3.5263605246161616
143612,Neon White,Arcade|Indie|Platform|Shooter|Visual Novel,82.66890592943355,124,2022,2,multi,4.8283137373023015
143613,Splatoon 3,Platform|Shooter,82.08761663515284,91,2022,1,single,4.5217885770490405
144022,Sifu,Hack and slash/Beat 'em up|Indie,81.91053038365357,212,2022,3,multi,5.3612921657094255
144028,Grapple Dog,Adventure|Arcade|Indie|Platform,74.26761073405963,5,2022,2,multi,1.791759469228055
144054,Pokémon Legends: Arceus,Adventure|Role-playing (RPG)|Turn-based strategy (TBS),76.96916121975002,215,2022,1,single,5.375278407684165
144455,We Were Here Forever,Adventure|Indie|Puzzle,82.24090117152393,32,2022,1,single,3.4965075614664802
144465,Teenage Mutant Ninja Turtles: Shredder's Revenge,Arcade|Hack and slash/Beat 'em up|Indie,78.07913649282374,173,2022,7,multi,5.159055299214529
144909,Title_Pending,Adventure|Indie,80.0,4,2022,2,multi,1.6094379124341003
145027,Gun Devil,Adventure|Indie|Platform,67.00934579439252,5,2022,1,single,1.791759469228055
145028,Thymesia,Adventure|Hack and slash/Beat 'em up|Role-playing (RPG),71.37128784731436,39,2022,3,multi,3.6888794541139363
145089,Nobody Saves the World,Adventure|Hack and slash/Beat 'em up|Indie|Role-playing (RPG),79.58940610726248,67,2022,3,multi,4.219507705176107
145092,Loot River,Adventure|Hack and slash/Beat 'em up|Indie|Role-playing (RPG)|Strategy,74.7550377770161,6,2022,3,multi,1.9459101490553132
145319,Arcade Paradise,Adventure|Arcade|Indie|Puzzle|Simulator|Strategy,69.70904998932032,22,2022,6,multi,3.1354942159291497
145780,WWE 2K22,Fighting|Simulator|Sport,77.49273201609635,28,2022,5,multi,3.367295829986474
145782,OlliOlli World,Arcade|Indie|Platform|Sport,58.18379486193101,28,2022,6,multi,3.367295829986474
145796,Lil Gator Game,Adventure|Indie|Platform,81.8104644874627,29,2022,2,multi,3.4011973816621555
146054,I Was a Teenage Exocolonist,Adventure|Card & Board Game|Indie|Role-playing (RPG)|Simulator|Strategy|Turn-based strategy (TBS)|Visual Novel,76.42617028803207,24,2022,5,multi,3.2188758248682006
146564,Needy Streamer Overload,Adventure|Indie|Visual Novel,85.67933691871247,51,2022,2,multi,3.9512437185814275
146650,Expeditions: Rome,Role-playing (RPG)|Strategy|Turn-based strategy (TBS),72.1802840491898,13,2022,1,single,2.6390573296152584
146711,Made in Abyss: Binary Star Falling into Darkness,Adventure|Role-playing (RPG),70.90220054110586,5,2022,3,multi,1.791759469228055
147340,The Past Within,Adventure|Indie|Point-and-click|Puzzle,70.20943238663435,33,2022,4,multi,3.5263605246161616
148372,Victoria 3,Simulator|Strategy,66.39222653509374,42,2022,3,multi,3.7612001156935624
148945,"Please, Touch the Artwork",Adventure|Arcade|Indie|Puzzle|Simulator,89.70687304349806,7,2022,4,multi,2.0794415416798357
149163,The Inheritance of Crimson Manor,Adventure|Indie|Point-and-click|Puzzle,78.694995578166,10,2022,1,single,2.3978952727983707
149821,Trombone Champ,Indie|Music,74.81947565438385,14,2022,1,single,2.70805020110221
150010,Sonic Frontiers,Adventure|Platform,73.00005121556288,83,2022,6,multi,4.430816798843313
150022,Dragon Quest Treasures,Adventure|Role-playing (RPG),69.90271635795398,6,2022,1,single,1.9459101490553132
150462,Lost in Play,Adventure|Indie|Point-and-click|Puzzle,80.11162518427469,29,2022,5,multi,3.4011973816621555
150512,Two Point Campus,Indie|Simulator|Strategy,69.74755178437348,29,2022,8,multi,3.4011973816621555
151353,PlateUp!,Indie|Simulator|Strategy,79.7351574188257,41,2022,1,single,3.7376696182833684
151934,Loopmancer,Adventure|Hack and slash/Beat 'em up|Indie|Platform|Role-playing (RPG),60.54698055153267,5,2022,1,single,1.791759469228055
152055,Corpse Factory,Indie|Visual Novel,87.14285714285714,8,2022,2,multi,2.1972245773362196
152061,Tiny Tina's Wonderlands,Adventure|Role-playing (RPG)|Shooter,71.31783462088444,81,2022,5,multi,4.406719247264253
152065,Salt and Sacrifice,Adventure|Platform|Role-playing (RPG),73.78916243513234,13,2022,3,multi,2.6390573296152584
152076,The Chant,Adventure,59.25570506223848,21,2022,3,multi,3.091042453358316
152129,Blacktail,Adventure|Indie|Role-playing (RPG),79.55805044764904,12,2022,3,multi,2.5649493574615367
152180,A Little to the Left,Indie|Puzzle,70.65684559830272,60,2022,3,multi,4.110873864173311
152201,Mario + Rabbids Sparks of Hope,Adventure|Strategy|Tactical|Turn-based strategy (TBS),80.58666260388472,24,2022,1,single,3.2188758248682006
152203,Trek to Yomi,Adventure|Hack and slash/Beat 'em up|Indie,71.3688022100298,75,2022,5,multi,4.330733340286331
152242,A Plague Tale: Requiem,Adventure|Role-playing (RPG),83.67184660230782,279,2022,3,multi,5.634789603169249
152245,Eiyuden Chronicle: Rising,Adventure|Indie|Role-playing (RPG),70.84383199401317,33,2022,6,multi,3.5263605246161616
152250,Stranger of Paradise: Final Fantasy Origin,Adventure|Role-playing (RPG),74.67597951627232,44,2022,5,multi,3.8066624897703196
152258,Ixion,Indie|Simulator|Strategy,79.69226329413027,17,2022,1,single,2.8903717578961645
152259,Far: Changing Tides,Adventure|Indie|Platform|Puzzle,72.2191799568318,47,2022,6,multi,3.871201010907891
152261,Silt,Adventure|Indie|Platform|Puzzle,68.82830936635274,8,2022,6,multi,2.1972245773362196
152262,Soulstice,Adventure|Hack and slash/Beat 'em up|Role-playing (RPG),64.68464031439912,16,2022,3,multi,2.833213344056216
152266,"Warhammer 40,000: Chaos Gate - Daemonhunters",Role-playing (RPG)|Strategy|Tactical,71.26812314751635,6,2022,1,single,1.9459101490553132
152267,Tinykin,Adventure|Arcade|Indie|Platform|Puzzle,82.40552487757537,55,2022,6,multi,4.02535169073515
152271,Citizen Sleeper,Adventure|Indie|Role-playing (RPG),80.80712314244975,81,2022,5,multi,4.406719247264253
152288,Immortality,Indie|Point-and-click|Simulator,81.86083456411232,53,2022,2,multi,3.9889840465642745
152297,Police Simulator: Patrol Officers,Simulator,67.47516290199124,20,2022,5,multi,3.044522437723423
152321,River City Girls 2,Adventure|Arcade|Fighting|Hack and slash/Beat 'em up|Indie|Role-playing (RPG),71.98441448822399,9,2022,6,multi,2.302585092994046
152754,Starsand,Adventure|Simulator,72.58426966292136,4,2022,6,multi,1.6094379124341003
153075,Dexter Stardust: Adventures in Outer Space,Adventure|Indie|Point-and-click|Puzzle|Visual Novel,71.19572227449146,5,2022,4,multi,1.791759469228055
153344,Heaven Dust 2,Adventure|Indie|Puzzle|Shooter,69.922333716487,6,2022,2,multi,1.9459101490553132
153416,Lost Nova,Adventure|Indie|Platform|Simulator,77.26452160985451,6,2022,1,single,1.9459101490553132
153620,Spark the Electric Jester 3,Hack and slash/Beat 'em up|Indie|Platform|Racing,76.09236013758564,10,2022,1,single,2.3978952727983707
153808,AI: The Somnium Files - Nirvana Initiative,Adventure|Puzzle|Visual Novel,85.01130927585864,48,2022,4,multi,3.8918202981106265
153890,Unusual Findings,Adventure|Indie|Point-and-click|Puzzle,72.36031050593672,7,2022,4,multi,2.0794415416798357
154036,Kardboard Kings: Card Shop Simulator,Adventure|Card & Board Game|Indie|Role-playing (RPG)|Simulator|Strategy|Visual Novel,59.24550540806285,7,2022,1,single,2.0794415416798357
154043,Hellslave,Role-playing (RPG)|Turn-based strategy (TBS),63.36467868412009,5,2022,1,single,1.791759469228055
154839,Moss: Book II,Adventure|Platform|Puzzle,87.18081536010109,7,2022,1,single,2.0794415416798357
155498,Souldiers,Adventure|Indie|Platform|Role-playing (RPG),86.50842921452451,7,2022,6,multi,2.0794415416798357
155706,Potion Permit,Adventure|Hack and slash/Beat 'em up|Puzzle|Role-playing (RPG)|Simulator,38.74664318135422,14,2022,6,multi,2.70805020110221
156612,Outcore: Desktop Adventure,Adventure|Indie|Pinball|Platform|Role-playing (RPG)|Simulator|Visual Novel,70.10620027878537,12,2022,1,single,2.5649493574615367
157756,Melatonin,Arcade|Indie|Music|Puzzle,88.615590269124,18,2022,2,multi,2.9444389791664403
157916,From Space,Adventure|Indie|Shooter,59.52380952380953,5,2022,2,multi,1.791759469228055
158603,Isonzo,Indie|Shooter|Simulator|Strategy,69.91993605935477,10,2022,5,multi,2.3978952727983707
159116,Grid Legends,Racing|Simulator|Sport,66.85185764575586,37,2022,5,multi,3.6375861597263857
159298,Yu-Gi-Oh! Master Duel,Card & Board Game|Simulator|Strategy,74.36732542295901,67,2022,7,multi,4.219507705176107
159536,Who's Lila?,Adventure|Indie|Point-and-click|Puzzle|Role-playing (RPG)|Visual Novel,79.83477496772474,16,2022,1,single,2.833213344056216
159703,"Warhammer 40,000: Shootas, Blood & Teef",Adventure|Platform|Shooter,67.7425974299095,7,2022,7,multi,2.0794415416798357
159958,The Forest Quartet,Adventure|Indie|Music|Puzzle,67.89552030628057,10,2022,3,multi,2.3978952727983707
160171,Internet Cafe Simulator 2,Adventure|Indie|Simulator|Strategy,59.67199224072385,6,2022,1,single,1.9459101490553132
161510,Hyperbolica,Adventure|Indie,72.14790274718834,5,2022,4,multi,1.791759469228055
161552,Frog Detective 3: Corruption at Cowboy County,Adventure|Indie,79.5936031588882,11,2022,2,multi,2.4849066497880004
162520,Broken Ranks,Indie|Role-playing (RPG)|Turn-based strategy (TBS),80.37735849056604,13,2022,1,single,2.6390573296152584
163629,LumbearJack,Adventure|Arcade|Indie|Puzzle|Simulator,65.59067944585676,9,2022,4,multi,2.302585092994046
164243,Madison,Adventure|Indie|Puzzle|Simulator,67.29253058448914,38,2022,6,multi,3.6635616461296463
164250,Ultimate Epic Battle Simulator 2,Adventure|Indie|Simulator|Strategy,52.60969976905312,5,2022,1,single,1.791759469228055
164944,Cultic,Indie|Shooter,71.14470620937787,20,2022,1,single,3.044522437723423
165287,Lunistice,Adventure|Arcade|Indie|Platform,72.43817727713713,10,2022,2,multi,2.3978952727983707
165346,Saints Row,Adventure|Shooter,56.18268862873956,68,2022,6,multi,4.23410650459726
165347,Marvel's Midnight Suns,Role-playing (RPG)|Strategy|Tactical,75.07025721545244,65,2022,3,multi,4.189654742026425
165351,Cult of the Lamb,Adventure|Hack and slash/Beat 'em up|Indie|Role-playing (RPG)|Simulator|Strategy,80.42799791903995,233,2022,7,multi,5.455321115357702
165399,Time on Frog Island,Adventure|Indie|Platform|Puzzle,65.543441415082,7,2022,7,multi,2.0794415416798357
166722,The Case of the Golden Idol,Adventure|Indie|Point-and-click|Puzzle,86.9600395835357,85,2022,1,single,4.454347296253507
167395,Isle of Jura,Indie,59.90216705406289,5,2022,2,multi,1.791759469228055
169158,Not Tonight 2,Adventure|Puzzle|Role-playing (RPG)|Simulator,55.14947950876098,5,2022,1,single,1.791759469228055
169994,Asterigos: Curse of the Stars,Adventure|Role-playing (RPG),66.47214752862826,18,2022,5,multi,2.9444389791664403
171216,MX vs. ATV: Legends,Arcade|Racing|Simulator|Sport,62.74157303370787,7,2022,5,multi,2.0794415416798357
171816,Pokémon Trading Card Game Live,Card & Board Game|Strategy,65.03920412022651,18,2022,1,single,2.9444389791664403
171963,Soda Crisis,Platform|Shooter,80.2755779527786,7,2022,1,single,2.0794415416798357
172427,Kirby and the Forgotten Land,Adventure|Platform,82.46794705332357,98,2022,1,single,4.59511985013459
172903,Supraland: Six Inches Under,Adventure|Indie|Platform|Puzzle,83.71460094018431,23,2022,1,single,3.1780538303479458
173033,Ravenous Devils,Indie|Simulator,69.79412852858114,21,2022,6,multi,3.091042453358316
173432,Choo-Choo Charles,Adventure|Indie|Shooter,69.62531354216682,28,2022,1,single,3.367295829986474
174521,The Cycle: Frontier,Shooter,53.48579450503645,16,2022,1,single,2.833213344056216
175015,Undecember,Adventure|Hack and slash/Beat 'em up|Role-playing (RPG),74.6067415730337,5,2022,3,multi,1.791759469228055
176071,Mothmen 1966,Adventure|Indie|Puzzle|Visual Novel,62.8,7,2022,4,multi,2.0794415416798357
176088,Despot's Game: Dystopian Army Builder,Adventure|Indie|Puzzle|Role-playing (RPG)|Strategy|Turn-based strategy (TBS),65.72857324591658,7,2022,8,multi,2.0794415416798357
178298,Star Ocean: The Divine Force,Adventure|Role-playing (RPG),79.51900458718566,6,2022,5,multi,1.9459101490553132
178361,The Dark Pictures Anthology: The Devil in Me,Adventure,68.93952721683024,90,2022,5,multi,4.51085950651685
178378,Ctrl Alt Ego,Indie|Puzzle|Role-playing (RPG)|Shooter|Simulator,67.90098145543858,8,2022,1,single,2.1972245773362196
180154,Islets,Adventure|Indie|Platform|Role-playing (RPG),80.97768685759772,24,2022,4,multi,3.2188758248682006
182179,Dragon Ball: The Breakers,Fighting,69.82486642036555,9,2022,4,multi,2.302585092994046
183426,A Taste of the Past,Adventure|Indie|Puzzle|Visual Novel,51.52334526620458,7,2022,1,single,2.0794415416798357
183648,DC League of Super-Pets: The Adventures of Krypto and Ace,Adventure|Shooter,30.72218993872709,6,2022,6,multi,1.9459101490553132
185256,Rumbleverse,Fighting|Platform,48.32608328799923,13,2022,5,multi,2.6390573296152584
185795,Pinball FX,Arcade|Pinball|Simulator,78.47425942548907,9,2022,1,single,2.302585092994046
186059,Redout 2,Arcade|Racing,62.37999789344217,9,2022,6,multi,2.302585092994046
186437,Fears to Fathom: Norwood Hitchhike,Adventure|Indie,76.6828450973779,25,2022,1,single,3.258096538021482
186483,You Will (Not) Remain,Indie,60.44033624016974,14,2022,1,single,2.70805020110221
186597,Strange Horticulture,Adventure|Puzzle|Role-playing (RPG)|Simulator,81.39446050137244,52,2022,1,single,3.970291913552122
186725,Vampire Survivors,Adventure|Arcade|Indie|Role-playing (RPG),80.98884946556241,369,2022,1,single,5.91350300563827
186818,Sucker for Love: First Date,Indie|Point-and-click|Role-playing (RPG)|Simulator|Visual Novel,70.10992288982207,7,2022,1,single,2.0794415416798357
186882,Beholder 3,Adventure|Indie|Point-and-click|Simulator|Strategy,60.67286372114882,11,2022,1,single,2.4849066497880004
187151,How Fish Is Made,Indie,70.09291325645032,28,2022,1,single,3.367295829986474
187284,Alina of the Arena,Arcade|Card & Board Game|Fighting|Indie|Strategy,69.06577772058465,5,2022,2,multi,1.791759469228055
187355,Riichi City,Card & Board Game|Sport|Strategy,85.45966228893057,6,2022,3,multi,1.9459101490553132
187534,Zodiacats,Adventure|Card & Board Game|Puzzle,68.98092096017568,5,2022,2,multi,1.791759469228055
187590,Cave Crawler,Adventure|Indie|Platform|Shooter,70.00931581041205,7,2022,1,single,2.0794415416798357
187715,The Closing Shift,Adventure|Indie|Simulator|Strategy,79.94616480920041,38,2022,1,single,3.6635616461296463
188503,Rogue Tower,Indie|Strategy|Tactical,66.36542636854561,14,2022,1,single,2.70805020110221
188540,Matchpoint: Tennis Championships,Simulator|Sport,64.30998686008368,8,2022,6,multi,2.1972245773362196
188551,Taiko no Tatsujin: The Drum Master!,Music,79.12001137605073,6,2022,3,multi,1.9459101490553132
188661,MLB The Show 22,Simulator|Sport,75.4655427597783,8,2022,5,multi,2.1972245773362196
188710,With You,Indie|Platform,46.65859564164649,5,2022,1,single,1.791759469228055
188913,Trail Out,Arcade|Indie|Racing|Simulator|Sport,70.83251663662861,15,2022,1,single,2.772588722239781
189301,The Plague Doctor of Wippra,Adventure|Point-and-click,75.37108832487829,8,2022,1,single,2.1972245773362196
189888,7 Days to End with You,Adventure|Indie|Puzzle|Simulator,55.46212435950699,6,2022,2,multi,1.9459101490553132
190361,Iron Lung,Adventure|Indie|Puzzle|Simulator,79.00704647005037,59,2022,1,single,4.0943445622221
190863,A.R.D. Alien Removal Division,Indie|Platform|Shooter,64.15817863113085,5,2022,1,single,1.791759469228055
190877,Gibbon: Beyond the Trees,Adventure|Indie|Platform,61.42322524011674,7,2022,1,single,2.0794415416798357
191270,Stream Pairs,Card & Board Game,92.85714285714286,7,2022,1,single,2.0794415416798357
191396,Fire Emblem Warriors: Three Hopes,Hack and slash/Beat 'em up|Role-playing (RPG)|Simulator|Strategy|Tactical,79.62620076816043,32,2022,1,single,3.4965075614664802
191398,Mario Strikers: Battle League,Sport,68.85866007256934,23,2022,1,single,3.1780538303479458
191408,Nintendo Switch Sports,Simulator|Sport,72.26605367497193,43,2022,1,single,3.784189633918261
191411,Xenoblade Chronicles 3,Adventure|Role-playing (RPG),85.02558130841953,62,2022,1,single,4.143134726391533
191576,McPixel 3,Adventure|Indie|Point-and-click|Puzzle,68.95300779148725,9,2022,6,multi,2.302585092994046
191738,Soul Hackers 2,Role-playing (RPG),78.18812583963518,19,2022,5,multi,2.995732273553991
191747,Wylde Flowers,Adventure|Indie|Simulator,75.39675727229375,15,2022,2,multi,2.772588722239781
191756,Final Vendetta,Arcade|Fighting|Hack and slash/Beat 'em up|Indie,79.76748390729551,5,2022,8,multi,1.791759469228055
191888,The One Who Pulls Out the Sword Will Be Crowned King,Adventure|Indie|Role-playing (RPG)|Simulator,44.20695181776638,12,2022,3,multi,2.5649493574615367
191897,Aperture Desk Job,Adventure|Puzzle,75.73715337025894,89,2022,2,multi,4.499809670330265
191930,Pokémon Violet,Adventure|Role-playing (RPG)|Turn-based strategy (TBS),73.67784250651351,124,2022,1,single,4.8283137373023015
191931,Pokémon Scarlet,Adventure|Role-playing (RPG)|Turn-based strategy (TBS),72.2808369862904,102,2022,1,single,4.634728988229636
191956,My Little Pony: A Maretime Bay Adventure,Adventure|Platform,40.18701173347812,5,2022,6,multi,1.791759469228055
192047,Who Pressed Mute on Uncle Marcus?,Adventure|Indie,60.06760377933269,7,2022,8,multi,2.0794415416798357
192731,Burnhouse Lane,Adventure|Indie|Point-and-click|Puzzle,95.65630385651765,11,2022,1,single,2.4849066497880004
192840,Symphony of War: The Nephilim Saga,Adventure|Indie|Role-playing (RPG)|Strategy|Tactical,67.65991984582952,11,2022,1,single,2.4849066497880004
193538,F1 Manager 2022,Racing|Simulator|Sport|Strategy,70.09686440593735,11,2022,5,multi,2.4849066497880004
194009,Dungeons of Dreadrock,Adventure|Indie|Puzzle|Role-playing (RPG),79.04066304396298,5,2022,2,multi,1.791759469228055
194205,Gundam Evolution,Shooter,51.88451461194947,9,2022,1,single,2.302585092994046
194207,Valkyrie Elysium,Hack and slash/Beat 'em up|Role-playing (RPG),65.83703779840701,6,2022,2,multi,1.9459101490553132
194210,Ghostwire: Tokyo - Prelude: The Corrupted Casefile,Adventure|Visual Novel,36.58143882449762,39,2022,3,multi,3.6888794541139363
194247,PC Building Simulator 2,Simulator,68.31515551394013,9,2022,1,single,2.302585092994046
194404,The Quarry,Adventure,74.34739027972843,232,2022,5,multi,5.4510384535657
194464,Escape Academy,Adventure|Puzzle,74.55672255724525,44,2022,5,multi,3.8066624897703196
194507,Moonscars,Adventure|Hack and slash/Beat 'em up|Indie|Platform,69.97804889038059,29,2022,6,multi,3.4011973816621555
194682,Ghostbusters: Spirits Unleashed,Adventure|Shooter,75.21822908579868,11,2022,5,multi,2.4849066497880004
194741,Ship of Fools,Adventure|Indie|Strategy,72.01483202092736,11,2022,4,multi,2.4849066497880004
194745,LEGO Bricktales,Adventure|Puzzle|Simulator,59.98175026598017,12,2022,8,multi,2.5649493574615367
195019,Knightfall: A Daring Journey,Indie|Racing,68.76712328767124,8,2022,1,single,2.1972245773362196
195478,Nightmare of Decay,Adventure|Indie|Shooter,79.77604899845649,12,2022,1,single,2.5649493574615367
195517,Return to Monkey Island,Adventure|Point-and-click|Puzzle,80.47938701815656,87,2022,4,multi,4.477336814478207
195688,100 Hidden Hares,Adventure|Indie|Point-and-click,51.42800290282558,5,2022,1,single,1.791759469228055
196030,Shotgun King: the Final Checkmate,Arcade|Card & Board Game|Indie|Puzzle|Shooter|Strategy|Tactical|Turn-based strategy (TBS),79.74636665996906,19,2022,1,single,2.995732273553991
196230,Stacklands,Card & Board Game|Indie|Simulator|Strategy,78.94803580735231,35,2022,2,multi,3.58351893845611
196918,Check it Out!,Indie|Simulator,60.98360655737704,6,2022,1,single,1.9459101490553132
197011,Boneraiser Minions,Indie,61.50182172759753,7,2022,1,single,2.0794415416798357
197081,The House of Da Vinci 3,Adventure|Indie|Point-and-click|Puzzle|Role-playing (RPG)|Simulator|Strategy,64.3918791037694,9,2022,1,single,2.302585092994046
197192,The Complex: Found Footage,Adventure|Indie|Simulator,70.12062983215739,15,2022,1,single,2.772588722239781
197198,Super Kiwi 64,Adventure|Arcade|Platform,79.8298201322143,15,2022,2,multi,2.772588722239781
197312,The Backrooms: Lost Tape,Adventure,78.57142857142857,6,2022,1,single,1.9459101490553132
197519,Voodoo Detective,Adventure|Indie|Point-and-click|Puzzle,69.86391926360957,7,2022,5,multi,2.0794415416798357
198200,F1 22,Racing|Simulator|Sport,71.07744329120608,34,2022,5,multi,3.5553480614894135
198227,Red Matter 2,Adventure|Indie|Puzzle|Shooter,80.1026722810304,5,2022,2,multi,1.791759469228055
198230,Bonelab,Adventure|Indie|Shooter|Simulator,81.71165971664621,11,2022,2,multi,2.4849066497880004
198388,Way of the Hunter,Adventure|Shooter|Simulator|Sport,61.8062876862983,10,2022,3,multi,2.3978952727983707
198560,The Jackbox Party Pack 9,Indie|Puzzle|Strategy,78.06215574489238,11,2022,8,multi,2.4849066497880004
198623,Railbound,Arcade|Card & Board Game|Indie|Puzzle|Simulator|Strategy,85.22633120052056,7,2022,4,multi,2.0794415416798357
198860,Monster Prom 3: Monster Roadtrip,Adventure|Indie|Simulator|Strategy|Visual Novel,70.02104864015725,8,2022,3,multi,2.1972245773362196
199111,Dadish 3,Adventure|Arcade|Indie|Platform,77.18037114533251,6,2022,2,multi,1.9459101490553132
199237,A Building Full of Cats,Adventure|Point-and-click|Puzzle,67.1928804589036,16,2022,2,multi,2.833213344056216
199573,Save Room: Organization Game,Adventure|Indie|Puzzle|Simulator|Strategy,66.79395194842833,10,2022,1,single,2.3978952727983707
199576,Toilet Chronicles,Adventure|Indie,70.05166187217728,5,2022,1,single,1.791759469228055
199648,One-Armed Cook,Simulator,60.20089525286992,11,2022,1,single,2.4849066497880004
199748,20 Minutes Till Dawn,Adventure|Arcade|Indie|Role-playing (RPG)|Shooter|Strategy,66.33171070711974,51,2022,3,multi,3.9512437185814275
200165,Call of Duty: Modern Warfare II,Shooter,72.01765322236645,169,2022,5,multi,5.135798437050262
200475,The Bathhouse,Indie,60.21960299797463,9,2022,1,single,2.302585092994046
200611,Dome Keeper,Arcade|Indie|Tactical,75.86010890320658,45,2022,3,multi,3.828641396489095
201483,The Knight Witch,Adventure|Card & Board Game|Indie|Shooter,87.00618284600543,7,2022,6,multi,2.0794415416798357
201963,WRC Generations,Racing|Simulator|Sport,74.94780039057038,12,2022,5,multi,2.5649493574615367
202279,Marvel Snap,Card & Board Game|Strategy,74.1652722982292,113,2022,3,multi,4.736198448394496
202389,Drainus,Arcade|Indie|Shooter,79.7603954697143,10,2022,1,single,2.3978952727983707
202417,Paw Patrol: Grand Prix,Racing|Sport,51.20576182789023,5,2022,6,multi,1.791759469228055
202590,Dakar Desert Rally,Arcade|Racing|Simulator|Sport,74.8445486390459,11,2022,5,multi,2.4849066497880004
202726,Holy Shit,Indie,29.28597147209528,6,2022,1,single,1.9459101490553132
203249,Hands of Necromancy,Indie|Shooter,60.12100677637947,5,2022,3,multi,1.791759469228055
203366,Rollerdrome,Adventure|Indie|Shooter|Sport,81.58387036613023,35,2022,3,multi,3.58351893845611
203376,Madden NFL 23,Simulator|Sport|Strategy,68.9863023939965,8,2022,3,multi,2.1972245773362196
204122,Placid Plastic Duck Simulator,Music|Puzzle|Simulator,79.20161157968921,13,2022,1,single,2.6390573296152584
204262,Necrosmith,Indie|Simulator|Strategy,74.86969676857038,8,2022,1,single,2.1972245773362196
204360,Goat Simulator 3,Adventure|Simulator,69.93704871440534,51,2022,3,multi,3.9512437185814275
204408,DKO: Divine Knockout,Fighting|Platform,14.07238651135156,11,2022,5,multi,2.4849066497880004
204543,The Entropy Centre,Adventure|Puzzle,79.63126343152888,24,2022,5,multi,3.2188758248682006
204603,Smithworks,Indie,68.90611410777497,4,2022,2,multi,1.6094379124341003
204618,High on Life,Adventure|Shooter,72.24193239771637,187,2022,3,multi,5.236441962829949
204623,Pentiment,Adventure|Puzzle|Role-playing (RPG),87.93891002630178,98,2022,3,multi,4.59511985013459
204849,The Looker,Indie|Puzzle,71.69331641307716,44,2022,1,single,3.8066624897703196
205064,Last Call BBS,Arcade|Indie|Puzzle|Simulator|Strategy,74.78902690498342,5,2022,3,multi,1.791759469228055
205730,Polda 7,Adventure|Indie|Point-and-click,49.6053785442853,6,2022,1,single,1.9459101490553132
205780,FIFA 23,Simulator|Sport,65.82208029508224,101,2022,6,multi,4.624972813284271
206188,Construction Simulator,Simulator|Strategy,70.2529044468975,6,2022,5,multi,1.9459101490553132
206313,Toree Genesis,Platform,71.94010749936012,7,2022,1,single,2.0794415416798357
206818,Harvestella,Adventure|Role-playing (RPG)|Simulator,80.10720201930978,7,2022,2,multi,2.0794415416798357
207381,Night At the Gates of Hell,Adventure|Indie|Shooter,60.13702616659358,8,2022,1,single,2.1972245773362196
207383,FPS Chess,Card & Board Game|Shooter|Strategy,59.63302752293578,12,2022,1,single,2.5649493574615367
207393,NBA 2K23,Simulator|Sport,63.95095645547048,33,2022,6,multi,3.5263605246161616
207399,Ballads at Midnight,Adventure|Indie|Visual Novel,60.24952595689929,5,2022,1,single,1.791759469228055
207796,Resonance of the Ocean,Adventure|Arcade|Indie|Puzzle,69.16921456922488,11,2022,1,single,2.4849066497880004
208668,Out of Ore,Adventure|Simulator|Strategy,86.48648648648648,9,2022,1,single,2.302585092994046
209094,Kirby's Dream Buffet,Platform|Racing,75.57759419958164,7,2022,1,single,2.0794415416798357
210014,Flyff Universe,Adventure|Role-playing (RPG),69.99689537410742,7,2022,1,single,2.0794415416798357
210665,The Excavation of Hob's Barrow,Adventure|Point-and-click|Puzzle,78.3234377464417,25,2022,3,multi,3.258096538021482
210901,A Castle Full of Cats,Adventure|Point-and-click|Puzzle,71.33567334320567,14,2022,2,multi,2.70805020110221
212269,Samurai Maiden,Adventure|Hack and slash/Beat 'em up|Platform|Role-playing (RPG),70.08295449099312,5,2022,4,multi,1.791759469228055
212426,Life Makeover,Role-playing (RPG)|Simulator|Visual Novel,68.0,5,2022,2,multi,1.791759469228055
212878,Omega Strikers,Arcade|Strategy|Tactical,69.86863881507024,36,2022,3,multi,3.6109179126442243
213113,Train Sim World 3,Racing|Simulator,73.79479504900802,8,2022,5,multi,2.1972245773362196
213264,Soccer Story,Adventure|Indie|Puzzle|Role-playing (RPG)|Simulator|Sport,66.89159237753519,5,2022,6,multi,1.791759469228055
213484,Escape Memoirs: Mini Stories,Adventure|Indie|Puzzle,79.83090754126968,6,2022,1,single,1.9459101490553132
213858,Father's Day,Indie|Simulator,67.57511631046283,6,2022,1,single,1.9459101490553132
214135,PGA Tour 2K23,Role-playing (RPG)|Simulator|Sport,66.6757730038495,5,2022,5,multi,1.791759469228055
214139,New Tales from the Borderlands,Adventure,64.017454193342,21,2022,6,multi,3.091042453358316
214675,NHL 23,Sport,63.19918355369276,11,2022,4,multi,2.4849066497880004
214707,The Last Hero of Nostalgaia,Adventure|Role-playing (RPG),67.61904761904762,5,2022,3,multi,1.791759469228055
214925,eFootball 2023,Sport,52.69021795156416,8,2022,5,multi,2.1972245773362196
214991,Maxon Petting Simulator,Simulator,85.0,7,2022,1,single,2.0794415416798357
215062,Horizon Chase 2,Arcade|Indie|Racing|Sport,69.95885284772312,5,2022,1,single,1.791759469228055
215301,FreshWomen,Adventure|Indie|Point-and-click|Role-playing (RPG)|Visual Novel,89.15557640418001,12,2022,3,multi,2.5649493574615367
215754,Nope Nope Nurses,Adventure|Visual Novel,69.16632738120755,6,2022,1,single,1.9459101490553132
216178,Football Manager 2023,Simulator|Sport,65.83569547421081,40,2022,7,multi,3.713572066704308
216187,Lust Theory,Adventure|Point-and-click|Role-playing (RPG)|Visual Novel,62.01670832818053,6,2022,3,multi,1.9459101490553132
216318,Just Dance 2023 Edition,Music,70.14781650580757,10,2022,3,multi,2.3978952727983707
216491,Unsolved Case,Adventure|Indie|Point-and-click|Puzzle,62.26790675159001,18,2022,4,multi,2.9444389791664403
216657,Insomnia: Theater in the Head,Adventure|Indie|Point-and-click|Puzzle|Role-playing (RPG)|Simulator,70.00931098696462,6,2022,2,multi,1.9459101490553132
217319,Titan Station,Adventure|Indie,74.43475161150042,8,2022,1,single,2.1972245773362196
217815,Call of Duty: Warzone,Shooter|Tactical,66.7990298225938,48,2022,5,multi,3.8918202981106265
218183,Hyper Demon,Indie|Shooter,85.6956760886672,12,2022,1,single,2.5649493574615367
219056,Elevator Hitch,Indie|Visual Novel,80.17898259539479,7,2022,2,multi,2.0794415416798357
219442,Need for Speed: Unbound,Racing,71.48858025313399,86,2022,3,multi,4.465908118654584
219462,Beeny,Adventure|Arcade|Platform,65.97651426896154,6,2022,2,multi,1.9459101490553132
219839,Path to Nowhere,Role-playing (RPG)|Strategy|Tactical,86.9125967522342,7,2022,2,multi,2.0794415416798357
224262,Fear & Hunger 2: Termina,Indie|Role-playing (RPG),82.93911739577166,33,2022,1,single,3.5263605246161616
225523,Rental,Adventure|Indie,66.27019939974937,16,2022,1,single,2.833213344056216
225615,Shadows Over Loathing,Adventure|Indie|Point-and-click|Puzzle|Role-playing (RPG)|Turn-based strategy (TBS),76.90958759710126,6,2022,2,multi,1.9459101490553132
225792,Chop Goblins,Adventure|Indie|Shooter,78.06807297134834,7,2022,1,single,2.0794415416798357
226034,The Shadow Over Route 80,Adventure|Indie,66.59839635589512,5,2022,1,single,1.791759469228055
228783,Tribals.io,Adventure|Fighting,82.0,6,2022,1,single,1.9459101490553132
229146,Broken Through,Adventure|Music,64.47543966040024,5,2022,1,single,1.791759469228055
229171,I Frog-ot,Adventure|Indie|Puzzle,51.55086334600276,5,2022,1,single,1.791759469228055
229631,Babbdi,Adventure|Indie,78.99120666790165,30,2022,3,multi,3.4339872044851463
231165,Handshakes,Indie|Puzzle,79.60361921334642,13,2022,1,single,2.6390573296152584
238765,GoreBox,Indie|Shooter|Simulator,86.0,5,2022,1,single,1.791759469228055
249696,Barro GT,Indie|Racing|Sport,64.616108358333,7,2022,1,single,2.0794415416798357
256090,Blood on the Clocktower,Card & Board Game|Indie|Role-playing (RPG)|Strategy,99.72427375677006,17,2022,1,single,2.8903717578961645
267592,Absurd Trolley Problems,Quiz/Trivia,70.16803573436414,5,2022,1,single,1.791759469228055
277671,Novopangea,Role-playing (RPG)|Strategy|Turn-based strategy (TBS),85.0,5,2022,1,single,1.791759469228055
352188,Tanks Blitz,Arcade|Shooter|Strategy|Tactical,80.0,5,2022,4,multi,1.791759469228055
7329,Dead Island 2,Adventure|Hack and slash/Beat 'em up|Role-playing (RPG)|Shooter,68.78423005010124,149,2023,5,multi,5.0106352940962555
17051,Dwelvers,Indie|Simulator|Strategy,50.0,1,2023,1,single,0.6931471805599453
21593,Lords of the Fallen,Adventure|Role-playing (RPG),72.30954847234622,84,2023,3,multi,4.442651256490317
23732,Osiris: New Dawn,Adventure|Indie|Role-playing (RPG),59.89750703186581,15,2023,1,single,2.772588722239781
26869,World of Horror,Adventure|Indie|Point-and-click|Role-playing (RPG)|Turn-based strategy (TBS),60.99040279056562,33,2023,4,multi,3.5263605246161616
27270,Payday 3,Shooter,59.42980948979779,43,2023,3,multi,3.784189633918261
27344,Barotrauma,Adventure|Indie|Simulator|Strategy,73.07009781647056,52,2023,3,multi,3.970291913552122
28489,Ready or Not,Indie|Shooter|Simulator|Tactical,77.23501746991838,85,2023,1,single,4.454347296253507
30099,Golf It!,Indie|Simulator|Sport,69.2331891310124,31,2023,1,single,3.4657359027997265
30650,Brick Rigs,Simulator,78.5314640383889,9,2023,1,single,2.302585092994046
31551,Final Fantasy XVI,Adventure|Role-playing (RPG),82.7484375855211,205,2023,1,single,5.327876168789581
31820,Long Gone Days,Indie|Role-playing (RPG)|Visual Novel,70.0,3,2023,7,multi,1.3862943611198906
49514,Mineko's Night Market,Adventure|Indie|Role-playing (RPG)|Simulator,60.02247130335147,6,2023,7,multi,1.9459101490553132
54984,Mewnbase,Indie|Simulator,80.0,2,2023,3,multi,1.0986122886681098
55262,Goblins of Elderstone,Indie|Simulator|Strategy,50.0,2,2023,1,single,1.0986122886681098
55472,Super Bunny Man,Arcade|Indie,77.92353206005687,14,2023,3,multi,2.70805020110221
55488,D'lirium,Adventure|Indie,80.0,1,2023,1,single,0.6931471805599453
56485,Stone Story RPG,Adventure|Indie|Role-playing (RPG),70.0,3,2023,3,multi,1.3862943611198906
59843,Pikmin 4,Adventure|Real Time Strategy (RTS)|Strategy,85.31859117406498,38,2023,1,single,3.6635616461296463
67902,Aimlabs,Indie|Shooter|Simulator,65.45335373596683,30,2023,1,single,3.4339872044851463
69385,Mercury Fallen,Indie|Simulator|Strategy,70.0,2,2023,2,multi,1.0986122886681098
72767,Jagged Alliance 3,Role-playing (RPG)|Strategy|Tactical|Turn-based strategy (TBS),79.60402149604514,11,2023,1,single,2.4849066497880004
76263,Contraband Police,Adventure|Indie|Shooter|Simulator,71.1362573706058,47,2023,1,single,3.871201010907891
76747,Atomic Heart,Adventure|Role-playing (RPG)|Shooter,69.1113762981584,224,2023,5,multi,5.41610040220442
77338,Ad Infinitum,Adventure|Puzzle,71.0239089190123,12,2023,3,multi,2.5649493574615367
78511,Forza Motorsport,Racing|Simulator|Sport,79.8523587476765,61,2023,2,multi,4.127134385045092
79134,Ancient Cities,Adventure|Indie|Simulator|Strategy,68.99339163003431,7,2023,1,single,2.0794415416798357
79864,The Talos Principle II,Adventure|Indie|Puzzle,87.46005058456913,57,2023,3,multi,4.060443010546419
87430,Head Soccer,Indie|Sport,90.0,1,2023,1,single,0.6931471805599453
90213,Unholy,Adventure|Indie|Puzzle|Role-playing (RPG),62.88386910354581,6,2023,1,single,1.9459101490553132
90850,Sipho,Indie|Simulator|Strategy,70.0,1,2023,3,multi,0.6931471805599453
96437,Starfield,Adventure|Role-playing (RPG)|Shooter,70.57071216093061,343,2023,2,multi,5.840641657373398
101320,Bum Simulator,Adventure|Indie|Role-playing (RPG)|Simulator,61.84482028165399,10,2023,1,single,2.3978952727983707
103184,Zombie Killing Simulator,Indie|Simulator|Strategy,60.0,2,2023,1,single,1.0986122886681098
104282,Zero Caliber VR,Indie|Shooter|Simulator,70.0,1,2023,1,single,0.6931471805599453
106142,Warman,Adventure|Indie|Role-playing (RPG),70.0,1,2023,2,multi,0.6931471805599453
106534,Gravity Circuit,Arcade|Indie|Platform,89.49866778433184,14,2023,6,multi,2.70805020110221
108324,Rings of Saturn,Indie|Simulator,60.0,4,2023,3,multi,1.6094379124341003
109970,Endless Dungeon,Role-playing (RPG)|Strategy|Tactical,61.59748001512328,9,2023,5,multi,2.302585092994046
110039,A Space for the Unbound,Adventure|Indie|Puzzle,81.88705427383297,33,2023,6,multi,3.5263605246161616
111090,Tin Hearts,Adventure|Indie|Platform|Puzzle|Strategy,70.0,4,2023,7,multi,1.6094379124341003
113876,Raccoo Venture,Adventure|Indie|Platform|Puzzle,70.0,3,2023,6,multi,1.3862943611198906
114004,Doomblade,Adventure|Indie|Platform,80.0,5,2023,1,single,1.791759469228055
114776,Blazing Sails,Adventure|Indie|Shooter|Tactical,79.56059627355454,7,2023,1,single,2.0794415416798357
115425,Darkest Dungeon II,Adventure|Indie|Role-playing (RPG)|Strategy|Tactical|Turn-based strategy (TBS),85.62381637156537,61,2023,1,single,4.127134385045092
116584,The Lord of the Rings: Gollum,Adventure,40.20550780255617,14,2023,5,multi,2.70805020110221
117294,Throne and Liberty,Adventure|Role-playing (RPG),57.46377854332192,68,2023,1,single,4.23410650459726
117843,Adore,Adventure|Indie|Role-playing (RPG),64.9438202247191,5,2023,6,multi,1.791759469228055
118400,Dead Monarchy,Indie|Role-playing (RPG)|Strategy,70.0,1,2023,1,single,0.6931471805599453
119171,Baldur's Gate III,Role-playing (RPG)|Strategy|Turn-based strategy (TBS),95.01468182942472,1564,2023,1,single,7.355641102974253
119360,Undying,Adventure|Indie|Role-playing (RPG)|Strategy,60.98245543031751,9,2023,2,multi,2.302585092994046
119388,The Legend of Zelda: Tears of the Kingdom,Adventure|Puzzle,92.72277804146788,898,2023,1,single,6.80128303447162
119801,Figment 2: Creed Valley,Adventure|Indie|Music|Puzzle,92.98098256063811,23,2023,5,multi,3.1780538303479458
120206,Blue Protocol,Adventure|Role-playing (RPG),71.57303370786516,7,2023,1,single,2.0794415416798357
121016,Children of Silentown,Adventure|Indie|Point-and-click|Puzzle,74.38967623134279,11,2023,6,multi,2.4849066497880004
121087,Ranch Simulator,Simulator,50.17519357059933,11,2023,1,single,2.4849066497880004
121388,Landlord's Super,Adventure|Indie|Role-playing (RPG)|Simulator,80.0,1,2023,1,single,0.6931471805599453
121501,The Last Spell,Indie|Role-playing (RPG)|Strategy|Tactical|Turn-based strategy (TBS),78.00080226063089,14,2023,4,multi,2.70805020110221
121751,Synced,Adventure|Shooter,58.88888888888889,9,2023,1,single,2.302585092994046
121762,Everspace 2,Adventure|Indie|Role-playing (RPG)|Shooter|Simulator,63.59999044103375,18,2023,1,single,2.9444389791664403
121808,Neon Noodles: Cyberpunk Kitchen Automation,Adventure|Indie|Puzzle|Simulator|Strategy,70.0,1,2023,3,multi,0.6931471805599453
122132,Black Skylands,Adventure|Indie|Role-playing (RPG)|Shooter|Simulator,80.01232526679694,7,2023,6,multi,2.0794415416798357
122200,Bleak Faith: Forsaken,Adventure|Hack and slash/Beat 'em up|Indie|Role-playing (RPG),60.11575939086483,6,2023,1,single,1.9459101490553132
122416,Spin Rhythm XD,Arcade|Indie|Music,77.57606382967684,15,2023,2,multi,2.772588722239781
122565,Humanity,Adventure|Indie|Platform|Puzzle,78.83942772939893,32,2023,5,multi,3.4965075614664802
123089,Pokémon Sleep,Simulator,59.77118541582087,11,2023,2,multi,2.4849066497880004
124257,Killer Frequency,Adventure|Indie|Puzzle|Simulator,73.83082205187526,40,2023,6,multi,3.713572066704308
125165,Diablo IV,Hack and slash/Beat 'em up|Role-playing (RPG),76.86002898756563,370,2023,5,multi,5.916202062607435
125174,Overwatch,Shooter,69.18024204900945,421,2023,6,multi,6.045005314036012
125410,I Wanna Maker,Arcade|Indie|Platform|Shooter,94.84799094255487,4,2023,1,single,1.6094379124341003
125626,KartRider: Drift,Racing|Sport,69.57040516882105,24,2023,5,multi,3.2188758248682006
125779,Caliber,Indie|MOBA|Shooter|Tactical,72.05466721484727,16,2023,1,single,2.833213344056216
126212,Trepang2,Indie|Shooter,77.93802038014312,48,2023,1,single,3.8918202981106265
127044,Marvel's Spider-Man 2,Adventure|Hack and slash/Beat 'em up,84.66473784447702,363,2023,1,single,5.8971538676367405
127354,Convergence: A League of Legends Story,Adventure|Indie|Platform,58.99100704022268,10,2023,6,multi,2.3978952727983707
128307,Detective Pikachu Returns,Adventure,59.84475290585954,7,2023,1,single,2.0794415416798357
129042,Doomsday Hunters,Arcade|Indie|Shooter,80.0,2,2023,2,multi,1.0986122886681098
129697,Shieldwall,Adventure|Indie|Simulator|Strategy|Tactical,80.0,2,2023,1,single,1.0986122886681098
129944,30XX,Adventure|Arcade|Indie|Platform,55.84269662921348,5,2023,2,multi,1.791759469228055
131817,Alien Hominid Invasion,Arcade|Indie|Platform|Shooter,43.30475080469006,6,2023,4,multi,1.9459101490553132
131890,Sea of Stars,Adventure|Indie|Role-playing (RPG),83.26151881456944,131,2023,6,multi,4.882801922586371
132188,Dordogne,Adventure|Indie,78.27098341412179,27,2023,6,multi,3.332204510175204
133154,Rough Justice: '84,Adventure|Card & Board Game|Indie|Puzzle|Simulator|Strategy,84.50337512054003,14,2023,1,single,2.70805020110221
133208,Roots of Pacha,Adventure|Indie|Role-playing (RPG)|Simulator,66.95797374596708,11,2023,3,multi,2.4849066497880004
133409,Labyrinthine,Adventure|Indie|Puzzle,75.81762126268002,17,2023,2,multi,2.8903717578961645
133446,Bzzzt,Adventure|Arcade|Indie|Platform,80.00778694907336,7,2023,3,multi,2.0794415416798357
133866,Cassette Beasts,Adventure|Indie|Role-playing (RPG)|Strategy,62.47625831016442,24,2023,5,multi,3.2188758248682006
133896,The Last Faith,Adventure|Fighting|Hack and slash/Beat 'em up|Indie|Platform|Role-playing (RPG),74.82946559878849,21,2023,7,multi,3.091042453358316
134324,Tchia,Adventure|Indie,64.16237262916421,21,2023,3,multi,3.091042453358316
134583,Forspoken,Adventure|Role-playing (RPG),58.8554359535819,40,2023,2,multi,3.713572066704308
134589,Goodbye Volcano High,Adventure|Indie|Music,60.91743119266055,6,2023,3,multi,1.9459101490553132
135478,Hrot,Indie|Shooter,98.10387271939786,31,2023,1,single,3.4657359027997265
135818,Pizza Tower,Adventure|Indie|Platform,83.39690879021107,73,2023,1,single,4.30406509320417
135842,Eternal Return,MOBA|Strategy,76.77090001952487,39,2023,1,single,3.6888794541139363
135940,Bomb Rush Cyberfunk,Adventure|Indie|Platform|Role-playing (RPG)|Sport,78.41012095426879,33,2023,6,multi,3.5263605246161616
136482,Undertale Yellow,Adventure|Indie|Role-playing (RPG)|Turn-based strategy (TBS),99.21104585102367,26,2023,1,single,3.295836866004329
136625,Hogwarts Legacy,Adventure|Role-playing (RPG),78.88038915776642,667,2023,3,multi,6.504288173536645
137070,Terraformers,Indie|Simulator|Strategy|Turn-based strategy (TBS),89.27245148688917,7,2023,3,multi,2.0794415416798357
137243,Little Goody Two Shoes,Adventure|Role-playing (RPG)|Visual Novel,90.20349827738512,9,2023,4,multi,2.302585092994046
137894,Roboquest,Indie|Shooter,79.85104428309067,41,2023,3,multi,3.7376696182833684
137931,Nova Lands,Adventure|Indie|Simulator|Strategy,77.49276656884271,10,2023,4,multi,2.3978952727983707
137989,Party Animals,Adventure|Fighting|Indie|Role-playing (RPG),85.25884910855805,50,2023,3,multi,3.9318256327243257
138137,Blood Bowl III,Card & Board Game|Role-playing (RPG)|Sport|Strategy|Turn-based strategy (TBS),51.3577923897639,6,2023,5,multi,1.9459101490553132
138906,The Invincible,Adventure|Indie,70.08089545870892,87,2023,3,multi,4.477336814478207
139705,Selene: Apoptosis,Visual Novel,78.63744022955731,7,2023,1,single,2.0794415416798357
140427,My Time at Sandrock,Adventure|Indie|Role-playing (RPG)|Simulator,83.22402030715365,22,2023,6,multi,3.1354942159291497
140815,Ugly,Adventure|Indie|Platform|Puzzle,65.77705827937096,5,2023,3,multi,1.791759469228055
140866,Stasis: Bone Totem,Adventure|Indie|Point-and-click|Puzzle,76.88461369122787,13,2023,2,multi,2.6390573296152584
141541,Season: A Letter to the Future,Adventure|Indie|Role-playing (RPG),76.05190326913679,13,2023,3,multi,2.6390573296152584
141704,Venba,Adventure|Indie|Puzzle|Simulator|Visual Novel,73.01363699351916,58,2023,5,multi,4.07753744390572
142035,Luck be a Landlord,Arcade|Card & Board Game|Indie|Puzzle|Role-playing (RPG)|Simulator|Strategy,70.26451807920242,12,2023,3,multi,2.5649493574615367
142549,Viewfinder,Adventure|Indie|Platform|Puzzle,78.27623140355966,104,2023,3,multi,4.653960350157523
142661,Mad Games Tycoon 2,Arcade|Indie|Role-playing (RPG)|Simulator|Strategy,71.34233254963935,15,2023,2,multi,2.772588722239781
142901,The Day Before,Adventure|Shooter,30.0,30,2023,3,multi,3.4339872044851463
142959,The Many Pieces of Mr. Coo,Adventure|Indie|Point-and-click|Puzzle,72.12476901944126,12,2023,7,multi,2.5649493574615367
143061,Coral Island,Adventure|Indie|Role-playing (RPG)|Simulator|Strategy,70.24795138201809,27,2023,3,multi,3.332204510175204
143078,Definitely Not Fried Chicken,Simulator|Strategy,60.69135192275309,6,2023,1,single,1.9459101490553132
143627,Sprawl,Indie|Shooter,58.82258249971254,6,2023,1,single,1.9459101490553132
143635,9 Years of Shadows,Adventure|Indie|Platform|Role-playing (RPG),62.16201037448388,16,2023,1,single,2.833213344056216
143639,Voidigo,Adventure|Indie,70.64440049798941,6,2023,1,single,1.9459101490553132
143882,Bang-On Balls: Chronicles,Adventure|Arcade|Indie|Platform,89.0005738224767,5,2023,4,multi,1.791759469228055
144040,Final Fantasy VII: Ever Crisis,Adventure|Role-playing (RPG),52.86854548779134,19,2023,2,multi,2.995732273553991
144098,Sun Haven,Adventure|Indie|Role-playing (RPG)|Simulator,77.30926799020588,18,2023,2,multi,2.9444389791664403
144569,Sanabi,Adventure|Indie|Platform,80.37250930230245,25,2023,2,multi,3.258096538021482
144585,Dread Templar,Indie|Shooter,73.24604114013034,8,2023,1,single,2.1972245773362196
144690,Against All Odds,Indie|Platform|Sport,59.55146255322673,5,2023,1,single,1.791759469228055
145216,AEW: Fight Forever,Fighting|Sport,78.53665273807182,8,2023,6,multi,2.1972245773362196
145463,West Hunt,Indie|Strategy|Tactical,67.31975112846163,6,2023,1,single,1.9459101490553132
145784,Oxenfree II: Lost Signals,Adventure|Indie,69.2880113865595,30,2023,6,multi,3.4339872044851463
146088,Laika: Aged Through Blood,Adventure|Arcade|Indie|Platform,78.8969062810478,17,2023,1,single,2.8903717578961645
146404,Scene Investigators,Adventure|Indie|Puzzle|Simulator,61.37788976389305,6,2023,1,single,1.9459101490553132
146568,Lone Fungus,Adventure|Indie|Platform,69.51537016813971,10,2023,1,single,2.3978952727983707
146609,Ember Knights,Adventure|Hack and slash/Beat 'em up|Role-playing (RPG),76.14229509644741,14,2023,2,multi,2.70805020110221
147519,Against the Storm,Indie|Real Time Strategy (RTS)|Simulator|Strategy,83.29854793954613,49,2023,1,single,3.912023005428146
148241,Lies of P,Adventure|Role-playing (RPG),84.57069365795654,329,2023,6,multi,5.799092654460526
148394,Mighty Doom,Adventure|Arcade|Role-playing (RPG)|Shooter,70.04031946993624,10,2023,2,multi,2.3978952727983707
150562,Above Snakes,Adventure|Fighting|Role-playing (RPG)|Simulator|Strategy,57.14285714285715,8,2023,1,single,2.1972245773362196
151593,Universe for Sale,Adventure|Indie|Point-and-click|Visual Novel,56.44792839462181,5,2023,2,multi,1.791759469228055
152067,The Anacrusis,Adventure|Indie|Shooter,53.9835463795331,7,2023,1,single,2.0794415416798357
152071,Planet of Lana,Adventure|Indie|Platform|Puzzle,76.83906408147223,117,2023,3,multi,4.770684624465665
152074,Scars Above,Adventure|Shooter,58.76340216837092,14,2023,5,multi,2.70805020110221
152124,Bramble: The Mountain King,Adventure|Indie|Platform|Puzzle,83.1559647437298,81,2023,6,multi,4.406719247264253
152196,Loddlenaut,Adventure|Indie,80.69122933828227,12,2023,2,multi,2.5649493574615367
152202,Avatar: Frontiers of Pandora,Adventure,73.17834008288837,50,2023,3,multi,3.9318256327243257
152204,Wizard With a Gun,Adventure|Indie|Shooter,70.25252525252525,11,2023,4,multi,2.4849066497880004
152247,Redfall,Adventure|Role-playing (RPG)|Shooter,45.94536720687656,37,2023,2,multi,3.6375861597263857
152257,Wartales,Adventure|Indie|Role-playing (RPG)|Strategy|Tactical|Turn-based strategy (TBS),79.19499485067776,38,2023,1,single,3.6635616461296463
152260,Lakeburg Legacies,Indie|Role-playing (RPG)|Simulator|Strategy,37.93345008756567,5,2023,1,single,1.791759469228055
152424,Terra Nil,Indie|Puzzle|Simulator|Strategy,73.2597139245201,45,2023,5,multi,3.828641396489095
152766,Anvil Saga,Indie|Role-playing (RPG)|Simulator,70.27074259150939,7,2023,1,single,2.0794415416798357
152844,Daymare: 1994 Sandcastle,Adventure|Shooter,58.6132122776846,11,2023,5,multi,2.4849066497880004
154769,Clash: Artifacts of Chaos,Adventure|Fighting|Indie,60.21760154738879,5,2023,5,multi,1.791759469228055
154775,RoboCop: Rogue City,Adventure|Role-playing (RPG)|Shooter,73.41447225293037,137,2023,3,multi,4.927253685157205
156150,Company of Heroes 3,Real Time Strategy (RTS)|Strategy|Tactical|Turn-based strategy (TBS),60.2260780491772,20,2023,1,single,3.044522437723423
157445,Thief Simulator 2,Indie|Role-playing (RPG)|Simulator|Strategy,60.01228883643887,7,2023,1,single,2.0794415416798357
159299,Storyteller,Adventure|Indie|Point-and-click|Puzzle|Simulator|Visual Novel,74.52880539761165,57,2023,2,multi,4.060443010546419
159685,Torn Away,Adventure|Indie|Platform|Point-and-click|Puzzle|Simulator,60.47958937383417,5,2023,2,multi,1.791759469228055
160293,Achilles: Legends Untold,Adventure|Hack and slash/Beat 'em up|Indie|Role-playing (RPG),64.9481912438309,12,2023,3,multi,2.5649493574615367
164867,Dredge,Adventure|Role-playing (RPG)|Simulator,80.77533835737916,233,2023,6,multi,5.455321115357702
164994,Volcano Princess,Indie|Role-playing (RPG)|Simulator|Strategy|Turn-based strategy (TBS),77.90480127017136,11,2023,1,single,2.4849066497880004
165271,Fall of Porcupine,Adventure|Indie|Platform|Puzzle,72.53018372703411,6,2023,6,multi,1.9459101490553132
165385,Mail Time,Adventure|Indie|Platform,62.11811342373985,7,2023,2,multi,2.0794415416798357
165390,Blasphemous II,Adventure|Hack and slash/Beat 'em up|Indie|Platform|Role-playing (RPG),84.66111678352058,96,2023,4,multi,4.574710978503383
170888,Decarnation,Adventure|Indie|Puzzle|Role-playing (RPG),70.02860094437577,8,2023,2,multi,2.1972245773362196
171219,SpongeBob SquarePants: The Cosmic Shake,Adventure|Platform,73.49641039814821,32,2023,5,multi,3.4965075614664802
172023,My Friendly Neighborhood,Adventure|Indie|Shooter,74.07881273662056,15,2023,1,single,2.772588722239781
172024,Turbo Overkill,Indie|Shooter,70.59721059211992,16,2023,1,single,2.833213344056216
172454,The Bookwalker: Thief of Tales,Adventure|Indie|Puzzle|Role-playing (RPG)|Turn-based strategy (TBS),74.15506883729975,20,2023,5,multi,3.044522437723423
173091,Wanted: Dead,Adventure|Hack and slash/Beat 'em up|Shooter,50.13945704192767,12,2023,5,multi,2.5649493574615367
174608,Snowbreak: Containment Zone,Adventure|Role-playing (RPG)|Shooter,68.59971008817658,22,2023,3,multi,3.1354942159291497
174674,Crystal of Atlan,Adventure|Hack and slash/Beat 'em up|Role-playing (RPG),85.0,14,2023,3,multi,2.70805020110221
174684,Arena Breakout,Shooter,72.42735599051558,18,2023,2,multi,2.9444389791664403
174844,Girls' Frontline 2: Exilium,Role-playing (RPG)|Shooter|Strategy|Tactical|Turn-based strategy (TBS),82.78792845028848,40,2023,3,multi,3.713572066704308
174897,Torchlight: Infinite,Adventure|Hack and slash/Beat 'em up|Role-playing (RPG),62.86335491298018,20,2023,3,multi,3.044522437723423
174971,Aether Gazer,Role-playing (RPG)|Simulator,69.48905109489051,7,2023,2,multi,2.0794415416798357
175001,Undawn,Adventure|Role-playing (RPG)|Shooter,54.0,5,2023,3,multi,1.791759469228055
178282,Honkai: Star Rail,Adventure|Role-playing (RPG)|Turn-based strategy (TBS),75.43456582747507,195,2023,3,multi,5.278114659230517
178900,Void Stranger,Adventure|Indie|Puzzle,89.67782990039696,11,2023,1,single,2.4849066497880004
179886,Neyasnoe,Adventure|Indie|Simulator,81.51392632524707,5,2023,3,multi,1.791759469228055
180876,Astral Ascent,Adventure|Indie|Platform,89.83771306372468,10,2023,5,multi,2.3978952727983707
182190,Song of Nunu: A League of Legends Story,Adventure|Indie|Puzzle,78.4969053487255,8,2023,2,multi,2.1972245773362196
182283,Rusted Moss,Adventure|Indie|Platform|Shooter,74.7882252075257,6,2023,1,single,1.9459101490553132
183617,Master Detective Archives: Rain Code,Adventure,83.79406242257376,20,2023,1,single,3.044522437723423
185238,The Texas Chain Saw Massacre,Indie,75.51445645318177,31,2023,5,multi,3.4657359027997265
185239,The Expanse: A Telltale Series,Adventure|Role-playing (RPG),74.29076735059971,25,2023,5,multi,3.258096538021482
185240,Thirsty Suitors,Adventure|Platform|Role-playing (RPG)|Turn-based strategy (TBS),69.53562318725112,9,2023,6,multi,2.302585092994046
185241,Have a Nice Death,Arcade|Indie|Platform,78.36528523184737,25,2023,2,multi,3.258096538021482
185246,Alan Wake II,Adventure|Shooter,87.11660083989344,312,2023,3,multi,5.746203190540153
185253,Dune: Spice Wars,Real Time Strategy (RTS)|Strategy|Tactical,69.9723079536732,23,2023,1,single,3.1780538303479458
185255,Star Trek: Resurgence,Adventure|Role-playing (RPG),75.18747757053198,8,2023,5,multi,2.1972245773362196
185642,Afterimage,Adventure|Hack and slash/Beat 'em up|Indie|Platform|Role-playing (RPG),74.95901892854955,13,2023,6,multi,2.6390573296152584
185703,The Wreck,Adventure|Indie|Point-and-click|Puzzle|Visual Novel,78.40794575295524,5,2023,7,multi,1.791759469228055
186309,Horizon Call of the Mountain,Adventure,77.23304557852912,11,2023,1,single,2.4849066497880004
186528,Coffee Talk: Episode 2 - Hibiscus & Butterfly,Adventure|Indie|Simulator|Visual Novel,80.28622317693828,18,2023,7,multi,2.9444389791664403
188383,Reverse: 1999,Role-playing (RPG)|Strategy|Turn-based strategy (TBS),80.70855898138777,38,2023,2,multi,3.6635616461296463
188555,Blood West,Role-playing (RPG)|Shooter,76.43256106473314,19,2023,1,single,2.995732273553991
191204,Just King,Strategy,72.85714285714286,5,2023,1,single,1.791759469228055
191308,That Which Gave Chase,Adventure|Indie,78.50121824957205,7,2023,1,single,2.0794415416798357
191402,Disney Speedstorm,Adventure|Arcade|Racing|Simulator|Sport,57.38122512791431,35,2023,1,single,3.58351893845611
191692,Street Fighter 6,Arcade|Fighting,80.11368798048204,113,2023,4,multi,4.736198448394496
191698,Chef Life: A Restaurant Simulator,Adventure|Simulator,61.37278359943653,6,2023,5,multi,1.9459101490553132
191797,House Flipper 2,Indie|Simulator,73.82555741432951,27,2023,1,single,3.332204510175204
192291,Lunacid,Indie|Role-playing (RPG),85.56744895350612,19,2023,1,single,2.995732273553991
194106,Limbus Company,Adventure|Role-playing (RPG)|Strategy|Visual Novel,90.71969874914419,23,2023,3,multi,3.1780538303479458
194203,Exoprimal,Hack and slash/Beat 'em up|Shooter,60.27198597434729,11,2023,5,multi,2.4849066497880004
194504,Backpack Hero,Adventure|Card & Board Game|Fighting|Indie|Puzzle|Role-playing (RPG)|Strategy|Turn-based strategy (TBS),70.16082808007963,25,2023,5,multi,3.258096538021482
194506,Stray Gods: The Roleplaying Musical,Adventure|Music|Role-playing (RPG),80.02900977406819,22,2023,6,multi,3.1354942159291497
194696,In Stars and Time,Adventure|Indie|Role-playing (RPG)|Turn-based strategy (TBS),82.93675132512442,19,2023,4,multi,2.995732273553991
194740,Deliver Us Mars,Adventure|Indie|Platform,74.84443067889008,38,2023,5,multi,3.6635616461296463
194837,One Piece Odyssey,Adventure|Role-playing (RPG),83.69458850031579,15,2023,4,multi,2.772588722239781
195883,Bokura,Adventure|Indie|Platform|Puzzle,80.00682083089528,13,2023,5,multi,2.6390573296152584
196549,Brown Dust II,Adventure|Role-playing (RPG),84.13793103448276,8,2023,2,multi,2.1972245773362196
196769,Moonstone Island,Adventure|Indie|Role-playing (RPG)|Simulator,77.03365481995633,12,2023,3,multi,2.5649493574615367
198439,American Arcadia,Adventure|Indie|Platform|Puzzle,79.7034499350448,16,2023,1,single,2.833213344056216
198499,Chants of Sennaar,Adventure|Indie|Platform|Puzzle,86.39978466312454,102,2023,4,multi,4.634728988229636
198506,Disney Dreamlight Valley,Adventure|Role-playing (RPG)|Simulator,79.70514445964459,41,2023,7,multi,3.7376696182833684
199116,Brotato,Arcade|Fighting|Indie|Role-playing (RPG)|Shooter,73.68683915191772,124,2023,2,multi,4.8283137373023015
199132,Pizza Possum,Arcade|Indie|Platform|Strategy,70.03110905400776,7,2023,4,multi,2.0794415416798357
199713,Do Not Feed the Monkeys 2099,Indie|Point-and-click|Simulator|Strategy,67.94902215750966,5,2023,2,multi,1.791759469228055
199736,OTXO,Fighting|Indie|Shooter|Simulator|Strategy,93.23895031991258,10,2023,1,single,2.3978952727983707
199925,Warcraft Rumble,Strategy,60.10939080964472,19,2023,2,multi,2.995732273553991
200899,Wildfrost,Adventure|Card & Board Game|Indie|Strategy|Tactical,71.68186672226523,24,2023,2,multi,3.2188758248682006
201156,Star Wars Jedi: Survivor,Adventure,81.56809758738846,308,2023,3,multi,5.733341276897746
201789,Arma Reforger,Shooter|Simulator|Strategy|Tactical,89.89189189189189,11,2023,2,multi,2.4849066497880004
201795,Miasma Chronicles,Adventure|Role-playing (RPG)|Strategy|Tactical|Turn-based strategy (TBS),75.73216886362505,9,2023,3,multi,2.302585092994046
201897,Vinemon: Sauce Edition,Role-playing (RPG),88.57142857142858,7,2023,1,single,2.0794415416798357
203258,"Warhammer 40,000: Boltgun",Arcade|Indie|Shooter,77.23057142575266,44,2023,6,multi,3.8066624897703196
203259,"Warhammer 40,000: Rogue Trader",Adventure|Role-playing (RPG)|Strategy|Turn-based strategy (TBS),88.04219928219096,29,2023,4,multi,3.4011973816621555
203367,Eternights,Adventure|Hack and slash/Beat 'em up|Indie|Role-playing (RPG),70.04540930469437,10,2023,3,multi,2.3978952727983707
203642,Loretta,Adventure|Indie|Point-and-click|Puzzle|Role-playing (RPG),79.71164504429734,9,2023,1,single,2.302585092994046
203722,Dave the Diver,Adventure|Role-playing (RPG)|Simulator,81.48028153951356,180,2023,2,multi,5.198497031265826
204028,Full Void,Adventure|Indie|Platform|Puzzle,85.71428571428571,5,2023,3,multi,1.791759469228055
204239,Deadlink,Indie|Shooter,79.74305498248273,7,2023,1,single,2.0794415416798357
204354,Aliens: Dark Descent,Adventure|Strategy,78.91750260163101,21,2023,5,multi,3.091042453358316
204356,Fort Solis,Adventure|Indie,69.17848396878833,37,2023,2,multi,3.6375861597263857
204378,Birth,Adventure|Indie|Point-and-click|Puzzle,74.62417862733027,14,2023,2,multi,2.70805020110221
204418,Spirittea,Adventure|Puzzle|Role-playing (RPG)|Simulator,43.52380952380952,6,2023,4,multi,1.9459101490553132
204460,The Lord of the Rings: Return to Moria,Adventure|Role-playing (RPG),72.64688978969627,32,2023,1,single,3.4965075614664802
204524,Bread & Fred,Indie|Platform,60.10450139363805,11,2023,1,single,2.4849066497880004
204621,Minecraft: Legends,Arcade|Strategy,59.9939713683742,21,2023,6,multi,3.091042453358316
204622,The Last Case of Benedict Fox,Adventure|Hack and slash/Beat 'em up|Indie|Platform,65.59689885134733,10,2023,3,multi,2.3978952727983707
204626,Ravenlok,Adventure|Role-playing (RPG),69.82292758857398,16,2023,3,multi,2.833213344056216
204627,Cocoon,Adventure|Indie|Puzzle,83.48415748930206,150,2023,6,multi,5.017279836814924
204628,Wo Long: Fallen Dynasty,Adventure|Role-playing (RPG),71.11560782888425,53,2023,5,multi,3.9889840465642745
204631,SpellForce: Conquest of Eo,Role-playing (RPG)|Strategy|Turn-based strategy (TBS),45.71428571428571,5,2023,1,single,1.791759469228055
205700,Cookie Cutter,Adventure|Indie|Platform|Role-playing (RPG),63.10306890162699,6,2023,3,multi,1.9459101490553132
206812,Blanc,Adventure|Indie,76.61028299944248,10,2023,2,multi,2.3978952727983707
209620,Kingdom Eighties,Adventure|Arcade|Role-playing (RPG)|Simulator|Strategy,68.84206254373473,8,2023,3,multi,2.1972245773362196
210395,Slay the Princess,Adventure|Indie|Point-and-click|Role-playing (RPG)|Visual Novel,76.27946772193474,63,2023,3,multi,4.1588830833596715
211024,Creepy Tale 3: Ingrid Penance,Adventure|Indie|Point-and-click|Puzzle,70.02973923533402,6,2023,3,multi,1.9459101490553132
211223,Smushi Come Home,Adventure|Indie|Platform|Puzzle|Role-playing (RPG),77.93803817397662,9,2023,3,multi,2.302585092994046
211242,Kona II: Brume,Adventure|Indie|Puzzle|Simulator,68.23829322664962,11,2023,7,multi,2.4849066497880004
211735,I Commissioned Some Bees 0,Indie|Point-and-click|Puzzle,69.31005115404463,8,2023,1,single,2.1972245773362196
212264,Fuga: Melodies of Steel 2,Role-playing (RPG)|Simulator|Strategy|Tactical|Turn-based strategy (TBS),99.25274643748652,9,2023,6,multi,2.302585092994046
212438,Sword of Convallaria: For This World of Peace,Adventure|Role-playing (RPG)|Strategy|Tactical|Turn-based strategy (TBS),78.29732893476643,6,2023,3,multi,1.9459101490553132
212571,Gal Guardians: Demon Purge,Adventure|Platform,77.5202111831774,6,2023,6,multi,1.9459101490553132
212735,Breakout 13,Adventure|Indie|Point-and-click|Role-playing (RPG),61.03590434189264,5,2023,2,multi,1.791759469228055
213501,Bloody Hell,Adventure|Indie,75.09490036188379,11,2023,1,single,2.4849066497880004
213639,My Hero Ultra Rumble,Fighting,52.87339418746816,195,2023,4,multi,5.278114659230517
214397,Moving Out 2,Indie|Simulator|Strategy,72.70000551265836,11,2023,6,multi,2.4849066497880004
214402,Under the Waves,Adventure|Indie,72.15466336952926,16,2023,5,multi,2.833213344056216
214406,Friends vs. Friends,Card & Board Game|Indie|Shooter,78.30647734340938,17,2023,1,single,2.8903717578961645
214408,Stranded: Alien Dawn,Simulator|Strategy,79.91836361498974,6,2023,5,multi,1.9459101490553132
214409,Atlas Fallen,Adventure|Role-playing (RPG),70.23871998280295,28,2023,3,multi,3.367295829986474
214417,The Finals,Shooter,74.24163988269531,290,2023,3,multi,5.673323267171493
214506,Teslagrad 2,Adventure|Indie|Platform|Puzzle,70.26857826619819,7,2023,6,multi,2.0794415416798357
215060,Assassin's Creed Mirage,Adventure,74.12236703569627,183,2023,5,multi,5.214935757608986
215098,The Ouroboros King,Card & Board Game|Indie|Puzzle|Strategy,69.86322924707787,5,2023,2,multi,1.791759469228055
215569,Fears to Fathom: Carson House,Adventure|Indie,75.74802758653115,17,2023,1,single,2.8903717578961645
216278,Disney Illusion Island,Adventure|Platform,66.86154243101882,6,2023,1,single,1.9459101490553132
217311,For the King II,Adventure|Indie|Role-playing (RPG)|Strategy,44.18388116582031,11,2023,1,single,2.4849066497880004
217435,Picayune Dreams,Arcade|Indie|Shooter,72.92647301142486,9,2023,1,single,2.302585092994046
217550,Fire Emblem Engage,Adventure|Role-playing (RPG)|Strategy|Tactical|Turn-based strategy (TBS),74.77579934699948,52,2023,1,single,3.970291913552122
217554,Octopath Traveler II,Role-playing (RPG),82.10257222021659,54,2023,4,multi,4.007333185232471
217555,Fae Farm,Adventure|Role-playing (RPG)|Simulator,75.80496972228022,16,2023,2,multi,2.833213344056216
217556,Theatrhythm Final Bar Line,Music|Role-playing (RPG),80.0825696659796,12,2023,2,multi,2.5649493574615367
217558,Atelier Ryza 3: Alchemist of the End & the Secret Key,Adventure|Role-playing (RPG)|Simulator,81.17571987621096,9,2023,4,multi,2.302585092994046
217624,Like a Dragon Gaiden: The Man Who Erased His Name,Adventure|Hack and slash/Beat 'em up|Role-playing (RPG),76.8902230835608,50,2023,5,multi,3.9318256327243257
218674,This Bed We Made,Adventure|Indie,65.43792291974509,13,2023,2,multi,2.6390573296152584
218793,Wild Hearts,Adventure,68.14302474204293,17,2023,3,multi,2.8903717578961645
219196,King of the Castle,Indie|Strategy,82.79350329910592,10,2023,1,single,2.3978952727983707
223462,Heretic's Fork,Arcade|Card & Board Game|Indie|Strategy,69.89639186036827,5,2023,1,single,1.791759469228055
224570,Pleh!,Adventure|Indie,70.04679124367382,5,2023,1,single,1.791759469228055
224705,Wall World,Adventure|Arcade|Indie|Platform|Role-playing (RPG)|Shooter|Strategy,75.66216025418163,20,2023,1,single,3.044522437723423
224733,Looking Up I See Only a Ceiling,Adventure|Indie|Point-and-click|Puzzle|Visual Novel,64.96008204597385,11,2023,3,multi,2.4849066497880004
224806,The Karaoke,Adventure|Indie,53.19085801050116,6,2023,1,single,1.9459101490553132
224897,Dr Livesey Rom and Death Edition,Adventure|Indie|Shooter,34.3697227256815,8,2023,1,single,2.1972245773362196
225590,Your Only Move is Hustle,Fighting|Indie|Simulator|Strategy,70.83522277118824,13,2023,2,multi,2.6390573296152584
226376,Dragonheir: Silent Gods,Adventure|Role-playing (RPG)|Strategy,61.22244523758078,40,2023,2,multi,3.713572066704308
226386,My Dream Setup,Indie|Simulator,61.73850723058876,9,2023,2,multi,2.302585092994046
226605,Teleforum,Adventure|Indie|Puzzle|Visual Novel,69.16031894225641,8,2023,2,multi,2.1972245773362196
228258,Amnesia: The Bunker,Adventure|Indie|Puzzle|Shooter,73.95655799565503,77,2023,4,multi,4.356708826689592
228521,Valiant Hearts: Coming Home,Adventure|Indie|Platform|Puzzle,78.1344945558587,14,2023,2,multi,2.70805020110221
228522,Hellboy: Web of Wyrd,Adventure|Fighting|Indie,59.62601815342333,10,2023,6,multi,2.3978952727983707
228524,After Us,Adventure|Platform|Puzzle,60.24419123293904,5,2023,3,multi,1.791759469228055
228528,Bayonetta Origins: Cereza and the Lost Demon,Adventure|Puzzle,73.45373531417601,12,2023,1,single,2.5649493574615367
228531,Immortals of Aveum,Adventure|Shooter,69.85130896939695,31,2023,3,multi,3.4657359027997265
228535,Remnant II,Adventure|Role-playing (RPG)|Shooter,76.85117997199728,98,2023,3,multi,4.59511985013459
228541,Crime Boss: Rockay City,Shooter,66.00606790642257,8,2023,1,single,2.1972245773362196
228542,Armored Core VI: Fires of Rubicon,Shooter,80.22616182743809,106,2023,5,multi,4.672828834461906
229007,Outpath,Adventure|Indie|Simulator|Strategy,71.34428587491315,6,2023,1,single,1.9459101490553132
229176,Ys X: Nordics,Adventure|Role-playing (RPG),80.03044802087864,6,2023,3,multi,1.9459101490553132
229919,Fate/Samurai Remnant,Role-playing (RPG),80.0254489750748,9,2023,4,multi,2.302585092994046
230468,Garten of Banban,Adventure|Arcade|Indie|Puzzle,35.76092158887173,13,2023,2,multi,2.6390573296152584
230593,MLB The Show 23,Simulator|Sport,80.98466915133442,9,2023,5,multi,2.302585092994046
230631,Harvest Festival 64,Adventure,52.67975451206641,5,2023,2,multi,1.791759469228055
230769,September 7th,Adventure|Indie|Simulator,63.31903645278192,11,2023,1,single,2.4849066497880004
231437,Garten of Banban 2,Adventure|Arcade|Indie|Puzzle,32.51038990562811,9,2023,3,multi,2.302585092994046
231547,Let's School,Indie|Simulator|Strategy,72.28161106503414,7,2023,1,single,2.0794415416798357
232416,Cobalt Core,Card & Board Game|Indie|Puzzle|Role-playing (RPG)|Strategy|Tactical,79.9755018152175,11,2023,2,multi,2.4849066497880004
232571,Age of Wonders 4,Strategy|Turn-based strategy (TBS),76.06780404849415,15,2023,3,multi,2.772588722239781
232908,SteamWorld Build,Simulator|Strategy,70.3014122434297,17,2023,6,multi,2.8903717578961645
233028,WWE 2K23,Fighting|Simulator|Sport,71.13348975401448,11,2023,5,multi,2.4849066497880004
233307,Shadow Gambit: The Cursed Crew,Adventure|Indie|Role-playing (RPG)|Strategy|Tactical,79.51573878500137,15,2023,3,multi,2.772588722239781
233585,Hi-Fi Rush,Adventure|Hack and slash/Beat 'em up|Music|Platform,85.17058294088174,188,2023,2,multi,5.241747015059643
233676,Road 96: Mile 0,Adventure|Indie|Music|Puzzle,70.94135794606021,15,2023,6,multi,2.772588722239781
234256,The Crew: Motorfest,Adventure|Racing,70.39965944004368,40,2023,5,multi,3.713572066704308
234740,Nocturnal,Adventure|Platform,69.53993489073878,15,2023,4,multi,2.772588722239781
235202,Missing Hiker,Adventure|Indie,48.50664228777477,10,2023,1,single,2.3978952727983707
235381,Escape From Mystwood Mansion,Adventure|Puzzle,70.00000000000001,5,2023,1,single,1.791759469228055
235446,File Destined,Adventure|Indie,69.38545850885318,6,2023,1,single,1.9459101490553132
235732,Grapples Galore,Indie,44.02587132603247,5,2023,1,single,1.791759469228055
236572,Chillquarium,Simulator,88.39312738633222,5,2023,1,single,1.791759469228055
236662,Harmony: The Fall of Reverie,Adventure|Indie|Strategy|Visual Novel,69.5213056256816,7,2023,4,multi,2.0794415416798357
236674,WBSC eBaseball: Power Pros,Sport,64.14468217387926,5,2023,2,multi,1.791759469228055
236694,Paranormasight: The Seven Mysteries of Honjo,Adventure|Point-and-click|Simulator|Visual Novel,82.71160753227818,20,2023,4,multi,3.044522437723423
237349,Tevi,Adventure|Indie|Platform|Role-playing (RPG)|Shooter,79.11745535834524,8,2023,2,multi,2.1972245773362196
238690,Peaks of Yore,Adventure|Indie|Platform,89.73382889835062,6,2023,1,single,1.9459101490553132
239086,Re:Fresh,Adventure|Indie|Platform,69.99893802276293,6,2023,1,single,1.9459101490553132
239302,The Mageseeker: A League of Legends Story,Adventure|Indie|Role-playing (RPG),63.99385816900212,15,2023,6,multi,2.772588722239781
239385,Naruto x Boruto: Ultimate Ninja Storm Connections,Adventure|Fighting,67.4647985306272,16,2023,6,multi,2.833213344056216
239392,Mortal Kombat 1,Adventure|Fighting,75.97823442420876,100,2023,3,multi,4.61512051684126
239561,Deceit 2,Role-playing (RPG)|Shooter,48.16318065082284,5,2023,1,single,1.791759469228055
239812,Travellin Cats in Paris,Adventure|Indie|Puzzle,59.46995498795037,16,2023,1,single,2.833213344056216
239920,Blood Strike,Adventure|Shooter|Strategy,88.59625845827253,28,2023,1,single,3.367295829986474
240141,Crymachina,Adventure|Role-playing (RPG),59.12328041535168,5,2023,3,multi,1.791759469228055
240393,Garten of Banban 3,Adventure|Arcade|Indie|Puzzle,53.73213444081947,5,2023,1,single,1.791759469228055
240496,Pineapple on Pizza,Indie,70.04628125913382,38,2023,3,multi,3.6635616461296463
240514,Sticky Business,Indie|Point-and-click|Puzzle|Simulator,73.08474725848326,11,2023,2,multi,2.4849066497880004
240558,F1 23,Racing|Simulator|Sport,70.28909095217986,35,2023,5,multi,3.58351893845611
240585,Parasocial,Indie|Simulator,69.78219543950544,17,2023,1,single,2.8903717578961645
240683,Beton Brutal,Indie|Platform,76.77396917904649,6,2023,1,single,1.9459101490553132
240874,Beecarbonize,Card & Board Game|Simulator|Strategy,66.96816128676875,6,2023,3,multi,1.9459101490553132
240893,The Lamplighters League,Adventure|Role-playing (RPG)|Strategy|Tactical|Turn-based strategy (TBS),73.1671783542925,6,2023,2,multi,1.9459101490553132
240902,Cities: Skylines II,Simulator|Strategy,66.09494083078279,51,2023,1,single,3.9512437185814275
241332,Demonologist,Adventure|Indie|Puzzle|Simulator,51.21212121212121,9,2023,1,single,2.302585092994046
242408,Counter-Strike 2,Shooter|Tactical,68.64193253783596,350,2023,2,multi,5.860786223465865
242493,LEGO 2K Drive,Adventure|Arcade|Racing,69.76642259848177,20,2023,6,multi,3.044522437723423
242597,Sludge Life 2,Adventure|Indie,47.62961619608706,6,2023,1,single,1.9459101490553132
243278,Monopoly Go!,Card & Board Game,42.52261641014073,13,2023,2,multi,2.6390573296152584
243385,The Murder of Sonic the Hedgehog,Indie|Point-and-click|Simulator|Visual Novel,69.82905077648883,69,2023,2,multi,4.248495242049359
243747,Idol Showdown,Arcade|Fighting|Indie,66.12238419094479,8,2023,1,single,2.1972245773362196
243869,The Jackbox Party Pack 10,Indie|Puzzle|Role-playing (RPG)|Strategy,69.91170110074306,8,2023,6,multi,2.1972245773362196
244116,Rewind or Die,Adventure|Indie|Simulator,69.99751367478866,6,2023,2,multi,1.9459101490553132
244167,Bopl Battle,Fighting|Platform|Strategy,76.82747022655407,14,2023,1,single,2.70805020110221
244493,Cats Hidden in Bali,Adventure|Arcade|Indie|Point-and-click|Puzzle,56.71598583038543,5,2023,1,single,1.791759469228055
245390,Trine 5: A Clockwork Conspiracy,Adventure|Indie|Platform|Puzzle|Role-playing (RPG),74.41206937312467,21,2023,6,multi,3.091042453358316
245793,Night Security,Indie,69.9807655395641,9,2023,1,single,2.302585092994046
246248,A Tiny Sticker Tale,Adventure|Indie|Puzzle,79.88951998165763,8,2023,4,multi,2.1972245773362196
246262,Agatha Christie: Hercule Poirot - The London Case,Adventure|Point-and-click|Puzzle,58.88553903732196,5,2023,6,multi,1.791759469228055
246290,Viking Rise,Role-playing (RPG)|Strategy,92.38095238095238,6,2023,1,single,1.9459101490553132
246917,Underground Blossom,Adventure|Indie|Point-and-click|Puzzle,79.25034605434062,20,2023,1,single,3.044522437723423
246919,God of Weapons,Adventure|Indie|Role-playing (RPG),47.0,7,2023,1,single,2.0794415416798357
247531,Town of Salem 2,Indie|Role-playing (RPG)|Strategy,79.1743119266055,6,2023,2,multi,1.9459101490553132
247545,Monster Hunter Now,Adventure|Role-playing (RPG),71.87311527185669,6,2023,2,multi,1.9459101490553132
247578,The Cosmic Wheel Sisterhood,Adventure|Indie|Visual Novel,85.59845513040683,25,2023,2,multi,3.258096538021482
247757,Unboxing the Cryptic Killer,Adventure|Puzzle,47.4074074074074,6,2023,4,multi,1.9459101490553132
247935,Only Up!,Adventure|Indie,74.58320031684093,13,2023,1,single,2.6390573296152584
248358,Double Dragon Gaiden: Rise of the Dragons,Adventure|Arcade|Fighting|Hack and slash/Beat 'em up,70.70723072786326,9,2023,6,multi,2.302585092994046
248580,What the Car?,Adventure|Indie|Platform|Racing,69.83669485087331,14,2023,2,multi,2.70805020110221
248582,Teenage Mutant Ninja Turtles: Splintered Fate,Adventure|Fighting|Hack and slash/Beat 'em up|Indie,70.01806793543724,6,2023,2,multi,1.9459101490553132
249388,Try Again,Adventure|Indie|Platform,69.9377799900448,5,2023,1,single,1.791759469228055
249477,Return to Grace,Adventure|Indie,79.5480911162965,8,2023,5,multi,2.1972245773362196
249830,Class of '09: The Re-Up,Indie|Role-playing (RPG)|Simulator|Visual Novel,62.13184905569513,8,2023,1,single,2.1972245773362196
250155,Station to Station,Indie|Simulator|Strategy,69.94226241358108,6,2023,1,single,1.9459101490553132
250531,Total War: Pharaoh,Strategy,38.90838098692473,6,2023,2,multi,1.9459101490553132
250617,Ghostrunner II,Adventure|Hack and slash/Beat 'em up|Platform|Strategy,79.44715398540333,49,2023,3,multi,3.912023005428146
250627,Five Nights at Freddy's: Help Wanted 2,Indie|Puzzle|Simulator,69.25873654567903,5,2023,2,multi,1.791759469228055
251471,Hot Wheels Unleashed 2: Turbocharged,Arcade|Racing|Simulator|Sport,65.23820669423857,15,2023,6,multi,2.772588722239781
251568,Assassin's Creed Nexus VR,Adventure,67.16381310340915,8,2023,2,multi,2.1972245773362196
251588,Everybody 1-2-Switch,Arcade,68.54690463046258,6,2023,1,single,1.9459101490553132
252167,Madden NFL 24,Simulator|Sport|Strategy,49.92783545818768,12,2023,5,multi,2.5649493574615367
252175,Paw Patrol: World,Adventure|Platform,57.80081526444467,5,2023,6,multi,1.791759469228055
252478,Sonic Superstars,Platform,70.38872247275494,14,2023,6,multi,2.70805020110221
252729,Persona 5 Tactica,Role-playing (RPG)|Simulator|Strategy|Tactical,79.145454698576,19,2023,6,multi,2.995732273553991
252788,HeadBangers: Rhythm Royale,Music,44.40482852427708,6,2023,6,multi,1.9459101490553132
252836,Jusant,Adventure|Platform|Puzzle,75.32503307678103,92,2023,3,multi,4.532599493153256
252869,Last Train Home,Real Time Strategy (RTS)|Strategy|Tactical,79.90878824581335,7,2023,1,single,2.0794415416798357
253544,A Date with Death,Indie|Simulator|Visual Novel,87.7456251035052,14,2023,3,multi,2.70805020110221
254339,Super Mario Bros. Wonder,Platform,87.43335907391375,214,2023,1,single,5.3706380281276624
254341,WarioWare: Move It!,Arcade,78.00174407198226,10,2023,1,single,2.3978952727983707
254466,Bakeru,Adventure|Platform,80.21588236996823,5,2023,1,single,1.791759469228055
254871,Hello Kitty Island Adventure,Adventure|Indie|Role-playing (RPG)|Simulator,80.03728928727021,11,2023,2,multi,2.4849066497880004
254987,Cardania: Epoch Wars,Strategy|Turn-based strategy (TBS),83.64963503649635,8,2023,1,single,2.1972245773362196
255114,Hollow Cocoon,Adventure|Indie,77.10153644750693,6,2023,1,single,1.9459101490553132
255788,NBA 2K24,Simulator|Sport,47.2575319649613,24,2023,6,multi,3.2188758248682006
255901,EA Sports UFC 5,Fighting|Simulator|Sport,73.59500194411976,13,2023,2,multi,2.6390573296152584
256092,EA Sports FC 24,Simulator|Sport,60.75104825074946,138,2023,6,multi,4.9344739331306915
256391,Chef Showdown,Real Time Strategy (RTS)|Simulator,84.0,11,2023,1,single,2.4849066497880004
256636,Fears to Fathom: Ironbark Lookout,Adventure|Indie|Strategy,77.78370887110272,19,2023,1,single,2.995732273553991
257329,Pumpkin Panic,Adventure|Indie|Simulator,79.56989247311827,5,2023,1,single,1.791759469228055
257332,Bluey: The Videogame,Adventure,50.49746277347975,9,2023,6,multi,2.302585092994046
257674,Skull Island: Rise of Kong,Adventure|Platform|Role-playing (RPG),22.80898876404494,5,2023,6,multi,1.791759469228055
258211,Welcome to Kowloon,Adventure|Indie,69.59410334753228,10,2023,1,single,2.3978952727983707
258230,Make Way,Adventure|Arcade|Indie|Racing,74.6067415730337,5,2023,4,multi,1.791759469228055
258680,Mosa Lina,Adventure|Indie|Platform|Puzzle|Simulator,76.16194340140899,6,2023,3,multi,1.9459101490553132
258955,Bronzebeard's Tavern,Indie|Simulator,70.86050106695316,6,2023,1,single,1.9459101490553132
259206,Nickelodeon All-Star Brawl 2,Fighting|Platform,77.73488006798856,7,2023,6,multi,2.0794415416798357
260136,Strinova,Role-playing (RPG)|Shooter|Tactical,84.02130492676432,45,2023,1,single,3.828641396489095
260366,Invincible Presents: Atom Eve,Adventure|Role-playing (RPG)|Visual Novel,68.88040579406997,9,2023,1,single,2.302585092994046
260493,Orbo's Odyssey,Adventure|Platform,77.22532311569411,6,2023,1,single,1.9459101490553132
260528,Manny's,Adventure|Indie,78.76404494382022,5,2023,1,single,1.791759469228055
260780,Call of Duty: Modern Warfare III,Shooter,60.17116892865693,178,2023,5,multi,5.187385805840755
260817,Atelier Resleriana: Forgotten Alchemy and the Polar Night Liberator,Adventure|Role-playing (RPG),77.54744794545789,7,2023,2,multi,2.0794415416798357
261413,NHL 24,Sport,62.98982297191979,11,2023,4,multi,2.4849066497880004
261554,An Arcade Full of Cats,Indie|Puzzle,80.88984971178354,19,2023,2,multi,2.995732273553991
262261,The Walking Dead: Destinies,Adventure|Shooter,21.42857142857143,7,2023,6,multi,2.0794415416798357
262582,Train Sim World 4,Simulator,74.56956724057702,6,2023,5,multi,1.9459101490553132
263205,One-Armed Robber,Indie|Shooter|Simulator|Strategy,59.99176338842928,13,2023,1,single,2.6390573296152584
263382,Squirrel Stapler,Adventure|Indie|Shooter,70.50273269814349,7,2023,1,single,2.0794415416798357
264412,EA Sports WRC,Racing|Simulator|Sport,73.32475296852944,14,2023,3,multi,2.70805020110221
264773,Lizards Must Die,Hack and slash/Beat 'em up|Indie,99.38673726987254,15,2023,1,single,2.772588722239781
265960,Refind Self: The Personality Test Game,Adventure|Indie,70.28421377818968,11,2023,3,multi,2.4849066497880004
266006,Chilla's Art: The Kidnap,Indie,60.00950039933819,8,2023,1,single,2.1972245773362196
266118,Corn Kidz 64,Adventure|Arcade|Indie|Platform,62.72843303778338,5,2023,1,single,1.791759469228055
266157,eFootball 2024,Simulator|Sport,63.40728489373121,22,2023,7,multi,3.1354942159291497
266382,Football Manager 2024,Simulator|Sport|Strategy,79.95789873244107,53,2023,5,multi,3.9889840465642745
266676,We Were Here Expeditions: The FriendShip,Adventure|Indie|Puzzle,72.91546737217746,33,2023,5,multi,3.5263605246161616
266686,F-Zero 99,Racing,70.23040173171518,17,2023,1,single,2.8903717578961645
266774,Moonring,Adventure|Role-playing (RPG),67.41573033707864,6,2023,1,single,1.9459101490553132
269849,Dead Signal,Indie|Simulator,78.63756773817417,10,2023,1,single,2.3978952727983707
271588,Graveyard Shift,Adventure|Indie,75.92395888656316,5,2023,1,single,1.791759469228055
273813,Travellin Cats in Jingle Jam,Indie,51.0613087734155,7,2023,1,single,2.0794415416798357
274380,100 Asian Cats,Indie|Point-and-click|Puzzle,59.89453723967006,15,2023,1,single,2.772588722239781
274543,The Gnorp Apologue,Indie|Simulator|Strategy,69.49109438121829,12,2023,1,single,2.5649493574615367
274734,A Little Walk in the Woods,Adventure|Platform,64.0,3,2023,3,multi,1.3862943611198906
274840,Sonic Dream Team,Platform,70.10750428758459,6,2023,2,multi,1.9459101490553132
274880,Silent Hill: Ascension,Adventure,41.67269247763012,12,2023,3,multi,2.5649493574615367
275404,The Exit 8,Adventure|Indie|Puzzle|Simulator,70.20474955446487,74,2023,1,single,4.31748811353631
275460,Dead Plate,Indie|Role-playing (RPG)|Visual Novel,79.89966251314867,10,2023,1,single,2.3978952727983707
275525,Cats and Seek: Osaka,Adventure|Card & Board Game|Indie|Point-and-click|Puzzle,60.21843880501124,9,2023,2,multi,2.302585092994046
276704,100 Christmas Cats,Indie|Point-and-click|Puzzle,51.00650301713362,12,2023,1,single,2.5649493574615367
277154,Alex Jones: NWO Wars,Arcade|Indie|Platform|Shooter,81.42753894349008,8,2023,4,multi,2.1972245773362196
278971,Jisatsu,Indie,67.71907476629009,5,2023,1,single,1.791759469228055
279431,Let's Find Larry!,Indie|Point-and-click,53.99607476595595,6,2023,1,single,1.9459101490553132
279783,Toree Jolly Jam,Arcade|Indie|Platform,62.89592760180995,5,2023,1,single,1.791759469228055
281011,Last Seen Online,Indie|Point-and-click|Puzzle|Simulator|Visual Novel,70.62749795188661,5,2023,1,single,1.791759469228055
281092,Milo and the Christmas Gift,Adventure|Point-and-click|Puzzle,57.16464300108399,10,2023,2,multi,2.3978952727983707
281275,Buckshot Roulette,Indie|Simulator|Strategy,77.77718814613743,149,2023,2,multi,5.0106352940962555
283533,Shmoup,Shooter,64.0,4,2023,2,multi,1.6094379124341003
285070,Last War,Strategy,60.05060866524963,6,2023,1,single,1.9459101490553132
287247,Co-omets,Arcade|Shooter,64.0,4,2023,3,multi,1.6094379124341003
5574,7 Days to Die,Adventure|Indie|Role-playing (RPG)|Shooter|Simulator|Strategy,68.91322722749644,209,2024,5,multi,5.3471075307174685
8436,Secrets of Grindea,Adventure|Indie|Role-playing (RPG),69.79321178255161,9,2024,1,single,2.302585092994046
9943,The Universim,Indie|Simulator|Strategy,51.54275124504636,16,2024,3,multi,2.833213344056216
17968,KeeperRL,Adventure|Role-playing (RPG)|Simulator|Strategy|Tactical,70.0,5,2024,3,multi,1.791759469228055
18374,Dungeons & Robots,Indie|Role-playing (RPG)|Shooter,50.0,2,2024,3,multi,1.0986122886681098
18379,Empires of the Undergrowth,Indie|Real Time Strategy (RTS)|Simulator|Strategy,77.58700825775024,9,2024,2,multi,2.302585092994046
22788,Granblue Fantasy: Relink,Adventure|Hack and slash/Beat 'em up|Role-playing (RPG),82.84122081599341,43,2024,3,multi,3.784189633918261
24054,Caves of Qud,Adventure|Indie|Role-playing (RPG)|Simulator|Strategy|Turn-based strategy (TBS),82.15513761531204,21,2024,3,multi,3.091042453358316
25338,Saviorless,Adventure|Indie|Platform|Puzzle|Role-playing (RPG),60.0483325277912,8,2024,3,multi,2.1972245773362196
26602,Metaphor: ReFantazio,Adventure|Role-playing (RPG)|Turn-based strategy (TBS),85.98532253718444,104,2024,4,multi,4.653960350157523
27406,Alaloth: Champions of the Four Kingdoms,Adventure|Indie|Role-playing (RPG)|Strategy,54.38356164383562,9,2024,1,single,2.302585092994046
29032,Pepper Grinder,Adventure|Indie|Platform,70.01565042094514,24,2024,4,multi,3.2188758248682006
29247,Age of Defense,Indie|Strategy,70.0,2,2024,3,multi,1.0986122886681098
30208,Dragon Age: The Veilguard,Adventure|Role-playing (RPG)|Strategy,69.42072981150974,140,2024,3,multi,4.948759890378168
32283,UBoat,Indie|Simulator|Strategy|Tactical,69.91901247265575,9,2024,1,single,2.302585092994046
34231,Orange Season,Adventure|Indie|Role-playing (RPG)|Simulator,70.0,3,2024,5,multi,1.3862943611198906
34841,Planet Centauri,Adventure|Indie|Role-playing (RPG),53.26048011465424,5,2024,3,multi,1.791759469228055
36421,FaeVerse Alchemy,Indie|Strategy,50.0,2,2024,3,multi,1.0986122886681098
37062,Skull and Bones,Adventure|Role-playing (RPG),50.11309083802775,39,2024,3,multi,3.6888794541139363
47157,Harold Halibut,Adventure|Indie|Simulator,77.54444220969549,21,2024,3,multi,3.091042453358316
55660,Broke Protocol,Adventure|Indie|Role-playing (RPG)|Simulator,50.0,4,2024,1,single,1.6094379124341003
55866,Aura of Worlds,Adventure|Indie|Platform|Role-playing (RPG)|Strategy|Tactical,70.0,1,2024,4,multi,0.6931471805599453
56109,Nova Drift,Arcade|Indie,71.36178627734449,15,2024,2,multi,2.772588722239781
68353,Unicorn Overlord,Role-playing (RPG)|Strategy|Tactical|Turn-based strategy (TBS),83.66429056311061,33,2024,4,multi,3.5263605246161616
73151,Mysteryville 2,Adventure,80.0,1,2024,1,single,0.6931471805599453
74614,Between the Stars,Adventure|Indie|Role-playing (RPG)|Simulator|Strategy,80.0,4,2024,1,single,1.6094379124341003
76670,Ancient Warfare 3,Indie|Simulator|Strategy,70.0,1,2024,3,multi,0.6931471805599453
77730,Smalland: Survive the Wilds,Adventure|Indie|Role-playing (RPG),61.67584724712296,10,2024,3,multi,2.3978952727983707
86286,Tactical Breach Wizards,Adventure|Indie|Strategy|Tactical|Turn-based strategy (TBS),79.85002997098508,14,2024,1,single,2.70805020110221
90409,Reveil,Adventure|Indie|Puzzle|Visual Novel,66.99782480585979,14,2024,3,multi,2.70805020110221
90558,Satisfactory,Adventure|Simulator|Strategy,73.47362824845828,206,2024,1,single,5.332718793265369
95118,Last Epoch,Adventure|Hack and slash/Beat 'em up|Indie|Role-playing (RPG),69.67086123728846,85,2024,2,multi,4.454347296253507
95627,Pure Rock Crawling,Adventure|Indie|Racing|Simulator|Sport,80.0,2,2024,1,single,1.0986122886681098
101440,S.T.A.L.K.E.R. 2: Heart of Chornobyl,Adventure|Role-playing (RPG)|Shooter,80.90103043593359,143,2024,2,multi,4.969813299576001
103065,Workers & Resources: Soviet Republic,Indie|Simulator|Strategy,94.93482012226326,16,2024,1,single,2.833213344056216
104569,Plane Mechanic Simulator,Adventure|Indie|Simulator,60.0,1,2024,1,single,0.6931471805599453
104909,Mines and Magic,Strategy,70.0,1,2024,3,multi,0.6931471805599453
105015,Survisland,Adventure|Indie|Simulator,50.0,4,2024,1,single,1.6094379124341003
108048,Midnight Ghost Hunt,Indie,62.49428265593232,8,2024,1,single,2.1972245773362196
109666,Deadside,Adventure|Indie|Shooter,70.0,5,2024,1,single,1.791759469228055
110957,Inkulinati,Adventure|Indie|Strategy|Turn-based strategy (TBS),79.94146182191334,11,2024,7,multi,2.4849066497880004
111246,SCP: Blackout,Indie,60.0,2,2024,1,single,1.0986122886681098
111491,Go Outside Simulator,Indie|Simulator,70.0,1,2024,1,single,0.6931471805599453
113138,Odd Realm,Indie|Simulator|Strategy,70.0,3,2024,3,multi,1.3862943611198906
113833,The Black Masses,Adventure|Indie|Role-playing (RPG),60.0,1,2024,1,single,0.6931471805599453
113839,Glorious Companions,Indie|Role-playing (RPG)|Strategy,70.0,1,2024,1,single,0.6931471805599453
114113,My Island,Adventure|Indie|Simulator,60.0,1,2024,1,single,0.6931471805599453
115060,Dragon's Dogma II,Adventure|Role-playing (RPG),73.1538511837765,80,2024,3,multi,4.394449154672439
115830,Crime Scene Cleaner,Indie|Simulator,69.97955342944877,37,2024,1,single,3.6375861597263857
115873,Wrath: Aeon of Ruin,Adventure|Shooter,67.85109318754597,9,2024,3,multi,2.302585092994046
116045,School Owner,Indie|Simulator|Strategy,40.0,1,2024,3,multi,0.6931471805599453
116496,Sky of Destruction,Arcade|Indie|Shooter|Simulator|Strategy,60.0,1,2024,1,single,0.6931471805599453
116840,Fling to the Finish,Adventure|Arcade|Indie|Platform|Racing|Sport,57.48270545460281,5,2024,2,multi,1.791759469228055
116848,Subverse,Adventure|Point-and-click|Role-playing (RPG)|Strategy|Tactical|Visual Novel,79.85470139902243,7,2024,1,single,2.0794415416798357
117170,Stellar Blade,Adventure|Hack and slash/Beat 'em up|Role-playing (RPG),81.54005701199465,145,2024,1,single,4.983606621708336
118583,Perfect Round Disc Golf,Indie|Simulator|Sport,60.0,1,2024,2,multi,0.6931471805599453
119273,Shadows of Doubt,Adventure|Indie|Role-playing (RPG)|Simulator,64.42167398515531,27,2024,3,multi,3.332204510175204
119346,Songs of Conquest,Adventure|Role-playing (RPG)|Strategy,79.38507714156823,23,2024,2,multi,3.1780538303479458
119431,Neon Tail,Adventure|Indie|Racing|Role-playing (RPG)|Sport,70.0,3,2024,1,single,1.3862943611198906
120616,Foreskin Fury,Indie,70.0,1,2024,1,single,0.6931471805599453
122123,Homeworld 3,Real Time Strategy (RTS)|Simulator|Strategy,69.76473465179397,7,2024,1,single,2.0794415416798357
122866,Broken Roads,Indie|Role-playing (RPG)|Strategy|Turn-based strategy (TBS),56.0,5,2024,5,multi,1.791759469228055
123830,Grim Clicker,Indie|Role-playing (RPG),52.19617392739955,7,2024,1,single,2.0794415416798357
125289,Shady Knight,Fighting|Hack and slash/Beat 'em up|Indie,71.79775280898878,6,2024,1,single,1.9459101490553132
125944,Iron Meat,Arcade|Platform|Shooter,76.47541762391427,8,2024,6,multi,2.1972245773362196
126162,IIslands of War,Adventure|Indie,70.0,1,2024,2,multi,0.6931471805599453
126745,Chrono Ark,Adventure|Card & Board Game|Indie|Role-playing (RPG)|Strategy|Turn-based strategy (TBS),66.54420542965093,8,2024,1,single,2.1972245773362196
127165,The Outlast Trials,Adventure|Indie,70.27675154724248,47,2024,5,multi,3.871201010907891
127193,Hellcard,Adventure|Card & Board Game|Role-playing (RPG)|Strategy|Tactical|Turn-based strategy (TBS),79.50632015697634,13,2024,2,multi,2.6390573296152584
127342,Hellblade II: Senua's Saga,Adventure,78.09463315532328,184,2024,2,multi,5.220355825078324
127346,Sons of the Forest,Adventure|Indie|Simulator,74.07737768962295,117,2024,1,single,4.770684624465665
128930,Gladiator Guild Manager,Indie|Real Time Strategy (RTS)|Role-playing (RPG)|Sport|Strategy|Tactical,60.12228154785858,9,2024,2,multi,2.302585092994046
130076,Gestalt: Steam & Cinder,Adventure|Indie|Platform|Role-playing (RPG),77.32887469143891,6,2024,1,single,1.9459101490553132
130893,Europa,Adventure|Indie|Platform|Puzzle,73.46272990550499,10,2024,2,multi,2.3978952727983707
131645,Knock on the Coffin Lid,Adventure|Card & Board Game|Indie|Role-playing (RPG)|Strategy|Turn-based strategy (TBS),72.54590237348859,14,2024,1,single,2.70805020110221
132334,Diplomacy is Not an Option,Indie|Real Time Strategy (RTS)|Simulator|Strategy,69.94200114003326,10,2024,1,single,2.3978952727983707
132357,Rocking Legend,Indie|Music,60.0,1,2024,1,single,0.6931471805599453
132385,Autopsy Simulator,Adventure|Indie|Simulator,57.71907476629009,5,2024,1,single,1.791759469228055
132909,Slapshot: Rebound,Indie|Sport,58.01894194321333,21,2024,1,single,3.091042453358316
133448,House Builder,Adventure|Indie|Puzzle|Simulator,60.13383391368401,7,2024,5,multi,2.0794415416798357
133512,Peglin,Adventure|Arcade|Indie|Puzzle|Role-playing (RPG)|Strategy,85.77844100303818,28,2024,5,multi,3.367295829986474
133581,Rise Online,Role-playing (RPG),76.08040201005025,49,2024,1,single,3.912023005428146
133904,Cygni: All Guns Blazing,Arcade|Indie|Shooter,65.87910088511057,6,2024,3,multi,1.9459101490553132
134165,Until Then,Adventure|Indie|Visual Novel,80.22367275093578,23,2024,3,multi,3.1780538303479458
134816,Dustborn,Adventure|Indie,42.41761371263813,15,2024,4,multi,2.772588722239781
135671,Test Drive Unlimited Solar Crown,Racing|Simulator,49.3518688658049,12,2024,3,multi,2.5649493574615367
136627,Suicide Squad: Kill the Justice League,Adventure|Shooter,47.01320912490616,44,2024,3,multi,3.8066624897703196
136879,Black Myth: Wukong,Adventure|Hack and slash/Beat 'em up|Role-playing (RPG),89.15032017840234,229,2024,2,multi,5.438079308923196
137080,The Pony Factory,Shooter,72.71111438319215,6,2024,2,multi,1.9459101490553132
137290,Unknown 9: Awakening,Adventure,23.33333333333334,6,2024,5,multi,1.9459101490553132
137372,Kukoro: Stream Chat Games,Indie,82.5,8,2024,1,single,2.1972245773362196
137451,Eiyuden Chronicle: Hundred Heroes,Adventure|Indie|Role-playing (RPG)|Strategy,71.39155880295294,14,2024,6,multi,2.70805020110221
137619,Conscript,Adventure|Indie|Puzzle|Role-playing (RPG),77.09299561292664,12,2024,6,multi,2.5649493574615367
138982,Graven,Adventure|Role-playing (RPG)|Shooter,69.81170728768113,6,2024,1,single,1.9459101490553132
140133,Enigma of Fear,Adventure|Indie|Puzzle,93.40816833214203,34,2024,1,single,3.5553480614894135
140799,SCHiM,Adventure|Indie|Platform|Puzzle,41.7372241607015,10,2024,8,multi,2.3978952727983707
141490,Drova: Forsaken Kin,Adventure|Indie|Role-playing (RPG),89.50739800792948,14,2024,7,multi,2.70805020110221
141539,Open Roads,Adventure|Indie,68.62666798179033,28,2024,6,multi,3.367295829986474
141805,Loco Motive,Adventure|Indie|Point-and-click|Puzzle,69.99937770568472,12,2024,2,multi,2.5649493574615367
142415,Indiana Jones and the Great Circle,Adventure|Puzzle|Role-playing (RPG),87.76542246748987,214,2024,2,multi,5.3706380281276624
142561,Paper Trail,Adventure|Indie|Puzzle|Strategy,71.01107672401415,12,2024,1,single,2.5649493574615367
142985,Vail,Shooter|Strategy|Tactical,79.98618814422362,8,2024,2,multi,2.1972245773362196
143333,Prim,Adventure|Point-and-click,68.02056489448066,5,2024,3,multi,1.791759469228055
143434,Frontier Hunter: Erza's Wheel of Fortune,Adventure|Indie|Platform|Role-playing (RPG),55.54901698542196,5,2024,2,multi,1.791759469228055
143574,Planet Crafter,Adventure|Simulator,70.4531319430119,37,2024,1,single,3.6375861597263857
143611,Star Wars: Hunters,Adventure|MOBA|Shooter|Strategy,64.96394474122759,12,2024,3,multi,2.5649493574615367
143628,Myth of Empires,Adventure|Indie|Role-playing (RPG)|Simulator|Strategy,76.47609410574248,14,2024,1,single,2.70805020110221
145029,Caravan SandWitch,Adventure|Indie|Platform|Puzzle,71.53359738365785,17,2024,3,multi,2.8903717578961645
145445,Arches,Indie|Visual Novel,99.82978723404256,8,2024,4,multi,2.1972245773362196
145858,Lorn's Lure,Adventure|Indie|Platform,62.87234042553192,9,2024,3,multi,2.302585092994046
145937,"Little Kitty, Big City",Adventure|Indie,69.70958815376511,59,2024,4,multi,4.0943445622221
146042,Zero Hour,Shooter|Simulator|Strategy|Tactical,40.34323909312619,8,2024,1,single,2.1972245773362196
146346,Slappyball,Sport,63.46353203923729,5,2024,1,single,1.791759469228055
146917,Dungeons of Hinterberg,Adventure|Hack and slash/Beat 'em up|Indie|Role-playing (RPG),70.11892959788605,18,2024,2,multi,2.9444389791664403
146957,Undisputed,Fighting|Indie|Simulator|Sport,43.1055900621118,10,2024,3,multi,2.3978952727983707
147021,Phantom Abyss,Adventure|Indie,69.92538446423589,8,2024,2,multi,2.1972245773362196
147184,Anger Foot,Hack and slash/Beat 'em up|Indie|Shooter,69.9048246653428,18,2024,1,single,2.9444389791664403
148228,V Rising,Adventure|Role-playing (RPG),72.02194152997305,81,2024,1,single,4.406719247264253
149228,Polity,Indie|Point-and-click|Puzzle|Role-playing (RPG)|Simulator,95.70730402641175,12,2024,4,multi,2.5649493574615367
152062,Metal Slug Tactics,Arcade|Indie|Role-playing (RPG)|Strategy|Tactical,60.6488188976378,7,2024,6,multi,2.0794415416798357
152127,Core Keeper,Adventure|Indie|Role-playing (RPG),66.30502657146985,52,2024,4,multi,3.970291913552122
152379,Minds Beneath Us,Adventure|Indie|Role-playing (RPG),89.62044156858371,8,2024,1,single,2.1972245773362196
152436,Sheepy: A Short Adventure,Adventure|Indie|Platform,85.28976605208994,33,2024,1,single,3.5263605246161616
154161,Bō: Path of the Teal Lotus,Adventure|Platform,74.66435932306132,15,2024,4,multi,2.772588722239781
157027,Forewarned,Adventure|Indie,69.81284902517795,5,2024,1,single,1.791759469228055
159029,XDefiant,Shooter,67.53655745216807,92,2024,3,multi,4.532599493153256
159735,Dread Delusion,Adventure|Indie|Role-playing (RPG),70.0480422353903,9,2024,1,single,2.302585092994046
159796,Vladik Brutal,Adventure|Shooter,66.38956367034473,24,2024,1,single,3.2188758248682006
164290,Frostpunk 2,Indie|Simulator|Strategy,80.0603386590783,40,2024,2,multi,3.713572066704308
165352,UFL,Simulator|Sport,59.22885572139304,24,2024,2,multi,3.2188758248682006
166824,Indika,Adventure|Puzzle,78.07698365884349,82,2024,3,multi,4.418840607796598
171215,Outcast: A New Beginning,Adventure|Role-playing (RPG)|Shooter,69.55804784223048,9,2024,3,multi,2.302585092994046
171650,Copycat,Adventure|Indie|Simulator,68.97885491472655,15,2024,1,single,2.772588722239781
172021,EA Sports College Football 25,Simulator|Sport,83.24324324324324,9,2024,2,multi,2.302585092994046
180149,Snufkin: Melody of Moominvalley,Adventure|Indie|Music|Puzzle|Role-playing (RPG)|Strategy,80.12873129284876,14,2024,3,multi,2.70805020110221
182116,Sker Ritual,Indie|Shooter,60.98761212853717,5,2024,3,multi,1.791759469228055
182278,MultiVersus,Fighting,69.24454202266125,105,2024,5,multi,4.663439094112067
182335,Zero Sievert,Adventure|Role-playing (RPG),69.41756122246753,11,2024,1,single,2.4849066497880004
182378,Men of War II,Real Time Strategy (RTS)|Simulator|Strategy|Tactical,69.89904480857342,5,2024,1,single,1.791759469228055
185248,Slitterhead,Adventure,65.04432310121504,7,2024,4,multi,2.0794415416798357
185252,"Warhammer 40,000: Space Marine II",Adventure|Role-playing (RPG)|Shooter,80.09349503013533,165,2024,3,multi,5.111987788356544
188088,Momodora: Moonlit Farewell,Adventure|Indie|Platform,78.70304270918227,17,2024,1,single,2.8903717578961645
188574,Solo Leveling: Arise,Role-playing (RPG),78.13441426196124,22,2024,2,multi,3.1354942159291497
188946,Spiritfall,Fighting|Hack and slash/Beat 'em up|Platform|Role-playing (RPG),66.04558969276512,5,2024,1,single,1.791759469228055
189965,Blockbuster Inc.,Simulator,62.0,5,2024,1,single,1.791759469228055
190964,Sorry We're Closed,Adventure|Indie|Role-playing (RPG)|Shooter,68.96985890396806,15,2024,1,single,2.772588722239781
191435,Animal Well,Adventure|Indie|Platform|Puzzle,81.49504294134344,117,2024,3,multi,4.770684624465665
191761,Minishoot' Adventures,Adventure|Indie|Role-playing (RPG)|Shooter,85.95748358939547,24,2024,1,single,3.2188758248682006
194436,Flintlock: The Siege of Dawn,Adventure|Indie|Role-playing (RPG),65.69271865869436,25,2024,3,multi,3.258096538021482
194736,Turbo Golf Racing,Arcade|Racing|Sport,54.61826822190616,12,2024,4,multi,2.5649493574615367
194744,The Cub,Adventure|Arcade|Indie|Platform|Puzzle,73.15513804096099,7,2024,4,multi,2.0794415416798357
194821,Nine Sols,Adventure|Hack and slash/Beat 'em up|Indie|Platform,85.89933002067355,87,2024,2,multi,4.477336814478207
196935,Moon Mystery,Adventure|Indie|Shooter,53.75369691233882,5,2024,1,single,1.791759469228055
199130,Fear the Spotlight,Adventure|Indie|Puzzle,79.13175309698352,10,2024,8,multi,2.3978952727983707
200551,Zenless Zone Zero,Adventure|Hack and slash/Beat 'em up|Role-playing (RPG),69.27545573757808,159,2024,4,multi,5.075173815233827
200903,Another Crab's Treasure,Adventure|Indie|Platform|Role-playing (RPG),80.57567251183981,55,2024,5,multi,4.02535169073515
201752,Antonblast,Adventure|Indie|Platform|Puzzle,60.64376346738983,16,2024,2,multi,2.833213344056216
202956,Wuthering Waves,Adventure|Hack and slash/Beat 'em up|Role-playing (RPG),70.24384064681796,284,2024,3,multi,5.652489180268651
204381,The Plucky Squire,Adventure|Platform|Puzzle,74.80528045121329,44,2024,4,multi,3.8066624897703196
204508,I am Future,Adventure|Indie|Role-playing (RPG)|Simulator|Strategy,49.28514471612496,15,2024,1,single,2.772588722239781
204538,Once Human,Adventure|Role-playing (RPG)|Shooter|Strategy,65.52339017760838,82,2024,3,multi,4.418840607796598
204620,Ara: History Untold,Adventure|Strategy|Turn-based strategy (TBS),69.88267235527974,5,2024,1,single,1.791759469228055
204624,Ereban: Shadow Legacy,Adventure|Indie|Platform,51.0344827586207,7,2024,1,single,2.0794415416798357
205955,Inkbound,Adventure|Indie|Role-playing (RPG)|Strategy|Turn-based strategy (TBS),79.24886723994084,5,2024,1,single,1.791759469228055
206671,Nordic Ashes: Survivors of Ragnarok,Adventure|Arcade|Indie|Role-playing (RPG)|Shooter|Strategy,79.8109976982555,7,2024,3,multi,2.0794415416798357
206806,Lorelei and the Laser Eyes,Adventure|Indie|Puzzle,89.71532849987737,24,2024,2,multi,3.2188758248682006
208417,Ravenswatch,Adventure|Hack and slash/Beat 'em up|Role-playing (RPG),88.9909241417565,13,2024,1,single,2.6390573296152584
208476,The First Descendant,Adventure|Role-playing (RPG)|Shooter,59.37700390344725,112,2024,5,multi,4.727387818712341
208533,Shogun Showdown,Card & Board Game|Indie|Role-playing (RPG)|Strategy|Turn-based strategy (TBS),79.56248386406975,14,2024,8,multi,2.70805020110221
210625,Flock,Adventure|Indie,61.12894461699058,9,2024,5,multi,2.302585092994046
211029,Go Home Annie: An SCP Game,Adventure|Indie|Puzzle|Simulator,59.09381840951423,7,2024,1,single,2.0794415416798357
211207,Starcom: Unknown Space,Adventure|Indie|Role-playing (RPG),63.48784675972436,8,2024,1,single,2.1972245773362196
211267,Sovereign Syndicate,Adventure|Point-and-click|Role-playing (RPG),74.90518962075848,7,2024,1,single,2.0794415416798357
212164,Turbo Kid,Adventure|Indie,81.56488021049717,5,2024,1,single,1.791759469228055
212652,Islands of Insight,Adventure|Puzzle|Role-playing (RPG),72.09068010075566,5,2024,1,single,1.791759469228055
213029,Cryptmaster,Adventure|Indie|Puzzle|Role-playing (RPG),73.9794253181651,16,2024,1,single,2.833213344056216
213473,Squirrel with a Gun,Adventure|Indie|Platform|Shooter|Simulator,73.23790720631787,9,2024,1,single,2.302585092994046
214411,Killer Klowns from Outer Space: The Game,Arcade,63.00397159706343,6,2024,3,multi,1.9459101490553132
214414,Where Winds Meet,Adventure|Role-playing (RPG),61.31949672912042,111,2024,1,single,4.718498871295094
215682,Hollowbody,Adventure|Indie|Puzzle|Shooter,66.05305189023633,11,2024,1,single,2.4849066497880004
216772,10 Dead Doves,Adventure|Indie,56.77685950413223,7,2024,1,single,2.0794415416798357
216805,Yellow Taxi Goes Vroom,Adventure|Arcade|Indie|Platform|Racing,60.64872476396447,6,2024,1,single,1.9459101490553132
216958,The Operator,Adventure|Indie|Point-and-click|Puzzle|Simulator,78.30753650648124,31,2024,3,multi,3.4657359027997265
217008,Hauntii,Adventure|Indie|Puzzle|Shooter,79.77251685722385,6,2024,6,multi,1.9459101490553132
217590,Tekken 8,Fighting,75.46158468237253,124,2024,3,multi,4.8283137373023015
217592,Pacific Drive,Adventure|Indie|Simulator,73.55732154973448,70,2024,2,multi,4.2626798770413155
217594,Rise of the Ronin,Adventure|Role-playing (RPG),74.80487322705767,31,2024,1,single,3.4657359027997265
217623,Like a Dragon: Infinite Wealth,Adventure|Hack and slash/Beat 'em up|Role-playing (RPG),82.96940144210146,68,2024,5,multi,4.23410650459726
217645,Turnip Boy Robs a Bank,Adventure|Arcade|Hack and slash/Beat 'em up|Indie|Shooter,74.75036591478798,21,2024,3,multi,3.091042453358316
218282,1000xResist,Adventure|Indie,80.82212715587595,24,2024,2,multi,3.2188758248682006
218521,Enotria: The Last Song,Adventure|Fighting|Indie|Role-playing (RPG),70.95755438970416,15,2024,2,multi,2.772588722239781
218744,Silent Hill: The Short Message,Adventure,61.87696285757974,39,2024,1,single,3.6888794541139363
219729,Boxes: Lost Fragments,Adventure|Indie|Puzzle,79.42236700468573,30,2024,1,single,3.4339872044851463
220488,Rungore,Adventure|Card & Board Game|Indie|Role-playing (RPG)|Strategy,62.38095238095238,5,2024,1,single,1.791759469228055
220535,Just a To the Moon Series Beach Episode,Adventure|Indie|Role-playing (RPG),69.38418136178632,11,2024,2,multi,2.4849066497880004
222738,Path of Achra,Indie|Role-playing (RPG)|Turn-based strategy (TBS),83.03134622930642,5,2024,1,single,1.791759469228055
223443,Neon Blood,Adventure|Indie|Role-playing (RPG),60.15401188095596,5,2024,6,multi,1.791759469228055
224619,Drug Dealer Simulator 2,Adventure|Simulator,66.48825058396459,5,2024,1,single,1.791759469228055
225426,Botany Manor,Adventure|Indie|Puzzle,67.19060537190094,17,2024,4,multi,2.8903717578961645
226373,Maniac,Fighting|Indie|Racing|Role-playing (RPG)|Shooter|Simulator,63.33758825264368,6,2024,1,single,1.9459101490553132
227213,Paper Lily: Chapter 1,Adventure|Indie|Puzzle|Role-playing (RPG),82.16453248090656,16,2024,3,multi,2.833213344056216
227636,Hawked,Adventure|Shooter,79.5505617977528,6,2024,4,multi,1.9459101490553132
228175,Starship Troopers: Extermination,Indie|Shooter,62.72174999157788,10,2024,3,multi,2.3978952727983707
228349,Infinity Nikki,Adventure|Platform|Role-playing (RPG)|Simulator,65.44505417169827,56,2024,4,multi,4.04305126783455
228516,Tiny Glade,Indie|Simulator,76.21430304285327,17,2024,2,multi,2.8903717578961645
228532,Wayfinder,Adventure|Role-playing (RPG),67.59987984379694,11,2024,3,multi,2.4849066497880004
228539,Banishers: Ghosts of New Eden,Adventure|Role-playing (RPG),75.27539341606469,75,2024,3,multi,4.330733340286331
229093,Rabbit & Steel,Adventure|Indie|Role-playing (RPG),83.23809523809524,7,2024,1,single,2.0794415416798357
231098,Fabledom,Indie|Simulator|Strategy,69.6999881326216,14,2024,1,single,2.70805020110221
234344,Squad Busters,Hack and slash/Beat 'em up,60.29476226240704,13,2024,2,multi,2.6390573296152584
234411,A Tower Full of Cats,Adventure|Point-and-click|Puzzle,79.82981957469151,9,2024,2,multi,2.302585092994046
235846,Halls of Torment,Indie|Role-playing (RPG),88.37701557121697,50,2024,3,multi,3.9318256327243257
235861,Echoes of the Plum Grove,Adventure|Indie|Simulator,63.28083989501312,5,2024,1,single,1.791759469228055
236547,Thronefall,Arcade|Fighting|Indie|Strategy|Tactical,78.30799338706926,27,2024,2,multi,3.332204510175204
238675,While We Wait Here,Adventure|Simulator,69.96027403162566,14,2024,7,multi,2.70805020110221
238782,Felvidek,Indie|Role-playing (RPG),89.7016746148328,11,2024,1,single,2.4849066497880004
239942,The Thaumaturge,Adventure|Role-playing (RPG)|Turn-based strategy (TBS),70.64316624234026,28,2024,1,single,3.367295829986474
240612,Vasilisa and Baba Yaga,Adventure|Indie|Puzzle,79.86011812247435,5,2024,2,multi,1.791759469228055
240897,Mechabellum,Indie|Simulator|Strategy|Tactical,80.41190561157036,15,2024,1,single,2.772588722239781
242102,Closer the Distance,Adventure|Indie|Point-and-click|Role-playing (RPG)|Simulator,65.74574158703781,5,2024,3,multi,1.791759469228055
242315,Persona5: The Phantom X,Adventure|Role-playing (RPG)|Turn-based strategy (TBS),61.97500761044309,9,2024,3,multi,2.302585092994046
243343,Galacticare,Simulator|Strategy,70.05263157894737,8,2024,3,multi,2.1972245773362196
243914,Lil' Guardsman,Adventure|Indie|Point-and-click|Puzzle|Role-playing (RPG)|Strategy,60.46319107970256,8,2024,7,multi,2.1972245773362196
244287,Once Alive,Adventure|Indie,50.90909090909091,5,2024,1,single,1.791759469228055
244303,Home Safety Hotline,Indie|Point-and-click|Puzzle|Simulator|Visual Novel,64.08627277996325,18,2024,1,single,2.9444389791664403
244784,Forgive Me Father 2,Indie|Shooter,60.09554761634047,9,2024,1,single,2.302585092994046
245847,Rivals of Aether II,Fighting|Indie|Platform,70.2705814030575,18,2024,1,single,2.9444389791664403
246166,Harry Potter: Quidditch Champions,Arcade|Sport,69.89549047883396,15,2024,5,multi,2.772588722239781
247905,Homicipher,Adventure|Indie|Strategy|Visual Novel,69.92733494335846,5,2024,2,multi,1.791759469228055
248673,Dungeons & Degenerate Gamblers,Indie|Role-playing (RPG)|Strategy,63.95105228073517,8,2024,3,multi,2.1972245773362196
249084,Anomaly Agent,Adventure|Arcade|Fighting|Indie|Platform,75.6300563379474,30,2024,4,multi,3.4339872044851463
250616,Helldivers 2,Shooter|Tactical,81.30707053002507,301,2024,2,multi,5.71042701737487
250621,Neva,Adventure|Indie|Platform|Puzzle,83.50182484158586,60,2024,6,multi,4.110873864173311
250622,Cat Quest III,Adventure|Indie|Role-playing (RPG),79.19748205748064,15,2024,6,multi,2.772588722239781
250623,Foamstars,Shooter,41.36031547642945,15,2024,2,multi,2.772588722239781
250626,Ultros,Adventure|Indie|Platform,54.42953020134227,8,2024,3,multi,2.1972245773362196
250632,Concord,Adventure|Shooter,36.88540302969219,17,2024,2,multi,2.8903717578961645
250829,Reus 2,Indie|Puzzle|Simulator|Strategy,62.20417089744593,6,2024,1,single,1.9459101490553132
250859,Dungeon Tycoon,Indie|Simulator|Strategy,71.79775280898878,5,2024,1,single,1.791759469228055
251833,Balatro,Card & Board Game|Indie|Strategy|Turn-based strategy (TBS),86.05709229072195,382,2024,7,multi,5.948034989180646
252362,Crypt Custodian,Adventure|Indie|Platform|Role-playing (RPG),79.79680511668536,25,2024,6,multi,3.258096538021482
252445,Mullet Madjack,Adventure|Arcade|Indie|Shooter,79.06773573137446,33,2024,1,single,3.5263605246161616
252476,Prince of Persia: The Lost Crown,Adventure|Platform,83.63745653241175,122,2024,6,multi,4.812184355372417
252480,Sand Land,Role-playing (RPG),74.98379818671913,8,2024,4,multi,2.1972245773362196
252787,Star Trucker,Adventure|Simulator,86.59310116610321,15,2024,2,multi,2.772588722239781
252827,Star Wars Outlaws,Adventure|Shooter,74.74314470673045,93,2024,3,multi,4.543294782270004
252830,Microsoft Flight Simulator 2024,Simulator,70.80802764765843,16,2024,2,multi,2.833213344056216
252835,Kunitsu-Gami: Path of the Goddess,Hack and slash/Beat 'em up|Strategy,74.41883059053194,16,2024,5,multi,2.833213344056216
252837,Still Wakes the Deep,Adventure|Indie,72.58330380054815,109,2024,3,multi,4.700480365792417
252871,Bloomtown: A Different Story,Adventure|Indie|Role-playing (RPG),87.2171017448099,6,2024,6,multi,1.9459101490553132
253106,Tiny Terry's Turbo Trip,Adventure|Indie|Role-playing (RPG),83.52164268798333,8,2024,1,single,2.1972245773362196
253558,Straftat,Shooter,77.56449038054085,15,2024,1,single,2.772588722239781
253880,Dungeonborne,Adventure|Role-playing (RPG),47.72182254196643,5,2024,1,single,1.791759469228055
254235,Tarisland,Adventure|Role-playing (RPG),77.48461072852069,18,2024,3,multi,2.9444389791664403
254336,Penny's Big Breakaway,Adventure|Indie|Platform,61.61561040706883,7,2024,4,multi,2.0794415416798357
254340,Princess Peach: Showtime!,Adventure|Hack and slash/Beat 'em up,65.23456459228542,25,2024,1,single,3.258096538021482
255396,Jujutsu Kaisen: Cursed Clash,Fighting,56.85253012858243,9,2024,6,multi,2.302585092994046
255777,MiSide,Adventure|Indie,81.58164082639885,138,2024,1,single,4.9344739331306915
256403,Arzette: The Jewel of Faramore,Adventure|Hack and slash/Beat 'em up|Indie|Platform,79.23893215669688,8,2024,5,multi,2.1972245773362196
257261,Midnight Scenes: A Safe Place,Adventure|Indie|Point-and-click|Visual Novel,80.00497883993029,6,2024,1,single,1.9459101490553132
257835,Indigo Park,Adventure|Indie,86.06705202312139,14,2024,1,single,2.70805020110221
257910,Creepy Tale: Some Other Place,Adventure|Indie|Puzzle|Strategy,70.06702895210935,7,2024,1,single,2.0794415416798357
260087,Under Night In-Birth II Sys:Celes,Arcade|Fighting,73.0069857085991,5,2024,4,multi,1.791759469228055
260392,King of the Bridge,Adventure|Role-playing (RPG)|Strategy,73.80753556548652,8,2024,1,single,2.1972245773362196
261145,South Park: Snow Day!,Adventure,47.64796367800463,14,2024,4,multi,2.70805020110221
261269,BlazBlue: Entropy Effect,Hack and slash/Beat 'em up|Indie,53.26004370738661,6,2024,2,multi,1.9459101490553132
261688,Summerhouse,Indie|Simulator,44.73297373390093,5,2024,2,multi,1.791759469228055
262186,Delta Force,Shooter|Tactical,74.16259721944046,110,2024,1,single,4.709530201312334
262534,Expeditions: A MudRunner Game,Adventure|Racing|Simulator,65.80630428812574,11,2024,6,multi,2.4849066497880004
262538,Thank Goodness You're Here!,Adventure|Indie|Platform|Puzzle,79.14409907406066,65,2024,5,multi,4.189654742026425
263016,Spirit City: Lofi Sessions,Indie|Point-and-click|Simulator,79.86994969922928,11,2024,1,single,2.4849066497880004
263201,Dune: Imperium,Card & Board Game|Simulator|Strategy|Turn-based strategy (TBS),78.84466852606737,5,2024,4,multi,1.791759469228055
263903,Arco,Adventure|Indie|Role-playing (RPG)|Strategy|Tactical|Turn-based strategy (TBS),70.17647410435407,5,2024,4,multi,1.791759469228055
263938,The Genesis Order,Adventure|Indie|Point-and-click|Puzzle,65.34763049236311,5,2024,1,single,1.791759469228055
264410,Mouthwashing,Adventure|Indie,82.85721404453548,106,2024,1,single,4.672828834461906
265111,Chained Together,Adventure|Indie|Platform|Simulator,55.88476029371903,68,2024,1,single,4.23410650459726
266421,Finding Frankie,Adventure|Indie|Platform|Simulator|Strategy,69.88805970149254,5,2024,1,single,1.791759469228055
267011,MechWarrior 5: Clans,Shooter|Simulator,78.49438202247191,6,2024,3,multi,1.9459101490553132
267805,Diceomancer,Card & Board Game|Indie|Strategy,73.40417104934767,7,2024,1,single,2.0794415416798357
268254,Motel Manager Simulator,Simulator,50.10903211934222,7,2024,1,single,2.0794415416798357
268295,Dystopika,Indie|Simulator|Strategy,80.82926703802785,10,2024,1,single,2.3978952727983707
270053,Intravenous 2,Adventure|Shooter|Strategy|Tactical,68.39453948561392,13,2024,1,single,2.6390573296152584
271422,Don't Scream,Indie|Simulator,50.19061587975752,12,2024,1,single,2.5649493574615367
272249,20 Small Mazes,Indie|Puzzle,69.95378290420393,23,2024,1,single,3.1780538303479458
272840,Amanda the Adventurer 2,Adventure|Indie|Puzzle,78.98876404494382,5,2024,1,single,1.791759469228055
273522,Crow Country,Adventure|Indie|Puzzle|Shooter,80.01431528009654,28,2024,3,multi,3.367295829986474
273567,Mizi No!,Indie|Puzzle,57.35951287476134,8,2024,1,single,2.1972245773362196
274791,Pools,Adventure|Indie|Simulator,82.28681017251407,21,2024,3,multi,3.091042453358316
275066,Love and Deepspace,Adventure|Simulator,60.58823529411764,17,2024,2,multi,2.8903717578961645
275072,"Please, Touch The Artwork 2",Adventure|Indie|Point-and-click|Puzzle,60.76136503634348,12,2024,4,multi,2.5649493574615367
275249,Magicraft,Adventure|Indie|Role-playing (RPG),70.23050150327317,7,2024,1,single,2.0794415416798357
275392,No Case Should Remain Unsolved,Adventure|Indie|Point-and-click|Puzzle|Visual Novel,71.15011594757719,14,2024,2,multi,2.70805020110221
275923,A Twisted Path To Renown,Role-playing (RPG)|Shooter|Simulator,93.50703251095227,16,2024,1,single,2.833213344056216
276198,A Park Full of Cats,Adventure|Indie|Point-and-click|Puzzle,85.94570824835012,9,2024,2,multi,2.302585092994046
276203,Minami Lane,Indie|Puzzle|Simulator|Strategy,81.9090430113296,16,2024,3,multi,2.833213344056216
276233,Ale & Tale Tavern,Indie|Simulator,70.30315270212154,6,2024,1,single,1.9459101490553132
277278,Panicore,Adventure|Indie,62.63172441995046,10,2024,1,single,2.3978952727983707
278251,Rusty's Retirement,Indie|Simulator|Strategy,72.89636250034602,11,2024,2,multi,2.4849066497880004
278747,A Story About Farting,Indie|Point-and-click,30.84905660377359,5,2024,1,single,1.791759469228055
279374,Duck Detective: The Secret Salami,Adventure|Indie|Point-and-click|Puzzle,79.81723830743833,22,2024,6,multi,3.1354942159291497
279614,The Rise of the Golden Idol,Adventure|Indie|Point-and-click|Puzzle,83.22436235185059,29,2024,9,multi,3.4011973816621555
279620,World of Goo 2,Adventure|Indie|Puzzle|Simulator|Strategy,71.3925469319137,10,2024,3,multi,2.3978952727983707
279634,Dragon Ball: Sparking! Zero,Fighting,95.81814396629711,75,2024,3,multi,4.330733340286331
279635,The Casting of Frank Stone,Adventure,62.18767588908133,37,2024,3,multi,3.6375861597263857
279641,Tales of Kenzera: Zau,Adventure|Indie|Platform|Puzzle,68.14997764279111,23,2024,4,multi,3.1780538303479458
280573,The Legend of Heroes: Trails Beyond the Horizon,Adventure|Role-playing (RPG)|Turn-based strategy (TBS),98.3808766994805,5,2024,2,multi,1.791759469228055
280931,Arctic Eggs,Adventure|Indie|Simulator,67.19865891445046,9,2024,3,multi,2.302585092994046
281730,Lacey's Wardrobe,Adventure|Indie|Point-and-click,72.05135520684736,11,2024,2,multi,2.4849066497880004
281785,Fears to Fathom: Woodbury Getaway,Adventure|Indie,70.02491078379269,17,2024,1,single,2.8903717578961645
281960,Beltmatic,Indie|Simulator|Strategy,55.0,7,2024,1,single,2.0794415416798357
282456,KinitoPet,Indie|Simulator|Visual Novel,68.9023630174204,28,2024,1,single,3.367295829986474
282721,100 Capitalist Cats,Adventure|Arcade|Point-and-click|Puzzle,55.2905462016091,12,2024,1,single,2.5649493574615367
282900,MLB The Show 24,Simulator|Sport,77.15527748982018,13,2024,5,multi,2.6390573296152584
282935,Zoochosis,Adventure|Indie|Simulator,60.52253032849293,8,2024,1,single,2.1972245773362196
282959,TopSpin 2K25,Simulator|Sport,69.90405647929451,5,2024,5,multi,1.791759469228055
283034,100 Ninja Cats,Indie|Point-and-click|Puzzle,56.2326550704792,11,2024,1,single,2.4849066497880004
283600,WWE 2K24,Fighting|Simulator|Sport,76.5716306171976,26,2024,5,multi,3.295836866004329
283679,Five Nights at Freddy's: Into the Pit,Adventure|Indie|Puzzle,70.77974709767894,23,2024,1,single,3.1780538303479458
283881,Age of History III,Real Time Strategy (RTS)|Strategy,83.52941176470588,8,2024,4,multi,2.1972245773362196
283892,A Difficult Game About Climbing,Adventure|Indie|Platform|Puzzle|Simulator,65.79844687172235,11,2024,1,single,2.4849066497880004
284395,100 Dino Cats,Adventure|Indie|Point-and-click|Simulator|Sport|Strategy,50.67234117054686,11,2024,1,single,2.4849066497880004
284430,Celeste 64: Fragments of the Mountain,Adventure|Indie|Platform,51.35928314193458,9,2024,2,multi,2.302585092994046
284583,100 Robo Cats,Adventure|Arcade|Indie|Point-and-click,50.26841269898658,9,2024,1,single,2.302585092994046
284720,Metro Awakening VR,Adventure|Shooter,53.4735024353793,6,2024,4,multi,1.9459101490553132
284925,Children of the Sun,Indie|Puzzle|Shooter|Strategy,74.22945416517861,12,2024,1,single,2.5649493574615367
285172,Infinite Craft,Indie,67.14188663631673,21,2024,1,single,3.091042453358316
285741,Hospital 666,Adventure|Indie,53.6222347202549,8,2024,1,single,2.1972245773362196
286094,Follow the Meaning,Adventure|Indie|Point-and-click|Puzzle,79.42719818765684,5,2024,2,multi,1.791759469228055
286114,AFK Journey,Adventure|Card & Board Game|Role-playing (RPG)|Simulator|Strategy,73.7471880681643,19,2024,2,multi,2.995732273553991
287578,F1 24,Racing|Simulator|Sport,66.22375213333322,17,2024,5,multi,2.8903717578961645
287847,Arranger: A Role-Puzzling Adventure,Adventure|Indie|Puzzle|Role-playing (RPG),68.13819438838141,7,2024,6,multi,2.0794415416798357
287854,Super Monkey Ball: Banana Rumble,Adventure|Arcade|Platform,74.27256888722843,6,2024,1,single,1.9459101490553132
287906,The Projet Poulet,Puzzle,64.0,4,2024,2,multi,1.6094379124341003
288324,Pokémon Trading Card Game Pocket,Card & Board Game|Strategy|Turn-based strategy (TBS),68.706810341378,50,2024,2,multi,3.9318256327243257
288398,100 Space Cats,Indie|Point-and-click,51.95523392636368,6,2024,1,single,1.9459101490553132
288487,Voidwrought,Indie|Platform,49.96125907990315,6,2024,2,multi,1.9459101490553132
288502,Vampire Therapist,Adventure|Indie|Simulator|Visual Novel,92.55102040816327,5,2024,3,multi,1.791759469228055
288623,The WereCleaner,Arcade|Indie|Strategy,70.85576683002786,9,2024,2,multi,2.302585092994046
288726,100 Aliens Cats,Indie|Point-and-click,67.03165154476187,7,2024,1,single,2.0794415416798357
288727,100 Istanbul Cats,Indie|Role-playing (RPG)|Simulator,48.41633770361234,9,2024,1,single,2.302585092994046
288728,100 March Cats,Indie|Point-and-click,50.90108587876375,11,2024,1,single,2.4849066497880004
288739,8AM,Indie|Puzzle|Simulator,34.39486780651625,5,2024,1,single,1.791759469228055
288935,That's Not My Neighbor,Adventure|Indie|Simulator,77.65786293727152,24,2024,2,multi,3.2188758248682006
289536,Psalm 5:9-13,Indie,50.15344555019469,8,2024,1,single,2.1972245773362196
289562,Teenage Mutant Ninja Turtles: Mutants Unleashed,Adventure|Arcade|Fighting|Hack and slash/Beat 'em up,64.5016053556027,7,2024,6,multi,2.0794415416798357
289695,Creatures of Ava,Adventure|Indie,67.07282710426301,9,2024,2,multi,2.302585092994046
290647,Doronko Wanko,Simulator,69.83702989392478,7,2024,1,single,2.0794415416798357
290671,Night Crows,Adventure|Role-playing (RPG),70.84656084656085,11,2024,3,multi,2.4849066497880004
290808,F1 Manager 2024,Racing|Simulator|Sport|Strategy,79.89178503244071,7,2024,6,multi,2.0794415416798357
290911,Nobody Wants to Die,Adventure|Role-playing (RPG),73.90654859688902,76,2024,3,multi,4.343805421853684
290941,"Knowledge, or Know Lady",Adventure|Indie|Role-playing (RPG)|Simulator|Strategy,70.1029252215031,5,2024,1,single,1.791759469228055
291200,100 Funny Cats,Indie|Point-and-click,51.54268960833677,7,2024,1,single,2.0794415416798357
291419,Cats and Seek: Kyoto,Adventure|Card & Board Game|Indie|Point-and-click|Puzzle,59.99816998205375,7,2024,2,multi,2.0794415416798357
291875,Dollmare,Adventure|Indie|Puzzle|Simulator,63.13330827933879,9,2024,1,single,2.302585092994046
292568,Shinkansen 0,Indie,59.59402428555244,11,2024,1,single,2.4849066497880004
293035,Luma Island,Adventure|Indie|Role-playing (RPG),65.41727615428157,7,2024,1,single,2.0794415416798357
293818,Fuck You Witch,Adventure|Indie|Simulator,71.49341142020498,6,2024,1,single,1.9459101490553132
294041,Marvel Rivals,Shooter,76.03987252713151,343,2024,3,multi,5.840641657373398
294453,A Quiet Place: The Road Ahead,Adventure,69.78932371770267,14,2024,3,multi,2.70805020110221
294643,Smuta,Adventure|Role-playing (RPG),19.43451255076114,79,2024,1,single,4.382026634673881
294661,Content Warning,Adventure|Indie,60.85719610734084,78,2024,1,single,4.3694478524670215
295252,PokéRogue,Role-playing (RPG)|Strategy,76.20860980419155,19,2024,1,single,2.995732273553991
295314,Castaway,Adventure|Indie|Puzzle,77.22476761675848,5,2024,6,multi,1.791759469228055
295570,Platform 8,Adventure|Indie|Platform|Puzzle|Simulator,79.81067226201606,18,2024,1,single,2.9444389791664403
295664,Nightmare Kart,Arcade|Racing,81.2492060141584,12,2024,1,single,2.5649493574615367
296326,Dale & Dawson Stationery Supplies,Indie|Role-playing (RPG)|Strategy,76.84602081896605,11,2024,1,single,2.4849066497880004
296808,Banana,Point-and-click|Simulator,10.34000282682269,23,2024,2,multi,3.1780538303479458
296832,Kill Knight,Arcade|Indie|Shooter,58.54434785450518,11,2024,6,multi,2.4849066497880004
296924,Kingdom Rush 5: Alliance,Indie|Strategy,73.59660519177483,12,2024,3,multi,2.5649493574615367
297876,Revolution Idle,Indie|Simulator,88.0,5,2024,2,multi,1.791759469228055
297978,Playing Kafka,Adventure|Indie|Point-and-click,69.94703350266603,6,2024,2,multi,1.9459101490553132
298315,SteamWorld Heist II,Adventure|Indie|Role-playing (RPG)|Strategy,74.1806763078632,6,2024,6,multi,1.9459101490553132
298835,An Alt Girl for Skoof,Adventure|Indie|Simulator|Visual Novel,51.54642556028281,13,2024,3,multi,2.6390573296152584
299582,Alien: Rogue Incursion,Shooter,70.0410840501319,7,2024,2,multi,2.0794415416798357
299736,Batman: Arkham Shadow,Adventure,76.14654085699468,6,2024,1,single,1.9459101490553132
300789,Gakuen Idolmaster,Music|Role-playing (RPG)|Simulator,97.3692942410908,26,2024,2,multi,3.295836866004329
301102,Saihate Station,Adventure|Indie|Role-playing (RPG)|Visual Novel,76.66666666666667,6,2024,2,multi,1.9459101490553132
301111,Seekl,Indie|Visual Novel,98.18181818181819,5,2024,2,multi,1.791759469228055
301399,Final Frog,Indie|Platform,68.0,4,2024,2,multi,1.6094379124341003
301506,Madden NFL 25,Simulator|Sport|Strategy,71.18569538503476,9,2024,5,multi,2.302585092994046
301856,Cats,Indie|Point-and-click|Simulator,24.66746837504055,5,2024,1,single,1.791759469228055
302156,Call of Duty: Black Ops 6,Shooter,73.8782877669663,181,2024,5,multi,5.204006687076795
302546,Grocery Store Simulator,Indie|Simulator,61.60919540229884,8,2024,1,single,2.1972245773362196
302719,La pesadilla de Illojuan,Adventure,86.66666666666666,12,2024,1,single,2.5649493574615367
302965,Leap Year,Adventure|Indie|Platform|Puzzle,78.73969392346933,6,2024,1,single,1.9459101490553132
303304,Murky Divers,Adventure|Indie,66.43190520070397,6,2024,1,single,1.9459101490553132
303549,I Am Part-time Worker!!,Indie|Simulator,71.66666666666667,6,2024,1,single,1.9459101490553132
303811,Astro Bot,Adventure|Platform,90.56289978457947,158,2024,1,single,5.0689042022202315
303936,Supernatural,Adventure|Indie,52.67648552564754,7,2024,1,single,2.0794415416798357
305003,LEGO Horizon Adventures,Adventure|Puzzle,67.12058667093366,27,2024,3,multi,3.332204510175204
305016,Mighty Morphin Power Rangers: Rita's Rewind,Arcade|Fighting|Hack and slash/Beat 'em up,69.90605152413933,7,2024,6,multi,2.0794415416798357
305158,Life is Strange: Double Exposure,Adventure,78.90103127681743,42,2024,4,multi,3.7612001156935624
305180,I Am Your Beast,Arcade|Indie|Shooter|Tactical,71.02468753690229,8,2024,1,single,2.1972245773362196
305909,BFDI: Branches,Platform,80.47619047619048,5,2024,1,single,1.791759469228055
306022,Stray Cats in Cozy Town,Adventure|Indie|Point-and-click|Puzzle,77.31090878056797,10,2024,2,multi,2.3978952727983707
306137,Mario & Luigi: Brothership,Adventure|Platform|Role-playing (RPG),79.65691753462832,15,2024,1,single,2.772588722239781
306148,Super Mario Party Jamboree,Card & Board Game,77.09395383599366,27,2024,1,single,3.332204510175204
306149,The Legend of Zelda: Echoes of Wisdom,Adventure|Puzzle,83.59929306121307,79,2024,1,single,4.382026634673881
306174,Mourning Tide,Adventure|Indie|Simulator,70.0,5,2024,1,single,1.791759469228055
306822,Farming Simulator 25,Simulator,79.45777543932392,15,2024,4,multi,2.772588722239781
307075,Clickolding,Indie|Point-and-click|Role-playing (RPG),59.80490406462288,8,2024,1,single,2.1972245773362196
307253,Married in Red,Role-playing (RPG)|Visual Novel,75.16101415032816,5,2024,2,multi,1.791759469228055
307783,Schoolboy Runaway,Arcade|Indie,61.63806858604167,14,2024,1,single,2.70805020110221
307796,Karate Survivor,Arcade|Fighting|Hack and slash/Beat 'em up|Indie|Role-playing (RPG),70.62870498459326,7,2024,1,single,2.0794415416798357
307930,NextWorld2,Hack and slash/Beat 'em up|Role-playing (RPG),94.47941951378189,40,2024,1,single,3.713572066704308
308034,NBA 2K25,Simulator|Sport,68.83966137533687,25,2024,6,multi,3.258096538021482
308052,Emio: The Smiling Man - Famicom Detective Club,Adventure|Simulator|Visual Novel,79.99669487990626,10,2024,1,single,2.3978952727983707
308099,Planet Coaster 2,Adventure|Simulator|Strategy,71.72413793103448,7,2024,3,multi,2.0794415416798357
308323,Rooftop Rascal: The Alley Cat,Adventure|Indie|Platform,87.38916256157636,8,2024,1,single,2.1972245773362196
308698,EA Sports FC 25,Simulator|Sport,71.37572190310098,90,2024,6,multi,4.51085950651685
308857,Chuxie,Adventure,64.50034813671178,5,2024,1,single,1.791759469228055
311540,Supermarket Together,Indie|Simulator,81.16018665107005,39,2024,1,single,3.6888794541139363
311967,Spectre Divide,Shooter|Strategy|Tactical,75.42168674698794,20,2024,1,single,3.044522437723423
312619,Opossession,Adventure|Arcade|Role-playing (RPG),87.0,10,2024,1,single,2.3978952727983707
312857,Kiosk,Adventure|Indie|Simulator,55.0,7,2024,3,multi,2.0794415416798357
314136,Kong: Survivor Instinct,Adventure|Fighting|Indie|Platform|Shooter,62.64139834889072,8,2024,3,multi,2.1972245773362196
314325,Bloons Card Storm,Card & Board Game|Strategy|Turn-based strategy (TBS),69.52380952380952,5,2024,3,multi,1.791759469228055
314424,Faaast Penguin,Racing|Sport,56.95538057742782,5,2024,3,multi,1.791759469228055
314649,Nodebuster,Indie|Simulator|Strategy,74.67739737941277,7,2024,1,single,2.0794415416798357
314676,A Bibelot: Prototo,Arcade,64.0,3,2024,3,multi,1.3862943611198906
314933,Pico Park 2,Platform|Puzzle,70.4864208600913,9,2024,4,multi,2.302585092994046
314939,SpongeBob SquarePants: The Patrick Star Game,Adventure|Simulator,59.82333180269232,7,2024,6,multi,2.0794415416798357
315893,Rooftop Rascal: The Midnight Cat,Indie|Platform,90.19908116385912,9,2024,1,single,2.302585092994046
316176,Rooftop Rascal: The Drizzle Cat,Platform,91.33793103448276,10,2024,1,single,2.3978952727983707
316493,Shmoupity Shmoup,Arcade|Shooter,68.0,4,2024,2,multi,1.6094379124341003
316581,Is It Woke?,Quiz/Trivia,74.67736428815296,10,2024,1,single,2.3978952727983707
317500,Funeralopolis: Last Days,Adventure,71.39458948843185,6,2024,1,single,1.9459101490553132
318207,The Jackbox Survey Scramble,Indie|Puzzle|Quiz/Trivia|Strategy,79.4445647072835,8,2024,6,multi,2.1972245773362196
318318,Magic Archery,Indie|Role-playing (RPG)|Simulator,70.6530579719406,11,2024,1,single,2.4849066497880004
318493,Terroro,Indie,45.93042937781294,11,2024,1,single,2.4849066497880004
318575,Epiko Regal,Card & Board Game|Real Time Strategy (RTS)|Strategy|Tactical,97.821058428879,17,2024,2,multi,2.8903717578961645
318806,Five Hearts Under One Roof,Adventure|Role-playing (RPG)|Simulator|Strategy|Visual Novel,70.06571771888095,15,2024,3,multi,2.772588722239781
319271,Webfishing,Indie,72.44358016199084,31,2024,1,single,3.4657359027997265
319427,Bad Parenting 1: Mr. Red Face,Adventure|Indie,70.02486016159105,5,2024,1,single,1.791759469228055
319679,Amarillo's Butt Slapper,Simulator,39.8960498960499,5,2024,1,single,1.791759469228055
319745,Lost But Found,Indie|Puzzle|Simulator|Strategy,47.22236005890643,5,2024,4,multi,1.791759469228055
319869,Creepy Shift: Roadside Diner,Adventure|Indie|Simulator,77.19101123595506,5,2024,1,single,1.791759469228055
320011,Paraedolon,Point-and-click|Simulator,58.0595166388056,5,2024,1,single,1.791759469228055
320184,Paragnosia,Adventure|Indie|Point-and-click|Simulator,70.17856722738502,8,2024,2,multi,2.1972245773362196
320363,Death Note: Killer Within,Strategy,60.80487462799729,7,2024,3,multi,2.0794415416798357
320420,The Children of Clay,Adventure|Indie|Point-and-click|Puzzle|Simulator,70.17583352665096,10,2024,1,single,2.3978952727983707
320852,Your Average Old School Shmup,Arcade,64.0,4,2024,3,multi,1.6094379124341003
320861,Shadow Generations,Adventure|Platform,74.71946634323832,7,2024,6,multi,2.0794415416798357
321428,Ratshaker,Adventure|Indie,60.00051417722428,6,2024,1,single,1.9459101490553132
321629,Awaria,Indie|Puzzle,70.6450032164131,25,2024,1,single,3.258096538021482
322280,Get to Work,Adventure|Platform|Racing,70.04570988184169,9,2024,2,multi,2.302585092994046
324118,Granny: Escape Together,Adventure|Indie,68.0,6,2024,1,single,1.9459101490553132
324238,100 New Year Cats,Adventure|Indie|Point-and-click|Puzzle|Simulator,54.2855560494573,6,2024,1,single,1.9459101490553132
324951,A Bibelot: Y-Type,Arcade,64.0,3,2024,2,multi,1.3862943611198906
325202,The Dark Queen of Mortholme,Indie|Role-playing (RPG),76.1559023038439,20,2024,3,multi,3.044522437723423
325273,The Cabin Factory,Adventure|Indie|Puzzle|Simulator,70.09794491901133,14,2024,1,single,2.70805020110221
325317,Digseum,Indie|Point-and-click|Simulator,87.2181410137447,10,2024,1,single,2.3978952727983707
325916,The Noexistencen of You and Me,Adventure|Indie|Role-playing (RPG)|Visual Novel,84.40227667519194,11,2024,2,multi,2.4849066497880004
347175,Hissy Fit: Make Snake Break,Arcade|Indie,88.0,5,2024,2,multi,1.791759469228055
8948,Routine,Adventure|Indie,77.28190569440649,23,2025,3,multi,3.1780538303479458
14916,"Pirates, Vikings, and Knights II",Indie|Shooter,50.66114122611216,11,2025,3,multi,2.4849066497880004
15536,Escape from Tarkov,Role-playing (RPG)|Shooter|Simulator|Tactical,71.75468452716673,296,2025,1,single,5.6937321388027
17868,SinaRun,Indie|Racing,60.0,2,2025,3,multi,1.0986122886681098
21453,My Summer Car,Indie|Racing|Simulator|Sport,70.20012136366874,53,2025,1,single,3.9889840465642745
21962,Lost Soul Aside,Adventure|Hack and slash/Beat 'em up|Indie|Role-playing (RPG),69.33082082022672,11,2025,2,multi,2.4849066497880004
27907,Rhythm Doctor,Adventure|Indie|Music,87.8871085266963,27,2025,3,multi,3.332204510175204
27927,Tower Unite,Adventure|Arcade|Card & Board Game|Indie|Racing|Shooter|Simulator,78.94893100602572,17,2025,1,single,2.8903717578961645
29561,Under a Desert Sun,Adventure|Indie,70.0,1,2025,1,single,0.6931471805599453
31712,Scum,Role-playing (RPG)|Shooter|Simulator,69.66887972143513,44,2025,1,single,3.8066624897703196
31725,Drunk on Nectar,Adventure|Indie|Simulator,70.0,1,2025,2,multi,0.6931471805599453
33642,Melon Simulator,Indie|Simulator,70.0,2,2025,1,single,1.0986122886681098
35302,Age of Survival,Adventure|Indie|Simulator,30.0,2,2025,1,single,1.0986122886681098
35819,Forsaken Isle,Adventure|Indie|Role-playing (RPG),60.0,3,2025,1,single,1.3862943611198906
37136,Metroid Prime 4: Beyond,Adventure|Platform|Shooter,77.6989440329528,38,2025,2,multi,3.6635616461296463
43121,Pinball Wicked,Indie|Simulator,70.0,2,2025,1,single,1.0986122886681098
55351,Cynoclept: The Game,Adventure,50.0,1,2025,1,single,0.6931471805599453
55819,My Little Blacksmith Shop,Simulator,50.0,1,2025,1,single,0.6931471805599453
59078,Door Kickers 2,Indie|Simulator|Strategy,81.20188048096918,10,2025,1,single,2.3978952727983707
65825,BattleCore Arena,Platform|Shooter|Sport,70.0,2,2025,1,single,1.0986122886681098
72812,Inazuma Eleven: Victory Road,Role-playing (RPG)|Sport,70.25387847404741,16,2025,6,multi,2.833213344056216
73030,Captain Blood,Adventure|Hack and slash/Beat 'em up|Shooter,57.44146166733417,5,2025,7,multi,1.791759469228055
74527,Flotsam,Indie|Simulator|Strategy,78.22983979551162,6,2025,1,single,1.9459101490553132
76192,Summer Islands,Indie|Real Time Strategy (RTS)|Simulator|Strategy,50.0,2,2025,3,multi,1.0986122886681098
77590,Onirism,Adventure|Indie,70.0,4,2025,1,single,1.6094379124341003
78063,M.A.S.S. Builder,Indie|Role-playing (RPG)|Strategy,80.0,1,2025,1,single,0.6931471805599453
86391,Asylum,Adventure|Indie|Point-and-click|Puzzle,66.58699171507476,7,2025,3,multi,2.0794415416798357
88392,Foundation,Indie|Simulator|Strategy,62.37055478321287,16,2025,1,single,2.833213344056216
89037,Five Nights At Stickman,Indie,90.0,1,2025,1,single,0.6931471805599453
95577,V-Racer Hoverbike,Indie|Racing|Simulator|Sport,60.0,1,2025,2,multi,0.6931471805599453
102589,Blacksmith Simulator,Indie|Simulator,50.0,2,2025,1,single,1.0986122886681098
107645,DASH: Danger Action Speed Heroes,Indie,70.0,1,2025,2,multi,0.6931471805599453
107884,Synthwave Dream '85,Indie|Racing|Simulator,70.0,1,2025,1,single,0.6931471805599453
112348,The Last Sovereign,Adventure|Indie|Role-playing (RPG)|Strategy,70.0,3,2025,1,single,1.3862943611198906
115232,uFactory,Indie|Simulator|Strategy,70.0,1,2025,2,multi,0.6931471805599453
115289,Hollow Knight: Silksong,Adventure|Indie|Platform,92.49884491811706,484,2025,9,multi,6.184148890937483
115401,Creo God Simulator,Indie|Simulator|Strategy,70.0,1,2025,1,single,0.6931471805599453
115846,AI Limit,Adventure|Hack and slash/Beat 'em up|Indie|Role-playing (RPG),85.64643519528958,19,2025,2,multi,2.995732273553991
116530,Vampire: The Masquerade - Bloodlines 2,Adventure|Role-playing (RPG),67.5540737750123,39,2025,3,multi,3.6888794541139363
117233,Survivalist: Invisible Strain,Adventure|Indie|Role-playing (RPG)|Simulator|Strategy,80.54504126267182,5,2025,2,multi,1.791759469228055
117297,Aion 2,Adventure|Role-playing (RPG),72.5,12,2025,1,single,2.5649493574615367
118051,The Rescue of Mermaids,Adventure|Indie,70.0,1,2025,1,single,0.6931471805599453
120322,Dinkum,Adventure|Indie|Role-playing (RPG)|Simulator,82.36554719156047,20,2025,1,single,3.044522437723423
121277,Monument Valley III,Adventure|Indie|Puzzle|Strategy,67.47541436921733,10,2025,6,multi,2.3978952727983707
123520,Deadtime Defenders,Indie|Role-playing (RPG)|Shooter,70.0,2,2025,1,single,1.0986122886681098
123566,Peaceful Days,Indie|Role-playing (RPG)|Simulator,70.0,1,2025,2,multi,0.6931471805599453
123764,The Slormancer,Adventure|Indie|Role-playing (RPG),67.38461538461539,8,2025,1,single,2.1972245773362196
123925,Voidtrain,Adventure|Indie|Role-playing (RPG)|Simulator,69.77208380918975,11,2025,2,multi,2.4849066497880004
126870,The Drifter,Adventure|Indie|Point-and-click|Puzzle,79.99097590267974,12,2025,3,multi,2.5649493574615367
127424,Slender Threads,Adventure|Indie|Point-and-click,79.66231396308231,8,2025,3,multi,2.1972245773362196
127697,Tainted Grail: The Fall of Avalon,Adventure|Indie|Role-playing (RPG),75.0240564879425,38,2025,3,multi,3.6635616461296463
128935,Rosewater,Adventure|Indie|Point-and-click|Puzzle,77.97410068022928,5,2025,3,multi,1.791759469228055
129964,Skate Story,Adventure|Arcade|Indie|Simulator|Sport,69.68530256008003,11,2025,4,multi,2.4849066497880004
130788,Necesse,Adventure|Indie|Role-playing (RPG)|Simulator|Strategy,79.69920503904078,18,2025,3,multi,2.9444389791664403
131653,Tiny Bunny,Adventure|Indie|Visual Novel,65.25220784181741,24,2025,2,multi,3.2188758248682006
132711,Heartworm,Indie|Puzzle|Shooter,54.76190476190476,7,2025,1,single,2.0794415416798357
133344,Wobbly Life,Adventure|Indie|Puzzle|Role-playing (RPG)|Simulator,76.89655172413792,7,2025,6,multi,2.0794415416798357
135994,Avowed,Adventure|Role-playing (RPG),75.48647628140402,93,2025,2,multi,4.543294782270004
136594,Len's Island,Adventure|Hack and slash/Beat 'em up|Indie,59.95320875632618,5,2025,2,multi,1.791759469228055
139654,Becastled,Indie|Real Time Strategy (RTS)|Simulator|Strategy|Tactical,79.89120298414673,6,2025,6,multi,1.9459101490553132
140669,The Wandering Village,Indie|Simulator|Strategy,70.43137136294767,10,2025,8,multi,2.3978952727983707
141682,One Lonely Outpost,Indie|Role-playing (RPG)|Simulator|Strategy,58.0,5,2025,7,multi,1.791759469228055
142688,Farthest Frontier,Indie|Simulator|Strategy,79.95426057278182,19,2025,1,single,2.995732273553991
144274,The Bazaar,Card & Board Game|Strategy,79.84256822016408,9,2025,2,multi,2.302585092994046
144859,Unbeatable,Adventure|Arcade|Indie|Music,79.91548204296127,5,2025,3,multi,1.791759469228055
145070,Despelote,Adventure|Indie|Simulator|Sport,69.6302047596692,8,2025,4,multi,2.1972245773362196
149657,Blue Prince,Adventure|Indie|Puzzle|Strategy,86.87282306615757,119,2025,3,multi,4.787491742782046
150241,Luto,Adventure|Indie,79.74953457259215,12,2025,3,multi,2.5649493574615367
152072,Echoes of the End,Adventure,64.07262402045252,15,2025,3,multi,2.772588722239781
152077,Painkiller,Adventure|Shooter,62.27879176315518,5,2025,3,multi,1.791759469228055
152243,Slime Rancher 2,Adventure|Indie|Shooter|Simulator,67.44593099285785,32,2025,3,multi,3.4965075614664802
152246,The Outer Worlds 2,Adventure|Role-playing (RPG),69.33522046135164,45,2025,3,multi,3.828641396489095
159424,Age of Darkness: Final Stand,Real Time Strategy (RTS)|Strategy,67.77057668172594,11,2025,1,single,2.4849066497880004
164654,Elroy and the Aliens,Adventure|Indie|Point-and-click|Puzzle,82.9722152859587,6,2025,3,multi,1.9459101490553132
165393,Abyssus,Adventure|Indie|Shooter,78.77695957436576,8,2025,1,single,2.1972245773362196
171225,Wuchang: Fallen Feathers,Adventure|Hack and slash/Beat 'em up|Role-playing (RPG),79.54429865394403,43,2025,3,multi,3.784189633918261
171233,Deltarune,Adventure|Indie|Music|Puzzle|Role-playing (RPG)|Turn-based strategy (TBS),84.0308152232725,89,2025,6,multi,4.499809670330265
172357,Karma: The Dark World,Adventure|Indie|Role-playing (RPG),87.66360720615971,16,2025,2,multi,2.833213344056216
172496,Ena: Dream BBQ,Adventure|Indie,97.59735474748176,25,2025,3,multi,3.258096538021482
177169,Deliver At All Costs,Adventure|Arcade|Indie|Racing,60.79038928534501,15,2025,3,multi,2.772588722239781
182410,Post Trauma,Adventure|Indie|Puzzle,65.00502373855542,5,2025,3,multi,1.791759469228055
185258,ARC Raiders,Shooter,82.11779441640982,262,2025,3,multi,5.572154032177765
187096,Forever Skies,Adventure|Simulator,70.08760231612409,9,2025,2,multi,2.302585092994046
188867,Labyrinth of the Demon King,Adventure|Indie|Role-playing (RPG)|Simulator,70.08992062227874,6,2025,5,multi,1.9459101490553132
191427,Mandragora: Whispers of the Witch Tree,Adventure|Indie|Role-playing (RPG),66.23035640279646,10,2025,3,multi,2.3978952727983707
196851,News Tower,Simulator|Strategy|Tactical,67.29349380177233,13,2025,2,multi,2.6390573296152584
196954,Hell is Us,Adventure|Role-playing (RPG),75.93531538637862,36,2025,3,multi,3.6109179126442243
197202,Escape the Backrooms,Adventure|Indie|Puzzle|Simulator,69.77931660241585,46,2025,1,single,3.8501476017100584
200449,Off The Grid,Shooter,79.48905109489051,34,2025,1,single,3.5553480614894135
200544,Back to the Dawn,Adventure|Indie|Role-playing (RPG)|Simulator|Strategy,77.52151462994837,7,2025,3,multi,2.0794415416798357
203240,Old Skies,Adventure|Point-and-click|Puzzle,81.16373565921742,6,2025,4,multi,1.9459101490553132
203909,Bionic Bay,Adventure|Indie|Platform|Puzzle,70.0287334006368,6,2025,2,multi,1.9459101490553132
204367,Time Flies,Adventure|Indie|Puzzle|Simulator,62.85714285714285,7,2025,4,multi,2.0794415416798357
204634,The Alters,Adventure|Simulator,80.10981313606636,82,2025,3,multi,4.418840607796598
206513,Vivid/Stasis,Indie|Music|Visual Novel,95.0,6,2025,1,single,1.9459101490553132
210536,Etheria: Restart,Adventure|Fighting|Role-playing (RPG)|Strategy|Turn-based strategy (TBS),70.0,5,2025,1,single,1.791759469228055
210585,Soulstone Survivors,Arcade|Hack and slash/Beat 'em up|Indie|Role-playing (RPG),78.99804649103109,23,2025,5,multi,3.1780538303479458
211066,Rogue: Genesia,Arcade|Indie|Role-playing (RPG)|Shooter|Strategy,67.57814308550653,8,2025,1,single,2.1972245773362196
211357,Mind Over Magic,Indie|Simulator,70.05389819895653,5,2025,1,single,1.791759469228055
212877,Shatterline,Shooter,79.51979322237992,15,2025,1,single,2.772588722239781
213240,Tempest Rising,Real Time Strategy (RTS)|Strategy,79.94443671529301,10,2025,1,single,2.3978952727983707
214233,The Darkest Files,Adventure|Indie|Puzzle|Simulator,75.52815454171804,8,2025,6,multi,2.1972245773362196
214394,Dune: Awakening,Adventure|Role-playing (RPG),73.2716430835535,59,2025,1,single,4.0943445622221
214492,Rift of the NecroDancer,Arcade|Indie|Music|Role-playing (RPG),78.9948129977307,14,2025,1,single,2.70805020110221
216197,Wizordum,Indie|Puzzle|Shooter,69.94928420445075,6,2025,1,single,1.9459101490553132
216718,Tiny Bookshop,Indie|Role-playing (RPG)|Simulator,71.35519129185967,15,2025,4,multi,2.772588722239781
216784,Urban Myth Dissolution Center,Adventure|Puzzle|Visual Novel,71.5725751598422,8,2025,3,multi,2.1972245773362196
217012,Rue Valley,Adventure|Indie|Puzzle|Role-playing (RPG)|Strategy,63.71850887793995,8,2025,6,multi,2.1972245773362196
217625,True Fear: Forsaken Souls Part 3,Adventure|Puzzle,70.03679381491314,7,2025,2,multi,2.0794415416798357
219126,Abiotic Factor,Adventure|Indie|Role-playing (RPG)|Shooter|Simulator,71.23306605853978,43,2025,3,multi,3.784189633918261
222343,Silent Hill f,Adventure|Puzzle,70.50929082717012,114,2025,3,multi,4.74493212836325
222608,RavenQuest,Role-playing (RPG),80.0,11,2025,1,single,2.4849066497880004
223188,The Complex: Expedition,Adventure|Simulator,61.26295481003596,5,2025,1,single,1.791759469228055
226343,War Robots: Frontiers,Shooter|Simulator|Tactical,90.0,5,2025,5,multi,1.791759469228055
228525,Hades II,Adventure|Hack and slash/Beat 'em up|Indie|Role-playing (RPG),88.92751023241337,155,2025,4,multi,5.049856007249537
228530,Death Stranding 2: On the Beach,Adventure|Shooter,90.82695332942336,106,2025,1,single,4.672828834461906
228918,Haste,Adventure|Indie|Platform|Racing,70.44217550884936,17,2025,3,multi,2.8903717578961645
235718,Spilled!,Adventure|Indie,88.78149206393974,11,2025,2,multi,2.4849066497880004
236664,Fantasy Life i: The Girl Who Steals Time,Adventure|Role-playing (RPG)|Simulator,76.4860439998794,12,2025,6,multi,2.5649493574615367
237457,Pioneers of Pagonia,Indie|Simulator|Strategy,54.31460674157304,6,2025,1,single,1.9459101490553132
239786,Hail to the Rainbow,Adventure|Indie|Puzzle,71.77473294386984,11,2025,1,single,2.4849066497880004
240432,Pax Dei,Adventure|Role-playing (RPG),75.49356223175965,14,2025,1,single,2.70805020110221
240556,Deep Rock Galactic: Survivor,Shooter,72.41418981659301,44,2025,2,multi,3.8066624897703196
243931,The Farmer Was Replaced,Indie|Puzzle|Simulator|Strategy,82.01511335012594,5,2025,1,single,1.791759469228055
246909,Camper Van: Make it Home,Indie|Puzzle|Simulator,72.24000000000001,7,2025,2,multi,2.0794415416798357
248235,JDM: Japanese Drift Master,Adventure|Arcade|Racing|Simulator|Sport,59.88548668160319,5,2025,1,single,1.791759469228055
249013,The Precinct,Indie|Simulator,56.43053104847115,15,2025,3,multi,2.772588722239781
250162,Cataclismo,Strategy,68.1654555827688,10,2025,1,single,2.3978952727983707
250620,Sword of the Sea,Adventure|Indie,76.46676002530283,39,2025,2,multi,3.6888794541139363
250722,Eclipsium,Adventure|Indie,60.21505376344086,5,2025,1,single,1.791759469228055
250803,Cabernet,Adventure|Indie|Role-playing (RPG)|Simulator|Visual Novel,52.71186440677966,5,2025,6,multi,1.791759469228055
250922,Rune Factory: Guardians of Azuma,Adventure|Role-playing (RPG)|Simulator,79.93754855587767,8,2025,3,multi,2.1972245773362196
250955,One-Eyed Likho,Adventure|Indie,69.99484053658362,5,2025,1,single,1.791759469228055
252358,Bye Sweet Carole,Adventure|Indie|Platform|Puzzle,60.08958236115024,12,2025,4,multi,2.5649493574615367
252502,Baby Steps,Adventure|Indie,63.95387496118609,13,2025,2,multi,2.6390573296152584
252826,South of Midnight,Adventure|Platform,76.12602910613018,69,2025,2,multi,4.248495242049359
252853,Citizen Sleeper 2: Starward Vector,Adventure|Indie|Role-playing (RPG),80.27874918007208,17,2025,5,multi,2.8903717578961645
252873,A.I.L.A,Adventure,60.0875769342303,9,2025,3,multi,2.302585092994046
253100,Everhood 2,Adventure|Indie|Music|Role-playing (RPG),74.2097794838355,8,2025,2,multi,2.1972245773362196
253412,Le Mans Ultimate,Racing,87.07317073170731,10,2025,2,multi,2.3978952727983707
253659,Backpack Battles,Indie|Strategy|Tactical|Turn-based strategy (TBS),76.57305326073575,17,2025,2,multi,2.8903717578961645
255078,Supervive,MOBA|Shooter|Strategy,70.1944277991503,54,2025,1,single,4.007333185232471
255090,To a T,Adventure|Indie|Puzzle,77.92645282953016,7,2025,3,multi,2.0794415416798357
255091,Wheel World,Adventure|Racing|Sport,56.47742200750062,16,2025,3,multi,2.833213344056216
255912,Dungeon Stalkers,Adventure|Role-playing (RPG)|Shooter|Tactical,61.42857142857143,5,2025,1,single,1.791759469228055
255936,Commandos: Origins,Real Time Strategy (RTS)|Strategy,57.19101123595506,5,2025,5,multi,1.791759469228055
258465,Power Fantasy,Indie|Role-playing (RPG),80.95238095238095,5,2025,1,single,1.791759469228055
258950,Constance,Adventure|Indie|Platform,69.98758400198656,7,2025,1,single,2.0794415416798357
260321,Fatal Fury: City of the Wolves,Fighting,80.39729108772676,7,2025,4,multi,2.0794415416798357
262529,Little Nightmares III,Adventure|Platform|Puzzle,66.77572270948797,58,2025,7,multi,4.07753744390572
262530,Killing Floor III,Shooter,68.63837032776064,8,2025,3,multi,2.1972245773362196
262678,Tormented Souls II,Adventure|Puzzle,90.09180917331472,13,2025,3,multi,2.6390573296152584
264932,Memoriapolis,Indie|Simulator|Strategy,60.66666666666666,7,2025,1,single,2.0794415416798357
264933,LoneStar,Adventure|Card & Board Game|Indie|Puzzle|Role-playing (RPG)|Simulator|Strategy|Tactical,51.39676113360323,6,2025,3,multi,1.9459101490553132
265637,Horses,Adventure|Indie,78.7717381330551,6,2025,1,single,1.9459101490553132
266494,Trash Goblin,Indie|Simulator,88.22484421462833,8,2025,1,single,2.1972245773362196
273120,Duet Night Abyss,Adventure|Role-playing (RPG)|Shooter,79.33753943217665,19,2025,2,multi,2.995732273553991
274920,Supermarket Simulator,Indie|Simulator|Strategy,60.93543433790974,80,2025,2,multi,4.394449154672439
276508,Blade Chimera,Indie|Platform,79.86120355364257,10,2025,2,multi,2.3978952727983707
279526,Mecha Break,Shooter,80.07902905823316,35,2025,2,multi,3.58351893845611
279630,Shinobi: Art of Vengeance,Hack and slash/Beat 'em up|Platform,90.75877009141642,20,2025,6,multi,3.044522437723423
279642,Lost Records: Bloom & Rage,Adventure|Indie,73.4216919875984,31,2025,3,multi,3.4657359027997265
279643,The First Berserker: Khazan,Hack and slash/Beat 'em up|Role-playing (RPG),81.54315496590668,28,2025,3,multi,3.367295829986474
279661,Monster Hunter Wilds,Adventure|Hack and slash/Beat 'em up|Role-playing (RPG),85.33405540966919,67,2025,3,multi,4.219507705176107
285168,Lockdown Protocol,Indie|Shooter|Strategy,72.02564102564102,15,2025,1,single,2.772588722239781
285925,Necrophosis,Adventure|Indie,63.18319459667309,9,2025,1,single,2.302585092994046
287846,Ender Magnolia: Bloom in the Mist,Adventure|Indie|Platform|Role-playing (RPG),80.99700159567591,23,2025,6,multi,3.1780538303479458
288327,Pokémon Legends: Z-A,Adventure|Role-playing (RPG),71.96668107748118,70,2025,2,multi,4.2626798770413155
290052,The Berlin Apartment,Adventure|Indie,79.93798449612403,6,2025,3,multi,1.9459101490553132
291212,Void War,Adventure|Indie|Role-playing (RPG)|Simulator|Strategy,76.55913978494624,5,2025,1,single,1.791759469228055
291948,Sworn,Adventure|Indie|Role-playing (RPG),76.89443244113755,8,2025,3,multi,2.1972245773362196
292157,Pipistrello and the Cursed Yoyo,Adventure|Indie|Platform|Puzzle,82.47465330591426,9,2025,5,multi,2.302585092994046
293572,Shape of Dreams,Adventure|Hack and slash/Beat 'em up|Indie|MOBA|Strategy|Tactical,79.86335403726709,6,2025,1,single,1.9459101490553132
295199,Eternal Strands,Adventure,79.7895078847515,8,2025,3,multi,2.1972245773362196
296290,Jötunnslayer: Hordes of Hel,Hack and slash/Beat 'em up|Indie|Role-playing (RPG),63.93063583815029,10,2025,3,multi,2.3978952727983707
296537,Legends of Elysium,Card & Board Game|Indie|Strategy|Tactical|Turn-based strategy (TBS),89.96027805362462,8,2025,1,single,2.1972245773362196
296843,The Rogue Prince of Persia,Adventure|Hack and slash/Beat 'em up|Platform,80.1821914444338,17,2025,3,multi,2.8903717578961645
297943,Cash Cleaner Simulator,Indie|Simulator,61.40540540540541,10,2025,1,single,2.3978952727983707
298526,Kingdom Come: Deliverance II,Adventure|Role-playing (RPG)|Simulator,93.42713580798775,240,2025,3,multi,5.484796933490655
298915,Arena Breakout: Infinite,Shooter|Strategy|Tactical,82.23334628033383,145,2025,1,single,4.983606621708336
299593,Promise Mascot Agency,Adventure|Indie|Role-playing (RPG)|Simulator,86.43443344158442,8,2025,6,multi,2.1972245773362196
300454,Sonic Rumble Party,Arcade|Platform|Racing,69.56471595662009,9,2025,3,multi,2.302585092994046
300976,Assassin's Creed Shadows,Adventure|Role-playing (RPG),73.13308387652643,139,2025,4,multi,4.941642422609304
302654,Restaurats,Indie|Role-playing (RPG)|Simulator|Strategy,92.85714285714286,7,2025,1,single,2.0794415416798357
302704,Doom: The Dark Ages,Shooter,82.35165062574616,152,2025,3,multi,5.030437921392435
303010,Strange Antiquities,Adventure|Indie|Point-and-click|Puzzle|Role-playing (RPG)|Simulator,70.06211180124224,9,2025,2,multi,2.302585092994046
303808,Dynasty Warriors: Origins,Hack and slash/Beat 'em up|Role-playing (RPG)|Strategy,76.87842643950302,11,2025,3,multi,2.4849066497880004
305006,Sid Meier's Civilization VII,Simulator|Strategy|Tactical|Turn-based strategy (TBS),61.07456059099324,20,2025,8,multi,3.044522437723423
305012,Sleep Awake,Adventure|Indie,70.00948191441407,5,2025,3,multi,1.791759469228055
305019,Wanderstop,Adventure|Indie|Simulator,79.91647228168155,11,2025,3,multi,2.4849066497880004
305074,Squeakross: Home Squeak Home,Indie|Puzzle|Simulator|Strategy,68.35780965714252,7,2025,3,multi,2.0794415416798357
305107,Eriksholm: The Stolen Dream,Adventure|Strategy,79.86279116244827,13,2025,3,multi,2.6390573296152584
305152,Clair Obscur: Expedition 33,Adventure|Indie|Role-playing (RPG),91.71999741927675,906,2025,3,multi,6.810142450115136
305155,FragPunk,MOBA|Shooter,66.80010017738697,36,2025,1,single,3.6109179126442243
305156,Winter Burrow,Adventure|Indie|Simulator,66.35508143122699,11,2025,4,multi,2.4849066497880004
305159,Atomfall,Adventure|Role-playing (RPG)|Shooter,72.28584029343895,32,2025,5,multi,3.4965075614664802
305246,Anno 117: Pax Romana,Real Time Strategy (RTS)|Simulator|Strategy,70.66556223328837,6,2025,3,multi,1.9459101490553132
305296,Hunter Moonstrike,Adventure|Indie|Role-playing (RPG)|Shooter,92.55576145928687,36,2025,1,single,3.6109179126442243
306153,The Hundred Line: Last Defense Academy,Adventure|Role-playing (RPG)|Simulator|Strategy|Visual Novel,80.02197930241265,23,2025,2,multi,3.1780538303479458
307765,Bleach: Rebirth of Souls,Fighting,70.32818187242677,9,2025,4,multi,2.302585092994046
307774,Madoka Magica Magia Exedra,Role-playing (RPG),68.61329971635676,10,2025,2,multi,2.3978952727983707
308697,Orcs Must Die! Deathtrap,Indie|Shooter|Strategy,75.3932584269663,6,2025,2,multi,1.9459101490553132
308978,Splitgate: Arena Reloaded,Shooter,70.14471711137028,16,2025,5,multi,2.833213344056216
309469,Master Lemon: The Quest for Iceland,Adventure,98.23008849557523,12,2025,4,multi,2.5649493574615367
310545,Date Everything!,Indie|Simulator|Visual Novel,67.90191267747753,19,2025,4,multi,2.995732273553991
310904,Keep Driving,Adventure|Indie|Role-playing (RPG)|Simulator|Turn-based strategy (TBS),72.60103920508678,10,2025,1,single,2.3978952727983707
312859,Five Nights at Freddy's: Secret of the Mimic,Adventure|Indie,71.52700280584791,15,2025,2,multi,2.772588722239781
313595,Two Point Museum,Indie|Simulator|Strategy,79.40416,10,2025,5,multi,2.3978952727983707
313812,Lonely Mountains: Snow Riders,Arcade|Indie|Racing|Sport,74.6067415730337,5,2025,2,multi,1.791759469228055
314178,Dragon Ball Gekishin Squadra,MOBA|Real Time Strategy (RTS),77.00606381404386,29,2025,6,multi,3.4011973816621555
314238,Sniper Elite: Resistance,Adventure|Shooter|Simulator,61.59810831470365,24,2025,5,multi,3.2188758248682006
314239,RoadCraft,Adventure|Simulator,83.54807849804105,12,2025,3,multi,2.5649493574615367
314243,Revenge of the Savage Planet,Adventure|Shooter,60.5758428142362,20,2025,4,multi,3.044522437723423
314246,Borderlands 4,Adventure|Role-playing (RPG)|Shooter,58.25651932778388,56,2025,3,multi,4.04305126783455
314252,Dying Light: The Beast,Adventure|Role-playing (RPG),70.10759309347635,48,2025,3,multi,3.8918202981106265
314271,Herdling,Adventure|Indie,64.85935238126685,10,2025,4,multi,2.3978952727983707
314276,Mafia: The Old Country,Adventure|Shooter,76.36550819864091,109,2025,3,multi,4.700480365792417
314475,Tokyo Xtreme Racer,Racing|Role-playing (RPG),79.99004232013941,5,2025,1,single,1.791759469228055
314476,Lost in Random: The Eternal Die,Adventure|Indie|Role-playing (RPG),81.03777165294298,11,2025,4,multi,2.4849066497880004
314943,Atelier Yumia: The Alchemist of Memories & the Envisioned Land,Adventure|Role-playing (RPG),76.15384615384615,6,2025,6,multi,1.9459101490553132
316979,Deadzone: Rogue,Shooter,68.68346618668039,13,2025,3,multi,2.6390573296152584
316987,"No, I'm Not A Human",Indie|Simulator,74.18173747384718,47,2025,1,single,3.871201010907891
317175,Brazilian Drug Dealer 3: I Opened a Portal to Hell in the Favela Trying To Revive Mit Aia I Need to Close It,Adventure|Indie|Shooter,68.99603075513697,5,2025,1,single,1.791759469228055
317317,Like a Dragon: Pirate Yakuza in Hawaii,Adventure|Hack and slash/Beat 'em up|Role-playing (RPG),75.03812245184919,27,2025,5,multi,3.332204510175204
317407,Battlefield 6,Shooter,73.17581618861831,168,2025,3,multi,5.1298987149230735
317621,The Midnight Walk,Adventure|Indie|Puzzle,84.56755396111743,22,2025,4,multi,3.1354942159291497
317627,Ghost of Yotei,Adventure|Role-playing (RPG),85.66382973512715,103,2025,1,single,4.6443908991413725
318759,Pieces of Me,Adventure|Indie|Simulator,70.20976066157607,5,2025,1,single,1.791759469228055
319625,BrokenLore: Don't Watch,Adventure|Indie|Simulator,68.88334296069564,7,2025,1,single,2.0794415416798357
319758,Destiny: Rising,Role-playing (RPG)|Shooter,87.14285714285714,8,2025,2,multi,2.1972245773362196
320137,Cronos: The New Dawn,Adventure|Puzzle|Shooter,75.96431957302285,58,2025,5,multi,4.07753744390572
320144,FBC: Firebreak,Shooter,49.24666717637703,13,2025,3,multi,2.6390573296152584
320726,Deck of Haunts,Adventure|Indie|Simulator|Strategy,70.43478260869566,5,2025,1,single,1.791759469228055
320854,Garten of Banban 0,Adventure|Arcade|Indie|Puzzle,64.4942144894313,8,2025,1,single,2.1972245773362196
320873,MindsEye,Adventure|Shooter,45.28910411622276,15,2025,3,multi,2.772588722239781
322691,Kathy Rain 2: Soothsayer,Adventure|Indie|Point-and-click,61.06263223608519,9,2025,3,multi,2.302585092994046
322702,Spray Paint Simulator,Simulator,71.33571838217222,5,2025,5,multi,1.791759469228055
322842,Beyond Citadel,Indie|Shooter,80.60606060606061,8,2025,1,single,2.1972245773362196
324225,Nubby's Number Factory,Arcade|Indie|Puzzle|Strategy,69.98446931025806,11,2025,1,single,2.4849066497880004
324256,Hell Clock,Indie|Role-playing (RPG),79.71988600008574,8,2025,1,single,2.1972245773362196
324784,And Roger,Adventure|Indie|Puzzle|Simulator,80.17990073383827,8,2025,3,multi,2.1972245773362196
324811,The Headliners,Adventure|Indie,60.29411764705883,7,2025,1,single,2.0794415416798357
324874,Do No Harm,Indie|Simulator,59.00165665006746,6,2025,1,single,1.9459101490553132
325174,Duck Detective: The Ghost of Glamping,Adventure|Indie|Puzzle,89.06731768885825,9,2025,7,multi,2.302585092994046
325554,A Game About Digging A Hole,Adventure|Arcade|Indie|Simulator,66.13570356951757,46,2025,1,single,3.8501476017100584
325580,Ninja Gaiden: Ragebound,Adventure|Arcade|Hack and slash/Beat 'em up|Indie|Platform,84.51511901970247,29,2025,6,multi,3.4011973816621555
325588,Rematch,Indie|Sport,69.72323917737972,42,2025,3,multi,3.7612001156935624
325591,Elden Ring Nightreign,Hack and slash/Beat 'em up|Role-playing (RPG),79.20135779282218,101,2025,5,multi,4.624972813284271
325594,Split Fiction,Adventure|Platform|Puzzle,88.27183791073614,222,2025,3,multi,5.407171771460119
325605,Game of Thrones: Kingsroad,Adventure|Role-playing (RPG),83.71929824561404,18,2025,3,multi,2.9444389791664403
325608,Sonic Racing: CrossWorlds,Adventure|Racing|Sport,71.77073494443681,29,2025,6,multi,3.4011973816621555
325609,Dispatch,Adventure|Point-and-click|Strategy,86.91742772517532,279,2025,2,multi,5.634789603169249
326089,Super Sorry,Indie|Simulator,92.38095238095238,4,2025,1,single,1.6094379124341003
326127,Stella Sora,Adventure|Role-playing (RPG),81.07692307692307,16,2025,3,multi,2.833213344056216
327010,Tower Wizard,Indie|Role-playing (RPG)|Simulator|Strategy,69.92364880036509,9,2025,1,single,2.302585092994046
327405,Megabonk,Indie,80.90038120540568,44,2025,2,multi,3.8066624897703196
327500,Terminator 2D: No Fate,Arcade|Platform|Shooter,71.90706020990744,21,2025,8,multi,3.091042453358316
327543,Cursed Digicam,Indie,59.99003984063745,5,2025,1,single,1.791759469228055
327636,Stimulation Clicker,Indie|Point-and-click|Strategy,80.01398275460267,5,2025,1,single,1.791759469228055
327698,Amenti,Adventure,60.51282051282051,7,2025,1,single,2.0794415416798357
327768,Puck,Real Time Strategy (RTS)|Simulator|Sport|Strategy,69.02200477649468,6,2025,1,single,1.9459101490553132
328028,Öoo,Adventure|Indie|Platform|Puzzle,91.39067315292701,7,2025,1,single,2.0794415416798357
328140,Look Outside,Adventure|Indie|Role-playing (RPG)|Strategy|Turn-based strategy (TBS),84.10277859962464,23,2025,1,single,3.1780538303479458
328143,Julian & Friends,Indie|Point-and-click,63.33333333333333,6,2025,1,single,1.9459101490553132
328347,Death Howl,Adventure|Card & Board Game|Indie|Strategy|Tactical|Turn-based strategy (TBS),60.85200701151215,6,2025,1,single,1.9459101490553132
329130,Ninja Gaiden 4,Adventure|Hack and slash/Beat 'em up,79.64134420044408,23,2025,3,multi,3.1780538303479458
329146,EA Sports College Football 26,Simulator|Sport,79.3610179132545,10,2025,2,multi,2.3978952727983707
329309,Escape from Duckov,Adventure|Indie|Role-playing (RPG)|Shooter,69.55183467757104,16,2025,2,multi,2.833213344056216
329371,Cubic Odyssey,Adventure|Role-playing (RPG),83.44827586206897,8,2025,3,multi,2.1972245773362196
329690,WWE 2K25,Fighting|Simulator|Sport,62.50174865936116,15,2025,5,multi,2.772588722239781
329865,Is This Seat Taken?,Adventure|Indie|Point-and-click|Puzzle|Simulator,84.79314672790483,22,2025,6,multi,3.1354942159291497
330016,Guilty as Sock!,Card & Board Game|Indie|Simulator,70.7546671898061,6,2025,2,multi,1.9459101490553132
330101,Shelldom,Adventure|Indie|Platform|Role-playing (RPG),91.15128955065143,13,2025,1,single,2.6390573296152584
330539,Oxide: Survival Island,Role-playing (RPG)|Shooter|Simulator,92.22222222222221,10,2025,2,multi,2.3978952727983707
330673,Easy Delivery Co.,Adventure|Arcade|Indie|Racing|Simulator,50.19915523611055,16,2025,1,single,2.833213344056216
331188,Digimon Story: Time Stranger,Adventure|Puzzle|Role-playing (RPG),91.18591707646968,22,2025,3,multi,3.1354942159291497
331214,Metal Eden,Adventure|Arcade|Shooter,69.68909806764589,15,2025,3,multi,2.772588722239781
331929,Kabuto Park,Arcade|Fighting|Indie|Role-playing (RPG)|Simulator|Strategy,70.4801463608659,6,2025,3,multi,1.9459101490553132
332148,Better Mart Simulator,Indie|Simulator,100.0,5,2025,1,single,1.791759469228055
332273,Monster Train 2,Card & Board Game|Indie|Strategy|Turn-based strategy (TBS),67.90917648493105,16,2025,4,multi,2.833213344056216
332593,A Bibelot: Y-Break,Arcade,54.8,4,2025,2,multi,1.6094379124341003
333277,Last Report,Adventure|Indie|Point-and-click|Simulator|Visual Novel,69.92690501171461,9,2025,1,single,2.302585092994046
333294,Wrap House Simulator,Simulator,71.05367341855109,6,2025,1,single,1.9459101490553132
333600,Blades of Fire,Adventure,53.65159979685119,6,2025,3,multi,1.9459101490553132
333680,Breaking Bricks,Arcade,55.0,5,2025,3,multi,1.791759469228055
333822,Overcome Your Fears: Caretaker,Adventure|Indie,41.82474018696794,6,2025,1,single,1.9459101490553132
333916,Find 100 Ducks and Blast Them!,Indie|Simulator,58.83156038092226,5,2025,1,single,1.791759469228055
333946,Wednesdays,Adventure|Indie|Point-and-click|Visual Novel,86.79192408897086,8,2025,2,multi,2.1972245773362196
334239,Absolum,Adventure|Fighting|Indie|Role-playing (RPG),70.70064942147472,32,2025,4,multi,3.4965075614664802
334486,Bongo Cat,Indie|Simulator,89.19352401481744,13,2025,1,single,2.6390573296152584
335439,PowerWash Simulator 2,Indie|Simulator,75.07443979932528,17,2025,4,multi,2.8903717578961645
335833,The Séance of Blake Manor,Adventure|Puzzle,79.72729901237199,8,2025,2,multi,2.1972245773362196
336493,A Bibelot: Tiret sur Will,Indie|Platform|Puzzle,70.0,7,2025,2,multi,2.0794415416798357
336733,Wildgate,Adventure|Racing|Role-playing (RPG)|Shooter|Strategy,65.52378897399934,8,2025,3,multi,2.1972245773362196
336964,F1 25,Racing|Simulator|Sport,72.27748921293593,23,2025,3,multi,3.1780538303479458
337035,Marvel Cosmic Invasion,Adventure|Arcade|Fighting|Hack and slash/Beat 'em up|Indie,74.87038068093958,24,2025,8,multi,3.2188758248682006
337897,The Last Meadow,Point-and-click,66.40080281165312,6,2025,4,multi,1.9459101490553132
337899,Dreams of Aether,Arcade,77.23089911355002,7,2025,1,single,2.0794415416798357
338014,Bouncy Bread,Platform|Puzzle,63.33333333333333,6,2025,3,multi,1.9459101490553132
338067,Mario Kart World,Adventure|Racing,78.85576128500432,128,2025,1,single,4.859812404361672
338069,Nintendo Switch 2 Welcome Tour,Arcade,42.79301788520898,8,2025,1,single,2.1972245773362196
338085,Hyrule Warriors: Age of Imprisonment,Adventure|Hack and slash/Beat 'em up,82.0450644085792,6,2025,1,single,1.9459101490553132
338105,Kirby Air Riders,Adventure|Arcade|Racing,89.89920249445345,10,2025,1,single,2.3978952727983707
338106,Donkey Kong Bananza,Adventure|Platform,93.54780506448905,78,2025,1,single,4.3694478524670215
338902,Cloverpit,Arcade|Card & Board Game|Indie|Simulator|Strategy,81.70343919073638,24,2025,1,single,3.2188758248682006
339618,Carimara: Beneath the Forlorn Limbs,Adventure|Card & Board Game|Indie,68.0,5,2025,2,multi,1.791759469228055
339985,Shadowverse: Worlds Beyond,Card & Board Game|Role-playing (RPG)|Strategy,66.0,5,2025,3,multi,1.791759469228055
340928,The Boba Teashop,Adventure|Indie|Simulator,67.7541260257949,6,2025,1,single,1.9459101490553132
341660,Femboy Futa House,Adventure|Role-playing (RPG)|Simulator|Visual Novel,85.86776859504133,7,2025,1,single,2.0794415416798357
341687,Blue Protocol: Star Resonance,Adventure|Role-playing (RPG),75.59116598311559,27,2025,3,multi,3.332204510175204
341844,Poco,Adventure|Indie|Point-and-click,80.05275146864884,9,2025,2,multi,2.302585092994046
342205,The Mr. Rabbit Magic Show,Adventure|Indie|Point-and-click|Puzzle,62.00649611281557,14,2025,4,multi,2.70805020110221
342382,Madden NFL 26,Simulator|Sport|Strategy,68.48305719164101,8,2025,4,multi,2.1972245773362196
342489,Misery,Adventure|Indie|Shooter|Simulator,79.65363441477814,4,2025,1,single,1.6094379124341003
342566,S.p.l.i.t,Indie|Puzzle|Simulator|Visual Novel,83.59550561797754,6,2025,2,multi,1.9459101490553132
342919,Europa Universalis V,Strategy,81.63651445685298,13,2025,1,single,2.6390573296152584
344057,The New Flesh,Indie,79.83642199759588,5,2025,1,single,1.791759469228055
344670,"Warhammer 40,000: Boltgun – Words of Vengeance",Shooter,70.01990049751244,7,2025,1,single,2.0794415416798357
345514,Outhold,Simulator|Strategy,70.21105978236487,5,2025,2,multi,1.791759469228055
346035,Ball x Pit,Arcade|Indie|Shooter,74.61226524280288,54,2025,6,multi,4.007333185232471
346233,Dead Reset,Adventure,66.87678052370654,8,2025,9,multi,2.1972245773362196
347265,Who's at the Door?,Adventure|Indie|Puzzle|Simulator,60.53206812693518,12,2025,1,single,2.5649493574615367
347646,LEGO Voyagers,Adventure|Platform|Puzzle,70.11993516329335,13,2025,6,multi,2.6390573296152584
347661,LEGO Party!,Arcade|Card & Board Game,70.97314375470972,6,2025,6,multi,1.9459101490553132
348217,Keeper,Adventure,79.78707695694966,25,2025,2,multi,3.258096538021482
348220,Call of Duty: Black Ops 7,Shooter,40.67798072642766,71,2025,5,multi,4.276666119016055
348639,Dogwalk,Indie,78.93995394089877,9,2025,3,multi,2.302585092994046
349524,Peak,Adventure|Indie|Platform,77.50763944194009,135,2025,1,single,4.912654885736052
349830,Crate Fang,Puzzle|Strategy,63.04761904761904,6,2025,3,multi,1.9459101490553132
349928,Keep on Mining!,Indie,60.69138980036374,5,2025,1,single,1.791759469228055
350249,Chaos Zero Nightmare,Adventure|Fighting|Role-playing (RPG)|Strategy|Turn-based strategy (TBS),88.22222222222223,12,2025,3,multi,2.5649493574615367
350466,Sector Force,Arcade|Indie|Shooter,73.33333333333333,6,2025,4,multi,1.9459101490553132
350483,Fever Meme,Adventure|Indie|Platform|Puzzle,72.29465018729954,6,2025,1,single,1.9459101490553132
351103,Road to Empress I,Adventure|Indie|Role-playing (RPG),88.76189318424954,5,2025,1,single,1.791759469228055
351690,Dread Flats,Adventure|Indie|Role-playing (RPG)|Simulator,48.0,5,2025,1,single,1.791759469228055
353848,EA Sports FC 26,Simulator|Sport,55.70454903634759,36,2025,7,multi,3.6109179126442243
353901,NBA 2K26,Simulator|Sport,73.34740333988385,14,2025,7,multi,2.70805020110221
356003,Buddy Garden,Puzzle,63.2,6,2025,3,multi,1.9459101490553132
356430,Shelldiver,Adventure,70.3010318136231,6,2025,1,single,1.9459101490553132
358526,Once Upon a Katamari,Adventure|Puzzle,74.95057815452641,7,2025,4,multi,2.0794415416798357
358734,Tofu Dream,Adventure|Platform,65.42857142857143,5,2025,3,multi,1.791759469228055
358751,SpongeBob SquarePants: Titans of the Tide,Adventure|Platform,60.27820470316201,10,2025,4,multi,2.3978952727983707
361573,Rule34dle,Indie|Quiz/Trivia,71.0,11,2025,1,single,2.4849066497880004
362067,NASCAR 25,Racing|Simulator|Sport,69.98498316623336,5,2025,3,multi,1.791759469228055
363370,Train Sim World 6,Simulator|Strategy,83.33333333333334,5,2025,5,multi,1.791759469228055
365243,Calyssa,Adventure|Arcade|Platform,63.2,7,2025,5,multi,2.0794415416798357
365487,Football Manager 26,Simulator|Sport|Strategy,69.62176261258342,9,2025,2,multi,2.302585092994046
366670,>Start ai,Point-and-click|Puzzle,75.3932584269663,6,2025,2,multi,1.9459101490553132
366875,Upload Labs,Simulator,74.03022670025189,5,2025,2,multi,1.791759469228055
366916,LinkedIn or Interpol,Quiz/Trivia,60.71428571428571,13,2025,1,single,2.6390573296152584
368744,Legend of Ymir,Adventure|Role-playing (RPG)|Strategy,83.33333333333334,25,2025,2,multi,3.258096538021482
369077,Agreeee,Indie,45.71428571428571,7,2025,1,single,2.0794415416798357
369592,PBA Pro Bowling 2026,Indie|Simulator|Sport,82.0,5,2025,4,multi,1.791759469228055
370257,Orchard Odyssey: Cherry Chase,Adventure|Platform,87.69230769230771,10,2025,2,multi,2.3978952727983707
370380,Messenger,Adventure|Indie,70.0,6,2025,1,single,1.9459101490553132
371393,Battlefield REDSEC,Shooter,70.06818363516616,24,2025,3,multi,3.2188758248682006
373580,RV There Yet?,Adventure|Indie,63.06734636323671,35,2025,1,single,3.58351893845611
375440,Orchard Odyssey: Pumpkin Party,Adventure|Platform,84.11347517730496,8,2025,2,multi,2.1972245773362196
376092,Silly Survivors,Indie,98.62068965517241,7,2025,1,single,2.0794415416798357
376206,Leaf It Alone,Indie|Simulator,73.92170877624736,10,2025,1,single,2.3978952727983707
376847,Z.A.T.O.: I Love the World and Everything In It,Indie|Visual Novel,87.82474844142057,7,2025,3,multi,2.0794415416798357
378134,Dismayed,Adventure|Indie|Role-playing (RPG),72.92134831460675,4,2025,1,single,1.6094379124341003
381894,My Voice Zoo,Indie|Simulator,82.6002703878705,35,2025,1,single,3.58351893845611
391146,Orchard Odyssey: Chestnut Christmas,Adventure|Platform,91.48243992606284,8,2025,2,multi,2.1972245773362196
